SampleDate,SITEID,SampleTime,SiteDescription,Latitude,Longitude,SampleID,Site,PFBA,PFMPA,3:3 FTCA,PFPeA,PFMBA,4:2 FTS,NFDHA,PFHxA,PFBS,HFPO-DA,5:3 FTCA,PFEESA,PFHpA,PFPeS,ADONA,6:2 FTS,PFOA,PFHxS,7:3 FTCA,PFNA,PFHpS,8:2 FTS,N-MeFOSAA,PFDA,N-EtFOSAA,PFOS,PFUnDA,9Cl-PF3ONS,PFNS,PFDoDA,PFOSA,PFDS,PFTrDA,11Cl-PF3OUdS,PFTeDA,PFDoDS,N-MeFOSE,N-MeFOSA,N-EtFOSE,N-EtFOSA,CL,COND25,DEPTH,DO,FIELD_NO3,PH,FLOW,NH3_N,OP,OX_N,SCA,SK,SMG,SNA,SO4,STAGE,WTEMP,TSS,TALK,DOC,ORP,PALK,SECCHI,TDN,TDS,TOC,TP,TSP,TN,TURB,PPT_7D,PPT_30D,PPT_90D,PPT_MAX1D_30D,WET_DAYS_30D,DRY_SPELL_30D,HEAVY_RAIN_DAYS_7D_10MM,HEAVY_RAIN_DAYS_7D_25MM,HEAVY_RAIN_DAYS_30D_10MM,HEAVY_RAIN_DAYS_30D_25MM,HEAVY_RAIN_DAYS_30D_P90,TMEAN_30D,TMEAN_90D,GDD_90D,HEAT_DAYS_30D,VPDMAX_MEAN_7D,VPDMAX_MEAN_30D,VPDMIN_MEAN_30D,VPDMAX_MAX_30D,HIGH_VPD_DAYS_30D,VPD_CONTRAST_7D_30D,ARIDITY_PROXY_30D,MONTH,GROWING_SEASON,PPT_DAY,TMEAN_DAY,TMAX_DAY,TMIN_DAY,VPDMAX_DAY,VPDMIN_DAY,VPDMEAN_DAY,Developed_1KM,Forest_1KM,Agriculture_1KM,Wetlands_1KM,Water_1KM,Barren_1KM,Shrubland_1KM,Grassland_1KM,Developed_2KM,Forest_2KM,Agriculture_2KM,Wetlands_2KM,Water_2KM,Barren_2KM,Shrubland_2KM,Grassland_2KM,Date
6/17/2024,S1,11:40,Sand Branch at Willard Rd,38.925514,-77.486961,24-1755,FLOAT D2,3.76,1.43,0,0,0,0,0,2.25,2.95,0,0,0,0.47,0.08,2.79,4.06,-0.25,2.34,0,-0.54,0,0,0,0,0,2.04,0,0,0,0,0,0,0,0,0,0,3.03,0,0,0,23.6,1270,,8.88,,,,0.03,<0.01,0.2,170,1.66,61.7,37,532,,23.6,7.4,,,,,,,,,,,,,2.01,54.11,203.89,12.17,8,6,0,0,2,0,3,21.9,16.55222222,641.4,1,24.45285714,20.92533333,1.876333333,33.24,4,3.52752381,2.585860839,6,1,0,24.2,30.1,18.4,24.76,4.95,14.855,29.02208202,42.38600516,2.896472613,1.864066533,0.028677947,21.39374821,1.347863493,1.061084026,46.84833274,34.4209394,3.234134098,1.556113302,0.050197203,9.946217282,0.817497311,3.126568663,6/17/2024
2/20/2024,S10,9:50,Cub Run upstream of US 50,38.909257,-77.466674,24-0347,PF05,28.36,0.08,0,103.7920966,0.06,-0.05,-0.25,59.00525599,7.59,0.8,3.67,0.14,25.52,5.26,0.51,335.5324119,23.63,33.64284602,3.04,7.14,0.94,6.91,0,0.96,0,32.58,0.22,0.47,0.39,-0.13,0.24,-0.25,0,-0.52,-0.06,-0.13,2.7,0.43,0.34,0.23,99.2,986,,11.5,,7.7,,0.01,<0.01,0.56,103,6.92,31.5,69.7,233,,6.1,21.3,,,,,,,,,,,,,27.72,72.69,190.05,35.07,8,13,1,0,2,1,2,4.756666667,3.41,16.3,0,6.374285714,6.678,0.925666667,17.83,0,-0.303714286,10.88499551,2,0,0,2.2,9.1,-4.7,7.96,0.68,4.32,73.93174649,14.85517637,0.68827072,9.664468024,0.143389733,0,0.716948666,0,69.40619621,23.88841079,0.839070568,4.410499139,0.157773953,0.860585198,0.437464142,0,2/20/2024
4/15/2024,S10,10:20,Cub Run upstream of US 50,38.909257,-77.466674,24-0793,PF05,24.67,0.24,0,86.54,0,0.71,-0.05,52.86,8.16,1.05,4.9,0,22.22,4.62,0.85,282.39,21.5,43.11,0,6.46,0.78,6.86,0.32,1.41,0.45,29.56,0.12,0.8,0,-0.07,0.12,0,0,0,0,0,0,0.12,0,0,57.4,918,,7.77,,7.6,,0.06,0.01,0.34,101,3.79,33.4,49.2,263,,,5.6,,,,,,,,,,,,,5.46,82.72,246.28,19.66,9,7,0,0,4,0,5,10.47666667,7.137777778,109.2,0,16.22285714,11.717,1.759,21.32,0,4.505857143,7.059827601,4,1,0,20.2,28.1,12.3,27.74,4.92,16.33,73.93174649,14.85517637,0.68827072,9.664468024,0.143389733,0,0.716948666,0,69.40619621,23.88841079,0.839070568,4.410499139,0.157773953,0.860585198,0.437464142,0,4/15/2024
5/20/2024,S10,10:00,Cub Run upstream of US 50,38.909257,-77.466674,24-1326,PF05,17.82,-1.02,0,66.21,0,0,0,34.48,2.1,0,0,0,16.13,2.12,-0.61,0,19.33,22.18,0,5.28,0.97,2.1,0,0.73,0,26.87,-0.54,-0.82,0,0,0,0,0,0,0,0,-2.97,0,-1.58,0.58,52.4,705,,10.6,,,,0.08,0.02,0.37,69.9,6.1,21.2,43.7,154,,16.5,18.7,123.6,,,,,,,,,,,,28.26,83.34,239.38,15.92,12,8,1,0,4,0,5,16.78666667,12.49333333,344.8,2,10.53714286,14.926,1.613,34.47,3,-4.388857143,5.583545491,5,1,0,18.6,24,13.3,12.69,0.64,6.665,73.93174649,14.85517637,0.68827072,9.664468024,0.143389733,0,0.716948666,0,69.40619621,23.88841079,0.839070568,4.410499139,0.157773953,0.860585198,0.437464142,0,5/20/2024
6/17/2024,S10,9:45,Cub Run upstream of US 50,38.909257,-77.466674,24-1751,PF05,9.36,1.47,0,21.9,0.94,0,0,14.37,4.62,0,0,0,5.32,1.34,2.87,31.51,3.64,9.07,0,0.73,0,2.37,0,0.56,0,13.41,1.99,0,0,0,0,0,0,0,0,0,3.22,0,0,0,36.8,1210,,7.27,,,,0.04,0.01,0.16,150,2.74,53.1,43.3,442,,24.2,5.4,,,,,,,,,,,,,2.87,54.67,207,12.82,9,6,0,0,2,0,2,22.02333333,16.65,649.1,1,25.01714286,21.616,2.152666667,33.79,3,3.401142857,2.529145078,6,1,0,24.4,30.2,18.6,25.44,5.71,15.575,73.93174649,14.85517637,0.68827072,9.664468024,0.143389733,0,0.716948666,0,69.40619621,23.88841079,0.839070568,4.410499139,0.157773953,0.860585198,0.437464142,0,6/17/2024
7/15/2024,S10,8:25,Cub Run upstream of US 50,38.909257,-77.466674,24-2126,PF05,19.01,1.11,0,67.77,0.81,1.48,0,37.93,7.09,-0.09,19.34,0,14.05,2.09,2.02,136.13,11.69,11.22,0,4.67,0.62,-0.92,0,3.18,0,19.7,0.27,0,0.82,0,0.53,0,0,0,0,0,0,0,0,0,44.7,1040,,6.61,,,,0.05,0.02,0.18,128,4.07,40.6,45.8,334,,26.9,8.7,,,,,,,,,,,,,30.13,60.8,184.49,17.14,7,11,2,0,4,0,4,26.75,21.78666667,1063.6,20,28.88714286,30.50166667,3.758333333,42.66,20,-1.61452381,1.993333698,7,1,0,30.1,36.3,23.8,42.46,4.07,23.265,73.93174649,14.85517637,0.68827072,9.664468024,0.143389733,0,0.716948666,0,69.40619621,23.88841079,0.839070568,4.410499139,0.157773953,0.860585198,0.437464142,0,7/15/2024
8/19/2024,S10,9:45,Cub Run upstream of US 50,38.909257,-77.466674,24-2439,PF05,17.18,0.79,0,48.99,1.16,0,0,29.63,7.44,1.78,0,0,11.52,2.88,2.44,64.17,11.79,8.08,-4.05,4.3,0.94,5.66,0,3.25,0,18.1,2.57,0,0.28,0,1.03,0,0,0,1.16,0,0,0,0,0,,591,,7.06,,,,0.04,0.04,0.21,53.8,4.6,15.4,40.6,,,23.2,9.9,,,,,,,,,,,,,6.53,75.07,188.3,22.95,10,9,0,0,3,0,3,26.13,25.46555556,1391.9,10,25.20428571,26.22033333,2.063666667,43.09,14,-1.016047619,2.863045219,8,1,19.17,25.8,31.3,20.2,22.03,0.92,11.475,73.93174649,14.85517637,0.68827072,9.664468024,0.143389733,0,0.716948666,0,69.40619621,23.88841079,0.839070568,4.410499139,0.157773953,0.860585198,0.437464142,0,8/19/2024
9/16/2024,S10,9:05,Cub Run upstream of US 50,38.909257,-77.466674,24-2904,PF05,14.54,1.37,0,22.49,1.28,0,0,14.08,5.75,0,0,0,9.66,2.99,3.01,9.05,10.98,12.96,21.89,1.8,0,3.96,0,0,0,13.99,0,0,0,0,0,0,0,0,0,0,0,0,10.66,0,34.8,1170,,6.65,,,,0.21,0.02,1.16,146,2.79,49.2,44.3,413,,19.3,7.2,,,,,,,,,,,,,0,70.11,213.66,37.69,5,14,0,0,2,1,2,21.86333333,25.16222222,1364.6,4,23.57428571,22.07966667,1.583666667,41.55,4,1.494619048,3.175319676,9,1,0,21,28,14.1,21.68,1.74,11.71,73.93174649,14.85517637,0.68827072,9.664468024,0.143389733,0,0.716948666,0,69.40619621,23.88841079,0.839070568,4.410499139,0.157773953,0.860585198,0.437464142,0,9/16/2024
10/21/2024,S10,8:30,Cub Run above US50,38.909257,-77.466674,24-3364,PF05,18.79,1.86,0,37.98,2.22,0,0,20.99,5.12,0,0,0,10.11,2.86,4.58,52.52,7.09,12.72,0,2.97,0,4.71,0,0.41,0,12.91,0,0,0,0,0,0,0,0,0,0,10.61,0,0,0,29.7,1320,,9.83,,,,0.01,0.01,1.31,176,2.82,59.2,43.2,543,,13.4,3.7,,,,,,,,,,,,,0,71.79,220.25,34.26,9,18,0,0,2,1,2,17.07,21.43222222,1032.1,0,14.64142857,11.948,0.730333333,23.7,0,2.693428571,6.008536994,10,1,0,14.7,24.4,5,23.09,0.54,11.815,73.93174649,14.85517637,0.68827072,9.664468024,0.143389733,0,0.716948666,0,69.40619621,23.88841079,0.839070568,4.410499139,0.157773953,0.860585198,0.437464142,0,10/21/2024
11/18/2024,S10,10:40,Cub Run above US50,38.909257,-77.466674,24-3575,PF05,14.89,0.43,0,25.63,0.34,0,0,18.66,3.16,0,0,0,8.64,1.37,0.55,0,5.38,11.31,8.94,1.31,0.39,0,0,0,0,10.33,0,0,0,0,0,0,0,0,0,0,-2.08,0,0,0,30.7,1270,,12,,,,0.02,<0.01,0.08,158,3.02,52.5,38.1,466,,10.3,1.4,,,,,,,,,,,,,14.96,14.96,143.27,8.48,2,23,0,0,0,0,1,13.15666667,17.39666667,684,0,10.11571429,15.62466667,1.262333333,26.43,0,-5.508952381,0.957460426,11,0,0,8.6,15.1,2.1,9.74,0.63,5.185,73.93174649,14.85517637,0.68827072,9.664468024,0.143389733,0,0.716948666,0,69.40619621,23.88841079,0.839070568,4.410499139,0.157773953,0.860585198,0.437464142,0,11/18/2024
12/9/2024,S10,12:10,Cub Run above US50,38.909257,-77.466674,24-3689,PF05,15.48,-0.23,0,32.57,0.37,0,0,18.06,4.54,0,0,0,8.18,2.18,0,66.55,3.22,9.63,0,2,0.45,2.48,0,1.38,0,9.49,0,0,0,0,0,0,0,0,0,0,4.64,0,4.06,0,30.7,1080,,11.7,,,,0.01,<0.01,0.28,161,2.77,52.4,38.2,459,,5.6,1.6,,,,,,,,,,,,,0,45.67,129.57,15.36,6,10,0,0,1,0,2,6.406666667,13.44555556,446.1,0,5.325714286,8.546,1.189,20.55,0,-3.220285714,5.344020594,12,0,0,10.2,18.5,1.8,15.69,1.59,8.64,73.93174649,14.85517637,0.68827072,9.664468024,0.143389733,0,0.716948666,0,69.40619621,23.88841079,0.839070568,4.410499139,0.157773953,0.860585198,0.437464142,0,12/9/2024
1/17/2025,S10,10:00:00 AM,Cub Run above US50,38.909257,-77.466674,25-0020,PF05,29.85,0.22,0,0,1.21,0,0,72.37,10.17,0,0,0,28.14,4.81,0,316.63,16.94,32.17,-4.18,0,0,3.5,0,0,0,15.65,0,0,0,0,0,0,0,0,0,0,7.49,0,11.22,0.36,197,1690,,14.2,,6.8,,<0.01,<0.01,0.52,158,19.7,46.2,135,345,,0.8,1.9,,,,,,,,,,,,,2.12,45.26,144.37,9.55,8,8,0,0,0,0,1,1.103333333,6.361111111,121.9,0,4.527142857,4.891666667,0.875333333,12.1,0,-0.36452381,9.252470187,1,0,0.26,-3.4,1.8,-8.5,3.41,0.71,2.06,73.93174649,14.85517637,0.68827072,9.664468024,0.143389733,0,0.716948666,0,69.40619621,23.88841079,0.839070568,4.410499139,0.157773953,0.860585198,0.437464142,0,1/17/2025
2/18/2025,S10,10:20:00 AM,Cub Run above US50,38.909257,-77.466674,25-0127,PF05,32.5,0.99,0,86.39,0.08,0,0,49.87,7.26,0,0,0,23.81,5.88,0,230.93,20.24,49.62,0,5.9,0.58,4.86,0,2.55,0,43.78,0,0,0.24,0,0,0,0,0,0.13,0,2.03,0,3.47,0,190,1060,,14.8,,7.6,,<0.01,<0.01,0.86,72,8.2,18.7,113,113,,0.9,14.9,,,,,,,,,,,,,44.79,93.59,223.26,17.7,9,10,2,0,4,0,5,1.13,2.09,7.9,0,5.271428571,5.57,0.817,13.37,0,-0.298571429,16.80251346,2,0,0,-0.2,4.5,-4.9,5.79,2.52,4.155,73.93174649,14.85517637,0.68827072,9.664468024,0.143389733,0,0.716948666,0,69.40619621,23.88841079,0.839070568,4.410499139,0.157773953,0.860585198,0.437464142,0,2/18/2025
3/19/2025,S10,9:25:00 AM,Cub Run above US50,38.909257,-77.466674,25-0361,PF05,18.84,0.55,0,61.09,0.23,0,0,38.52,5.97,0,0,0,17.1,4.22,0,118.06,13.64,29.5,0,3.14,0.87,3.39,0,1.04,0,22.12,0,0,0,0,0,0,0,0,0,0,3.2,0,4.83,0,174,1460,,7.7,,7.6,,0.03,<0.01,0.17,143,6.7,44.3,110,347,,9.6,1.8,,,,,,,,,,,,,5.07,28.13,158.17,13.99,3,16,0,0,1,0,2,5.95,2.536666667,20.3,0,11.10571429,9.838333333,1.661666667,22.39,0,1.267380952,2.859224123,3,0,0,10.6,19.8,1.4,18.68,1.49,10.085,73.93174649,14.85517637,0.68827072,9.664468024,0.143389733,0,0.716948666,0,69.40619621,23.88841079,0.839070568,4.410499139,0.157773953,0.860585198,0.437464142,0,3/19/2025
4/21/2025,S10,8:40:00 AM,Cub Run above US50,38.909257,-77.466674,25-0939,PF05,22.74,0.04,0,60.25,-0.03,0,0,37.99,7.25,0,0,0,17.73,3.64,0,126.04,12.58,29.46,0,3.51,0,3.08,0,2.33,0,26,0,0,0,0,0,0,0,0,-0.34,0,0,0,0,0,90.6,1280,,4.98,,7.3,,<0.01,<0.01,0.17,136,5.12,41.9,63.8,376,,14.7,3.5,,,,,,,,,,,,,4.26,56.28,166.6,17.1,8,10,0,0,2,0,2,12.41,6.816666667,129.1,0,17.68714286,13.30366667,1.991666667,26.99,0,4.38347619,4.230412668,4,1,0,18.4,23.6,13.2,16.69,5.24,10.965,73.93174649,14.85517637,0.68827072,9.664468024,0.143389733,0,0.716948666,0,69.40619621,23.88841079,0.839070568,4.410499139,0.157773953,0.860585198,0.437464142,0,4/21/2025
5/19/2025,S10,8:50:00 AM,Cub Run above US50,38.909257,-77.466674,25-1387,PF05 ,7.12,0.43,0,0,0,0,0,4.08,4.07,0,0,0,2.1,0,0.81,1.54,3.51,1.64,0,1.46,0,0,0,0.86,0,3.41,0,0,0,0,0,0,0,0,0,0,0,0.46,0,0,60.9,1030,,5.04,,7.3,,0.07,<0.01,0.68,103,5.61,31.6,55.5,261,,18.1,6.4,,,,,,,,,,,,,52.38,112.7,193.27,35.32,11,7,2,1,5,1,6,19.42666667,12.47222222,390.2,0,17.54,18.30066667,1.712666667,30.7,1,-0.760666667,6.158245601,5,1,0,19.1,25.2,13,18.89,2.84,10.865,73.93174649,14.85517637,0.68827072,9.664468024,0.143389733,0,0.716948666,0,69.40619621,23.88841079,0.839070568,4.410499139,0.157773953,0.860585198,0.437464142,0,5/19/2025
6/16/2025,S10,8:20:50 AM,Cub Run above US50,38.909257,-77.466674,25-1761,PF05,15.74,0.69,0,0,0,0,0,7.6,7.72,0,0,0,3.21,0,1.35,1.51,0,1.22,0,1.99,0,0,0,0,0,4.72,0,0,0,0,0,0,0.71,0,0,0,0,0,0,0,12,126,,6.76,,6.4,,0.05,0.03,0.16,7.63,1.86,2.09,12.6,<5.00,,18.1,19,,,,,,,,,,,,,71.5,150.52,324.19,35.26,12,6,3,1,6,1,7,19.74666667,16.68777778,636.8,1,20.42571429,17.878,1.357,30.7,2,2.547714286,8.419286274,6,1,34.79,18.1,19.5,16.7,1.76,0.37,1.065,73.93174649,14.85517637,0.68827072,9.664468024,0.143389733,0,0.716948666,0,69.40619621,23.88841079,0.839070568,4.410499139,0.157773953,0.860585198,0.437464142,0,6/16/2025
7/16/2025,S10,6:45:00 AM,Cub Run above US50,38.909257,-77.466674,25-2055,PF05,17.26,0.14,0,41.12,0.03,0,0,23.41,5.48,0,0,0,9.36,1.9,0,96.93,9.78,13.66,0,2.77,0.37,2.64,0,1.37,0,16.35,0,0,0,0,0,0,0,0,0,0,0,0,0,0,56.1,1090,,5.78,,7.4,,0.04,0.02,0.34,118,3.9,37.7,51.5,321,,23.6,12.4,,,,,,,,,,,,,41.11,136.32,399,34.79,14,5,2,0,5,1,7,26.27,21.49,1035.3,17,21.86857143,22.68466667,1.104333333,37.55,10,-0.816095238,6.00934552,7,1,0,27.6,32.5,22.6,21.78,0.81,11.295,73.93174649,14.85517637,0.68827072,9.664468024,0.143389733,0,0.716948666,0,69.40619621,23.88841079,0.839070568,4.410499139,0.157773953,0.860585198,0.437464142,0,7/16/2025
8/12/2025,S10,10:45:07AM,Cub Run above US50,38.909257,-77.466674,25-2379,PF05,6.62,0.04,0,6.26,0,0,0,4.06,2.11,0,0,0,2.28,0.87,0,3.27,2.46,5.33,0,0.92,0.11,0,0,0,0,5.29,0,0,0,0,0,0,0,0,0,0,0,0,0,0,29.8,1380,,7.34,,7.8,,0.03,<0.01,0.35,181,2.4,61.4,39.7,584,,23.6,11,,,,,,,,,,,,,0,60.97,368.29,14.28,8,9,0,0,3,0,3,25.68333333,23.65666667,1229.1,12,22.00857143,22.85566667,1.013,32.36,5,-0.847095238,2.667609783,8,1,0,25.3,30.3,20.4,19.45,0.46,9.955,73.93174649,14.85517637,0.68827072,9.664468024,0.143389733,0,0.716948666,0,69.40619621,23.88841079,0.839070568,4.410499139,0.157773953,0.860585198,0.437464142,0,8/12/2025
9/8/2025,S10,8:00:00 AM,Cub Run above US50,38.909257,-77.466674,25-2705,PF05,4.8,,,5.39,,,,3.33,2.13,,,,1.38,0.77,,,2.4,5.63,,,,,,,,2.99,0.6,,,,,,,,,,,,,,27.5,1420,,8.42,,7.6,,0.03,0.01,0.03,186,2.1,65.2,38.1,600,,18,20.3,,,,,,,,,,,,,3.18,27.44,256.88,12.9,4,19,0,0,1,0,1,22.46666667,24.79,1331.1,3,24.99285714,21.606,1.194666667,32.11,4,3.386857143,1.270017588,9,1,0,16.9,25,8.9,22.08,1.58,11.83,73.93174649,14.85517637,0.68827072,9.664468024,0.143389733,0,0.716948666,0,69.40619621,23.88841079,0.839070568,4.410499139,0.157773953,0.860585198,0.437464142,0,9/8/2025
10/6/2025,S10,8:20,Cub Run above US50,38.909257,-77.466674,25-2992,PF05,7.14,0,0,10.33,0.03,0,0.17,6.11,3.53,0,0,0,3.02,0.72,0.05,6.77,4.7,4.66,0,0.96,0,0,0,0,0,4.63,0,0,0,0,0,0,0,0,0,0,0,0,0,0,29.9,1400,,7.24,,7.6,,0.02,0.01,0.18,176,2.45,60.8,39.9,553,,17.3,9.1,,,,,,,,,,,,,0,37.91,146.35,24.81,6,10,0,0,1,0,1,20.33666667,23.08444444,1177.6,1,17.31285714,18.55666667,1.187333333,32.11,5,-1.243809524,2.042931561,10,1,0,19,27.1,11,21.66,0.26,10.96,73.93174649,14.85517637,0.68827072,9.664468024,0.143389733,0,0.716948666,0,69.40619621,23.88841079,0.839070568,4.410499139,0.157773953,0.860585198,0.437464142,0,10/6/2025
8/21/2024,S11,10:50,Rocky Run at Stringfellow Rd,38.868256,-77.40711,24-2454,FLOAT G1,2.01,0.76,0,11.55,0,0,0,9.35,7.12,1.88,0,1.22,4.38,0,2.58,0,10.06,1.88,2.04,10.52,0,0,0,1.74,0.57,8.91,2.98,0,0,0.44,0.95,0,0.58,0,0,0,9.8,0,0,0,,285,,8.08,,,,0.03,0.02,0.28,17.1,1.67,6.14,24.9,,,19.1,<1.0,,,,,,,,,,,,,23.25,101.54,235.87,24.62,12,7,1,0,4,0,4,25.98,25.40777778,1386.7,10,24.55285714,26.631,1.768666667,43,14,-2.078142857,3.812849686,8,1,0.13,17,23.3,10.7,17.14,2.11,9.625,91.10473458,4.992826399,0,3.902439024,0,0,0,0,89.72043011,8.996415771,0,1.283154122,0,0,0,0,8/21/2024
12/9/2024,S12,13:15,Big Rocky Run behind Whole Foods,38.857889,-77.374888,24-3693,FLOAT G2,110.56,0.33,0,202.66,0.44,0,0,110.23,8.51,0,11.38,0,69.7,3.34,0.87,121.59,72.1,11.71,-6.95,479.84,0,30.33,0,8.61,0,14.06,21.22,0,0,0,0,0,1.17,0,0,0,5.54,0,4,0,99.8,411,,8.93,,6.4,,0.48,<0.01,0.53,22.8,3.69,8.85,42.7,10.3,,8.6,7.2,,,,,,,,,,,,,0,51.02,138.89,18.08,7,9,0,0,2,0,2,5.996666667,13.24777778,438.9,0,5.084285714,7.452666667,1.046333333,17.93,0,-2.368380952,6.845871724,12,0,0,10.5,18.6,2.4,15.95,1.85,8.9,99.79931193,0.086009174,0,0,0.114678899,0,0,0,93.52017777,5.798867465,0,0.566267651,0.114687119,0,0,0,12/9/2024
2/18/2025,S12,1:45:00 PM,Big Rocky Run behind Whole Foods,38.857889,-77.374888,25-0130,FLOATG2,60.14,1.05,0,189.81,0.11,-0.63,0,117.62,6.72,0,0,0,64.15,3.02,0,130.86,74.25,16.53,0,525.55,0.33,8.43,0,5.36,0,8.95,10.46,0,0.23,0,0,0,0,0,0.28,0,2.05,0,0,0.35,522,1780,,12.1,,6.7,,0.18,<0.01,0.89,40,3.46,13.4,286,7.24,,3.1,4,,,,,,,,,,,,,48.03,99.94,243.84,17.51,10,10,3,0,5,0,5,1.263333333,2.118888889,7.8,0,4.788571429,5.303333333,0.84,12.32,0,-0.514761905,18.84475173,2,0,0,-0.3,4.3,-4.9,5.63,2.47,4.05,99.79931193,0.086009174,0,0,0.114678899,0,0,0,93.52017777,5.798867465,0,0.566267651,0.114687119,0,0,0,2/18/2025
4/21/2025,S12,10:50:58 AM,Big Rocky Run at I-66,38.857889,-77.374888,25-0942,FLOATG2,79.29,0.01,0,299.91,-0.02,0.61,0,181.89,10.17,0,0,0,104.15,3.82,0,173.92,114.41,27.36,-2.71,892.84,0,12.03,0,7.6,0,17.31,17.09,0,0,0,0,0,0.57,0,0,0,0,0,0,0,283,1050,,8.65,,6.5,,0.19,<0.01,0.8,33,3.35,15.3,126,<5.00,,13.4,3.1,,,,,,,,,,,,,3.92,69.8,189.99,24.37,7,10,0,0,2,0,3,12.41333333,6.838888889,130.3,0,16.91714286,12.979,1.977,27.17,1,3.938142857,5.377918176,4,1,0,18.5,23.5,13.5,16.5,5.22,10.86,99.79931193,0.086009174,0,0,0.114678899,0,0,0,93.52017777,5.798867465,0,0.566267651,0.114687119,0,0,0,4/21/2025
10/21/2024,S13,10:30,Fairfax Landfill,38.848272,-77.386937,24-3367,FLOATI1,69.84,1.83,0,75.22,2.07,0,0,48.22,5.78,0,26.85,0,19.07,2.54,4.66,7.71,21.88,7.21,0,16.61,1.11,0,0,2.18,0,8.83,0,0,0,0,0,0,0,3.72,0,0,9.47,0.65,8.9,0,520,1880,,7.18,,,,4.43,<0.01,0.15,128,18.1,61.3,126,14.6,,11.5,9.4,,,,,,,,,,,,,0,62.94,239.5,16.04,9,18,0,0,2,0,2,16.84666667,21.10111111,1003.7,0,13.93428571,11.36433333,0.504666667,23.02,0,2.569952381,5.538380313,10,1,0,13.6,23.8,3.4,21.47,0.34,10.905,87.97939325,11.99198626,0,0,0.028620492,0,0,0,86.93751791,12.5609057,0.042992261,0.329607337,0.078819146,0,0,0.050157638,10/21/2024
12/9/2024,S13,11:10,Little Rocky Run Fairfax Landfill,38.848272,-77.386937,24-3799,FLOATI1,51.82,0.02,0,37.57,0.87,0,0,27.11,5.06,0,0,0,10.42,0,0,5.17,9.38,4.31,-14.61,0,0,0,0,0,0,0,2.14,0,0,0,0,0,0,0,0,0,9.34,0,9.54,0,,672,,6.27,,,,0.04,0.02,0.03,35.1,7.07,12.9,72.9,,,7.4,23.7,,,,,,,,,,,,,0,50.24,132.35,17.5,7,9,0,0,2,0,2,5.803333333,13.02,426.5,0,5.064285714,7.272666667,0.938,17.81,0,-2.208380952,6.908057567,12,0,0,10.3,18.4,2.1,15.6,1.69,8.645,87.97939325,11.99198626,0,0,0.028620492,0,0,0,86.93751791,12.5609057,0.042992261,0.329607337,0.078819146,0,0,0.050157638,12/9/2024
5/19/2025,S14,1:22:00 PM,Trapp Branch,38.81986,-77.73179,25-1391,FLOATM1,0,0.39,0,0,0,0,0,0.96,1.2,0,0,0,0.73,0,0,0,0,1.56,0,0.71,0,0,0,0,0,2.24,0,0,0.55,0,0,0,0,0,0.47,0,0,0,0,0,9.69,114,,8.45,,7.4,,0.06,0.02,1.45,13.8,2.1,5.67,4.82,7,,22.1,21.5,,,,,,,,,,,,,71.5,156.14,231.33,36.68,11,7,3,1,6,2,7,18.73666667,11.81333333,354.5,0,13.24714286,15.185,1.374333333,23.28,0,-1.937857143,10.28251564,5,1,0,18.5,23.7,13.2,14.18,2.45,8.315,8.106559725,27.75708966,63.16241765,0.515611573,0.286450874,0,0,0.171870524,8.081170228,45.12404991,44.98781012,1.61336584,0.136239782,0,0.007170515,0.050193604,5/19/2025
2/1/2024,S15,12:30,Bull Run at Rt 28,38.8030556,-77.4497222,24-0213,ST45,5.55,0.09,0,12.14,-0.62,-0.63,-0.95,9.52,6.94,-0.86,-10.95,-0.69,4.5,-0.93,-0.89,17.74,9.24,4.44,-6.64,1.88,-0.04,0.73,0.39,0.55,0.72,3.89,-0.15,-1.61,-0.48,-0.14,0.04,-0.23,-0.58,-1.48,-0.51,-0.06,-1.63,-0.31,-3.53,-0.32,106,568,,11.7,,7.3,278.4,0.01,0.02,2.46,43.3,5.49,9.23,58.1,36.9,3.93,7.8,4.3,,,,,,,,,,,,,50.09,174.35,174.35,50.03,11,5,1,1,5,3,5,2.143333333,2.222580645,11.7,0,6.288571429,5.204666667,0.495333333,18.76,0,1.083904762,33.49878314,2,0,0,1.7,5.9,-2.5,2.63,0.27,1.45,42.10074413,40.98454493,3.14825415,7.126502576,6.410990269,0,0.085861477,0.143102461,59.5553962,30.46253137,1.039799211,6.905700968,1.821441377,0,0.179275726,0.035855145,2/1/2024
3/18/2024,S15,12:45,Bull Run at Rt 28,38.8030556,-77.4497222,24-0512,ST45,13.94,1.09,0,13.46,0.39,-0.19,-0.26,11.22,7.01,0.93,2.83,0.14,4.47,-0.06,0.68,7.01,8.93,3.16,3.89,2.22,0.29,-0.33,0,0.12,0.8,3.79,0.11,0.48,0.36,-0.13,0.25,-0.31,-0.06,-0.55,-0.21,-0.24,2.78,0.38,0.28,0.21,69.2,547,,11.2,,7.8,144.2,0.02,0.02,2.8,48.4,7.43,9.37,42.3,59.8,3.34,14.4,1.9,,,,,,,,,,,,,0.76,81.88,292.83,23.85,10,7,0,0,3,0,3,8.013333333,5.092207792,51.8,0,18.40571429,10.23933333,0.775333333,28.28,0,8.166380952,7.996614363,3,0,0,13.5,22.4,4.7,21.7,2.59,12.145,42.10074413,40.98454493,3.14825415,7.126502576,6.410990269,0,0.085861477,0.143102461,59.5553962,30.46253137,1.039799211,6.905700968,1.821441377,0,0.179275726,0.035855145,3/18/2024
4/15/2024,S15,12:17,Bull Run at Rt 28,38.8030556,-77.4497222,24-0797,ST45,17.77,2.21,0,18.88,0.43,0,-0.28,16.57,8.6,2.08,0,0,5.96,0,2.25,6.46,11.66,3.92,0,3.08,0,0,0,1.82,0,5.19,-0.02,0,0,0,-0.22,0,0,0,0,0,0,0,0,0,66.6,561,,10.2,,7.6,107.4,0.05,0.01,3.14,51.2,9.11,9.53,42.5,67.2,3.13,,4.5,,,,,,,,,,,,,4.73,92.24,288.21,22.72,9,7,0,0,5,0,5,10.45666667,7.033333333,105.8,0,17.00714286,12.025,1.256333333,22.39,0,4.982142857,7.670686071,4,1,0,19.6,28.3,11,27.86,3.26,15.56,42.10074413,40.98454493,3.14825415,7.126502576,6.410990269,0,0.085861477,0.143102461,59.5553962,30.46253137,1.039799211,6.905700968,1.821441377,0,0.179275726,0.035855145,4/15/2024
5/20/2024,S15,13:39,Bull Run at Rt 28,38.8030556,-77.4497222,24-1321,ST45,13.91,0.29,0,19.04,-0.25,0,0,13.96,6.22,0,0,0,5.06,-0.2,-0.81,6.15,10.57,3.17,0,2.91,0.12,0,0,0.05,0,2.89,0,0,0,0,0,0,0,0,-0.2,-2.7,-3.07,-0.75,0,0,62.3,527,,9.33,,,137,0.04,0.02,2.8,46.4,8.62,8.89,40.6,59.5,3.3,20.6,10.6,81.6,,,,,,,,,,,,26.25,86.26,257.1,15.99,14,8,1,0,4,0,4,16.85666667,12.48333333,345.2,1,10.62428571,15.45266667,1.13,35.7,4,-4.828380952,5.582208033,5,1,0,18.2,23.4,13,11.72,0.58,6.15,42.10074413,40.98454493,3.14825415,7.126502576,6.410990269,0,0.085861477,0.143102461,59.5553962,30.46253137,1.039799211,6.905700968,1.821441377,0,0.179275726,0.035855145,5/20/2024
6/17/2024,S15,13:05,Bull Run at Rt 28,38.8030556,-77.4497222,24-1746,ST45,46.3,7.98,0,45.97,2.9,0,0,38.43,16.65,0,0,0,12.31,0.49,2.5,5.17,19.96,2.19,0,4.28,0,0,0,1.98,0,9.02,0,0,0,0,0,0,0,0,-0.71,0,0,0,0,0,83.5,819,,10.2,,,,0.04,<0.01,13.2,81.7,20,11.5,58.1,135,,27.6,13,,,,,,,,,,,,,0.85,78.98,241.52,13.62,8,10,0,0,4,0,4,21.92333333,16.64555556,648.9,1,25.05142857,21.557,1.437666667,34.01,3,3.494428571,3.663775108,6,1,0,24.4,30.6,18.1,26.48,4.02,15.25,42.10074413,40.98454493,3.14825415,7.126502576,6.410990269,0,0.085861477,0.143102461,59.5553962,30.46253137,1.039799211,6.905700968,1.821441377,0,0.179275726,0.035855145,6/17/2024
7/15/2024,S15,8:58,Bull Run at Rt 28,38.8030556,-77.4497222,24-2128,ST45,45.2,6.06,0,57.93,2.06,0,1.44,44.46,17.39,-0.09,0,0,12.97,0.54,2.12,9.14,18.73,3.67,0,6.56,0,0,0,2.34,0,13.01,0,0,0,1.23,0.48,0,0,0,0,0,0,0,0,0,79.2,722,,6.4,,,72.2,0.09,0.03,8.96,66.1,16.1,10,54.6,105,2.88,27.6,9.7,,,,,,,,,,,,,53.54,72.32,222.14,24.93,5,12,2,0,3,0,3,26.85666667,21.82777778,1067.4,18,31.30285714,31.612,2.852,43.49,20,-0.309142857,2.287738833,7,1,0,30.3,36.8,23.7,43.39,3.39,23.39,42.10074413,40.98454493,3.14825415,7.126502576,6.410990269,0,0.085861477,0.143102461,59.5553962,30.46253137,1.039799211,6.905700968,1.821441377,0,0.179275726,0.035855145,7/15/2024
8/19/2024,S15,11:41,Bull Run at Rt 28,38.8030556,-77.4497222,24-2443,ST45,29.77,2.62,0,28.7,1.56,0,0,19.63,11.95,1.96,0,0,5.92,0.9,2.59,7.53,11.83,2.99,-3.57,5.88,1.17,0,1.34,2.41,0.6,14.62,2.16,0,0,0.36,1.05,0,0,0,1.04,0,9.71,0,9.73,0,,480,,6.48,,,208,0.08,0.03,6.2,42.7,7.95,7.7,32.5,,3.64,26.1,13.4,,,,,,,,,,,,,0.18,97.84,242.5,26.83,11,7,0,0,4,1,4,26.18666667,25.49666667,1394.7,10,25.85428571,26.72166667,1.435666667,45.02,12,-0.867380952,3.661448263,8,1,8.94,25.8,31.9,19.7,24.02,0.76,12.39,42.10074413,40.98454493,3.14825415,7.126502576,6.410990269,0,0.085861477,0.143102461,59.5553962,30.46253137,1.039799211,6.905700968,1.821441377,0,0.179275726,0.035855145,8/19/2024
9/16/2024,S15,10:19,Bull Run at Rt 28,38.8030556,-77.4497222,24-2906,ST45,47.55,6.59,0,39.89,2.74,0,0,29.16,16.26,0,0,0,9.23,0.62,0,3.35,30.15,5.49,0,3.93,0,0,0,0,0,7.27,0,0,0,0,0,0,0,0,0,0,15.33,0,17.57,0,82.4,819,,7.15,,,69.4,0.09,0.03,9.58,73.9,21.3,11.4,59.7,136,2.85,22.1,3.2,,,,,,,,,,,,,0,54.48,233.02,37.87,5,13,0,0,1,1,1,22,25.26555556,1373.9,3,24.75857143,23.03033333,1.223,44.1,4,1.728238095,2.365575835,9,1,0,21,28.2,13.9,22.53,1.31,11.92,42.10074413,40.98454493,3.14825415,7.126502576,6.410990269,0,0.085861477,0.143102461,59.5553962,30.46253137,1.039799211,6.905700968,1.821441377,0,0.179275726,0.035855145,9/16/2024
10/21/2024,S15,12:09,Bull Run at Rt 28,38.8030556,-77.4497222,24-3366,ST45,42.18,6.58,44.94,34.91,3.62,0,0,27.37,10.54,0,0,0,8.85,1.41,3.71,4.51,13.18,2.86,0,3.48,0,0,0,1.87,0,4.69,0,0,0,0,0,0,0,4.03,0,0,14.72,0.7,15.17,0.62,86,829,,9.45,,,53,0.09,0.03,6.4,75.8,18.1,11.2,57.4,127,2.71,18.7,1.8,,,,,,,,,,,,,0,72.3,242.14,23.54,9,18,0,0,2,0,2,17.30666667,21.57888889,1045.3,0,15.66714286,12.94966667,0.606666667,25.42,0,2.71747619,5.583155294,10,1,0,14.1,24.8,3.4,24.33,0.31,12.32,42.10074413,40.98454493,3.14825415,7.126502576,6.410990269,0,0.085861477,0.143102461,59.5553962,30.46253137,1.039799211,6.905700968,1.821441377,0,0.179275726,0.035855145,10/21/2024
11/18/2024,S15,12:19,Bull Run at Rt 29,38.8030556,-77.4497222,24-3577,ST45,40.86,5.66,0,32.87,1.83,0,0,25.52,3.91,0,0,0,7.86,2.7,0,25.24,12.65,4.12,0,4.08,0,1.8,0,0.43,0,5.04,0,0,0,0,0,0,0,0,0,0,0,0,0,0,83.6,860,,11.1,,,57,0.06,0.04,6.19,78.6,18.9,13.3,56.1,142,2.76,15.3,3.2,,,,,,,,,,,,,20.08,20.08,158.15,12.27,2,23,1,0,1,0,1,12.89666667,17.44111111,693.6,0,9.834285714,16.312,0.765,31.05,2,-6.477714286,1.230995586,11,0,0.01,8.2,15.2,1.2,9.46,0.3,4.88,42.10074413,40.98454493,3.14825415,7.126502576,6.410990269,0,0.085861477,0.143102461,59.5553962,30.46253137,1.039799211,6.905700968,1.821441377,0,0.179275726,0.035855145,11/18/2024
12/9/2024,S15,15:24,Bull Run at Rt 30,38.8030556,-77.4497222,24-3691,ST45,37.54,3.93,0,23.98,1.47,0,0,17.19,9.03,0,0,0,6.44,0.57,0,3.46,7.95,1.93,0,3.16,0,0,0,0.99,0,3.3,0,0,0,0,0,0,0,0,0,0,8.53,0,8.85,0,77.9,774,,13.3,,,49,0.05,0.02,5.56,88.2,16.8,14.7,54.9,162,2.68,9.1,2.9,,,,,,,,,,,,,0.93,47.85,140.56,16.23,6,10,0,0,2,0,2,6.046666667,13.38888889,451.9,0,5.582857143,8.646333333,0.759,20.87,0,-3.06347619,5.534137785,12,0,0.66,10.3,19,1.6,16.55,1.43,8.99,42.10074413,40.98454493,3.14825415,7.126502576,6.410990269,0,0.085861477,0.143102461,59.5553962,30.46253137,1.039799211,6.905700968,1.821441377,0,0.179275726,0.035855145,12/9/2024
1/17/2025,S15,11:00:00 AM,Bull Run at Rt 31,38.8030556,-77.4497222,25-0022,ST45,24.47,3.22,0,25.31,2.04,0,0,19.28,13.22,0,0,0,8.32,0,0,13.32,11.22,2.81,0,2.7,0,0,0,0,0,4.29,0,0,0,0,0,0,0,0,0,0,3.01,0,6.04,0,284,1360,,13.8,,7.6,79.2,0.09,0.01,4.75,87.5,12.4,16.3,152,94.4,2.94,4,5.7,,,,,,,,,,,,,2.01,60.81,161.02,18.1,8,8,0,0,1,0,1,1.336666667,6.308888889,119,0,5.157142857,5.216,0.755666667,13.33,0,-0.058857143,11.6583589,1,0,0,-3.1,2.6,-8.8,3.99,0.64,2.315,42.10074413,40.98454493,3.14825415,7.126502576,6.410990269,0,0.085861477,0.143102461,59.5553962,30.46253137,1.039799211,6.905700968,1.821441377,0,0.179275726,0.035855145,1/17/2025
2/18/2025,S15,2:27:00 PM,Bull Run at Rt 32,38.8030556,-77.4497222,25-0129,ST45,22.03,2.31,0,0,0.4,0,0,0,7.84,0,0,0,5.23,1.43,0,8.51,7.54,4.73,4.43,2.59,0,0.29,0,0,0,6.57,0,0,0,0,0,0,0,0,0,0,0,0,3.31,0,191,852,,13.1,,7.6,343,<0.01,<0.01,2.47,48.3,5.25,10.9,97.5,35.9,4.16,4.3,6.2,,,,,,,,,,,,,48.46,104,244.93,21.08,9,10,3,0,5,0,5,1.413333333,2.244444444,8.2,0,5.514285714,5.830666667,0.641333333,15.03,0,-0.316380952,17.83672536,2,0,0,0.7,5.9,-4.4,6.91,2.4,4.655,42.10074413,40.98454493,3.14825415,7.126502576,6.410990269,0,0.085861477,0.143102461,59.5553962,30.46253137,1.039799211,6.905700968,1.821441377,0,0.179275726,0.035855145,2/18/2025
3/19/2025,S15,11:37:00 AM,Bull Run at Rt 33,38.8030556,-77.4497222,25-0363,ST45,26.51,3.14,0,20.11,1.05,0,0,17.16,8.75,0,0,0,6.13,0.54,0,8.02,13.05,3.79,0,3.85,0,0.22,0,0,0,5.38,0.33,0,0,0,0,0,0,0,0,0,1.17,0,2.52,0,147,882,,11.6,,7.5,76.4,0.07,0.02,4.67,70.8,12.8,12.7,81.9,92.7,2.91,13.9,2.3,,,,,,,,,,,,,6.4,31.75,185.28,13.77,3,16,0,0,2,0,2,6.07,2.75,21.8,0,11.44857143,10.42066667,1.405333333,23.35,0,1.027904762,3.046830017,3,0,0,11.1,20.3,1.8,19.67,1.45,10.56,42.10074413,40.98454493,3.14825415,7.126502576,6.410990269,0,0.085861477,0.143102461,59.5553962,30.46253137,1.039799211,6.905700968,1.821441377,0,0.179275726,0.035855145,3/19/2025
4/21/2025,S15,12:08:00 PM,Bull Run at Rt 34,38.8030556,-77.4497222,25-0941,ST45,16.07,0.69,0,0,0.13,0,0,17.12,6.69,0,0,0,5.58,0.16,0,2.74,10.68,3.46,0,0,0,0,0,1.77,0,8.06,0,0,0,0,0,0,0,0,0.02,0,0,0,0,0,110,743,,8.49,,7.5,84.8,0.09,0.02,4,53.1,10,10.8,61.1,59.6,2.97,18.6,4.4,,,,,,,,,,,,,3.11,69.86,192.16,25.3,8,10,0,0,2,1,2,12.73666667,7.053333333,137.4,0,18.46857143,14.17033333,1.780333333,29.74,1,4.298238095,4.930018113,4,1,0,18.8,24.5,13.2,17.23,4.52,10.875,42.10074413,40.98454493,3.14825415,7.126502576,6.410990269,0,0.085861477,0.143102461,59.5553962,30.46253137,1.039799211,6.905700968,1.821441377,0,0.179275726,0.035855145,4/21/2025
5/19/2025,S15,10:42:31 AM,Bull Run at Rt 44,38.8030556,-77.4497222,25-1389,ST45 ,21.51,2.27,0,17.71,1.04,0,0,15.06,8.76,0,0,0,6.59,0.69,0,3.42,9.77,3.39,0,3.01,0,0,0,1.77,0,8.06,0,0,0,0,0,0,0,0,0,0,0,0,0,0,86.5,652,,7.65,,7.4,123.4,0.1,0.03,2.96,51.3,8.52,9.4,52.4,58.9,3.21,20.5,9.8,,,,,,,,,,,,,50.83,138.47,234.69,36.56,10,7,1,1,6,2,6,19.80666667,12.74444444,409.5,0,18.87428571,19.418,1.472666667,32.03,1,-0.543714286,7.131012463,5,1,0,19.3,25.4,13.2,18.81,2.28,10.545,42.10074413,40.98454493,3.14825415,7.126502576,6.410990269,0,0.085861477,0.143102461,59.5553962,30.46253137,1.039799211,6.905700968,1.821441377,0,0.179275726,0.035855145,5/19/2025
6/16/2025,S15,9:08:30 AM,Bull Run at Rt 35,38.8030556,-77.4497222,25-1763,ST45,50.01,3.99,0,0,4.45,0,0,14.39,0,0,0,0,11.89,0,13.33,0,0,5.56,0,7.12,0,0,0,11.78,0,13.45,0,0,0,0,0,0,0,0,0,0,29.3,0,26.21,0,25.8,205,,7.68,,6.7,3024,0.06,0.03,0.5,14,3.12,3.74,16.2,7.27,10.54,18.8,323,,,,,,,,,,,,,49.73,124.92,338.17,27.12,10,6,2,1,5,1,5,20.22,17.07555556,668.4,2,22.57428571,19.16133333,1.139666667,34.3,3,3.412952381,6.519379306,6,1,38.07,18.6,20.4,16.9,2.47,0.28,1.375,42.10074413,40.98454493,3.14825415,7.126502576,6.410990269,0,0.085861477,0.143102461,59.5553962,30.46253137,1.039799211,6.905700968,1.821441377,0,0.179275726,0.035855145,6/16/2025
7/9/2025,S15,8:49:00 AM,Bull Run at Rt 36,38.8030556,-77.4497222,25-1920,ST45,30.15,2.73,0,26.39,0.79,0,0,18.99,9.43,0,0,0,6.74,0.36,0,1.45,12.36,2.78,0,3.9,0.17,0,0,1.52,0,8.02,0,0,0,0,0,0,0,0,0,0,0,0,0,0,72.1,535,,5.62,,7.3,123.4,0.1,0.02,4.82,55.5,10.3,9.34,48,75.6,3.22,27.1,10,,,,,,,,,,,,,36.65,210.48,454.06,41.23,11,6,1,1,8,4,8,25.91333333,20.58,960.5,16,27.54285714,23.92333333,0.982666667,38.61,11,3.61952381,8.798105058,7,1,9.11,29.2,35.9,22.6,31.57,0.66,16.115,42.10074413,40.98454493,3.14825415,7.126502576,6.410990269,0,0.085861477,0.143102461,59.5553962,30.46253137,1.039799211,6.905700968,1.821441377,0,0.179275726,0.035855145,7/9/2025
7/23/2025,S15,8:34:46 AM,Bull Run at Rt 37,38.8030556,-77.4497222,25-2093,ST45,31.71,3.04,0,31.99,0.82,0,0,21.23,12.46,0,0,0,7.48,0,0,0,9.16,4.03,0,3.83,0.3,0,0,0,0,8,0,0,0,0,0,0,0,0,0,0,0,0,0,0,67.6,657,,6.26,,7.5,95.5,0.08,0.02,6.16,57.1,11.2,9.84,44.4,77.5,3.05,24.6,2.7,,,,0,,,,,,,,,37.65,217.97,550.78,44.94,11,5,1,1,7,4,7,27.67666667,22.73555556,1146.2,20,23.12,25.82166667,1.066,38.61,9,-2.701666667,8.441360614,7,1,0,25.8,31.8,19.8,27.93,1.18,14.555,42.10074413,40.98454493,3.14825415,7.126502576,6.410990269,0,0.085861477,0.143102461,59.5553962,30.46253137,1.039799211,6.905700968,1.821441377,0,0.179275726,0.035855145,7/23/2025
8/12/2025,S15,11:37:12AM,Bull Run at Rt 38,38.8030556,-77.4497222,25-2382,ST45,26.94,2.64,0,30.56,0.78,0,0,19.4,11.07,0,0,0,4.83,0,0,0.33,9.16,2.25,0,2.5,0,0,0,1.36,0,5.09,0,0,0,0,0,0,0,0,0,0,0,0,0,0,86.9,819,,6.9,,7.6,73.6,0.1,0.02,7.98,71.7,17.5,10.9,56.6,119,2.89,25.7,4.9,,,,0,,,,,,,,,0,137.56,492.04,44.94,8,10,0,0,5,2,5,26.09,24.09333333,1268.4,12,23.46571429,23.983,0.96,34.55,5,-0.517285714,5.735729475,8,1,0,25.9,31,20.7,21.34,0.89,11.115,42.10074413,40.98454493,3.14825415,7.126502576,6.410990269,0,0.085861477,0.143102461,59.5553962,30.46253137,1.039799211,6.905700968,1.821441377,0,0.179275726,0.035855145,8/12/2025
8/26/2025,S15,12:19:34 PM,Bull Run at Rt 39,38.8030556,-77.4497222,25-2600,ST45,40.96,5.04,0,43.02,1.87,0,0,27.87,14.99,0,0,0,9.09,0,0,0,12.52,2.57,2.96,2.71,0,0,0,3.79,0,7.15,0,0,0,0,0,0,0,0,0,0,0,0,0,0,87.6,836,,7.3,12.6,7.7,77.8,0.12,0.02,11.1,75.5,20,10.5,60.4,127,2.92,24.7,5.9,84.6,,,0,,11.1,485,,0.04,0.03,11.5,5.1,0,39.99,437.06,19.48,5,12,0,0,2,0,2,24.84333333,25.05666667,1355.1,9,14.66285714,22.00833333,0.948,34.55,5,-7.34547619,1.817039,8,1,0,21.2,29.2,13.2,27.04,1.56,14.3,42.10074413,40.98454493,3.14825415,7.126502576,6.410990269,0,0.085861477,0.143102461,59.5553962,30.46253137,1.039799211,6.905700968,1.821441377,0,0.179275726,0.035855145,8/26/2025
9/9/2025,S15,1:25:00 PM,Bull Run at Rt 40,38.8030556,-77.4497222,25-2709,ST45,40.35,5.71,,37.22,1.61,,,23.2,13.74,,,,8.35,0,,,16.5,2.62,,3.12,,,,1.14,,4.97,,,,,0.25,,,,,,0.36,,,,91.8,765,,7.69,0.5,7.6,80.6,0.1,0.02,9.82,78.8,20.1,10.3,64.3,143,2.94,24.2,4.4,85,,,0,,11.2,515,,0.09,0.05,11.8,3.3,4.44,12.71,381.67,4.16,4,19,0,0,0,0,0,22.81333333,25.15222222,1363.7,4,25.22857143,22.919,1.224,34.15,3,2.309571429,0.554561717,9,1,0,17.1,25.1,9,22.87,0.91,11.89,42.10074413,40.98454493,3.14825415,7.126502576,6.410990269,0,0.085861477,0.143102461,59.5553962,30.46253137,1.039799211,6.905700968,1.821441377,0,0.179275726,0.035855145,9/9/2025
9/23/2025,S15,12:03:00 PM,Bull Run at Rt 41,38.8030556,-77.4497222,25-2886,ST45,41.39,5.87,0,40.25,1.5,0,0,27.32,15.48,0,0,0,8.61,0.26,0,0.17,15.02,2.75,0,4.1,0,0,0,2.16,0,7.67,0,0,0,0,0,0,0,0,0,0,0,0,0,0,89.5,843,,7.91,9.2,7.5,84.8,0.09,0.03,9.99,73.4,18.2,10.9,60.5,126,2.97,23.1,4.7,81.8,,,0,,,483,,,,,4.8,32.63,38.74,303.85,25.87,4,14,1,1,1,1,1,20.85666667,24.47,1302.3,1,17.38142857,22.81233333,1.245,32.65,4,-5.430904762,1.698204188,9,1,0,21.4,26.1,16.8,13.33,1.24,7.285,42.10074413,40.98454493,3.14825415,7.126502576,6.410990269,0,0.085861477,0.143102461,59.5553962,30.46253137,1.039799211,6.905700968,1.821441377,0,0.179275726,0.035855145,9/23/2025
10/7/2025,S15,12:28,Bull Run at Rt 42,38.8030556,-77.4497222,25-2995,ST45,36.96,4.69,0,30.94,1.36,0,0,19.33,12.56,0,0,0,6.86,0.27,0,0,14.59,2.19,0.55,3.45,0,0,0,2.25,0,5.14,0,0,0,0,0,0,0,0,0,0,0.67,0,0,0,88.6,928,,8.06,4.3,7.6,75,0.09,0.03,7.77,82.2,19.7,12.7,62.4,142,2.9,22,6.4,89.3,,,0,,10.7,,,0.05,0.05,10.9,5.1,0,59.64,234.76,25.87,8,8,0,0,2,1,2,20.40666667,23.37222222,1203.5,1,18.13,19.05266667,0.942666667,32.65,4,-0.922666667,3.130270478,10,1,0,21.2,28.6,13.9,21.38,1.01,11.195,42.10074413,40.98454493,3.14825415,7.126502576,6.410990269,0,0.085861477,0.143102461,59.5553962,30.46253137,1.039799211,6.905700968,1.821441377,0,0.179275726,0.035855145,10/7/2025
10/21/2025,S15,12:56:36 PM,Bull Run at Rt 43,38.8030556,-77.4497222,25-3176,ST45,38.7,4.32,0,36.62,1.28,0,0,20.02,14,0,0.71,0,7.99,0,0,1.03,9.96,3.75,0,5.95,0,0,0,1.26,0,4.34,0,0,0,0,0,0,0,0,0,0,0,0,0,0,84.3,881,,8.58,0.4,7.7,89,0.1,0.03,4.79,80.3,16.3,15.9,58.6,167,3,16.8,4.4,88.5,,,0,,5.33,,,0.04,0.03,5.42,3.5,13.1,40.56,126.08,10.95,8,9,1,0,2,0,2,17.96333333,21.42777778,1028.5,0,14.58714286,15.40566667,0.942333333,24.4,0,-0.81852381,2.632797455,10,1,0,11.5,19.6,3.4,16.11,0.57,8.34,42.10074413,40.98454493,3.14825415,7.126502576,6.410990269,0,0.085861477,0.143102461,59.5553962,30.46253137,1.039799211,6.905700968,1.821441377,0,0.179275726,0.035855145,10/21/2025
3/19/2025,S16,10:25:00 AM,Piney Branch,38.797787,-77.355637,25-0364,FLOAT L1,6.62,0.22,0,8.64,0.22,0,0,7.2,4.8,0,0,0,3.01,0,0,0,8.85,2.54,0,1.66,0,0,0,1.13,0,3.04,0.02,0,0,0.46,0.13,0,0.3,0,0,0,1.15,0,2.6,0,124,546,,12.5,,7,,0.01,<0.01,1.52,21.4,2.03,11.9,63,8.51,,10.9,<1.0,,,,,,,,,,,,,7.93,37.35,193.24,17.73,3,16,0,0,2,0,2,5.903333333,2.666666667,19.7,0,10.82285714,9.924333333,1.424,22.53,0,0.89852381,3.763476976,3,0,0,11.1,20.1,2.1,19.53,1.62,10.575,25.49469458,68.08144537,0.143389733,5.878979065,0,0,0.25810152,0.143389733,29.14068659,61.43481689,6.636565613,2.501254211,0.050168423,0,0.157672185,0.078836093,3/19/2025
2/20/2024,S17,11:30,Bull Run upstream of UOSA,38.797717,-77.45866,24-0346,PF02,13.01,1.15,0,13.91,0.41,-0.19,-0.24,10.52,7.06,0.84,2.65,0.14,4.48,1.64,0.59,11.33,9.38,8.09,3.94,2.55,3.72,0.05,0,4.07,nd,31.85,13.1,0.48,12.24,0,0,nd,nd,-0.52,nd,nd,0,2.06,nd,nd,102,632,,13.6,,7.7,,0.01,0.02,2.9,50.3,7.09,10.1,59.2,57.9,,7,5.3,,,,,,,,,,,,,32.77,89.21,213.47,41.53,9,12,1,1,2,2,2,4.596666667,3.144,16,0,6.418571429,6.617333333,0.635333333,18.76,0,-0.198761905,13.48126133,2,0,0,2,9,-5,7.85,0.61,4.23,48.61150873,31.5774406,2.776982537,11.30833095,5.553965073,0,0.057257372,0.114514744,62.57255464,24.81547832,1.59082766,9.10784665,1.820136152,0,0.057327123,0.035829452,2/20/2024
3/18/2024,S17,10:00,Bull Run upstream of UOSA,38.797717,-77.45866,24-0514,PF02,14.72,0.07,4.2,11.33,0.06,-0.15,-0.37,8.43,5.56,0.8,4.22,0.2,4.69,0.35,0.72,9.84,7.09,5,4.27,2.25,0.32,-0.22,0.83,0.07,0,4.52,0.3,0.52,0.62,-0.06,0.17,0.01,0.04,-0.45,-0.21,0.73,3.05,0.45,0.49,0.22,54.9,451,,11.3,,7.7,,0.01,<0.01,0.2,39.9,1.77,10.3,32.4,51.1,,10.8,2.3,,,,,,,,,,,,,0.76,81.88,292.83,23.85,10,7,0,0,3,0,3,8.013333333,5.092207792,51.8,0,18.40571429,10.23933333,0.775333333,28.28,0,8.166380952,7.996614363,3,0,0,13.5,22.4,4.7,21.7,2.59,12.145,48.61150873,31.5774406,2.776982537,11.30833095,5.553965073,0,0.057257372,0.114514744,62.57255464,24.81547832,1.59082766,9.10784665,1.820136152,0,0.057327123,0.035829452,3/18/2024
4/15/2024,S17,9:00,Bull Run upstream of UOSA,38.797717,-77.45866,24-0789,PF02,6.82,0.22,0,0,0,0,0,9.15,5.66,0.92,0,0,4.49,0,1.07,9.57,8.75,5.42,0,3.51,0.22,1.75,0,1.2,0,7.77,0.27,0,0,-0.04,0.09,0.17,0.41,0,0.18,0,0,0,0,0,49.6,513,,8.92,,7.3,,0.02,<0.01,0.06,43.5,1.89,10.9,29.8,57.4,,,2.2,,,,,,,,,,,,,4.73,92.24,288.21,22.72,9,7,0,0,5,0,5,10.45666667,7.033333333,105.8,0,17.00714286,12.025,1.256333333,22.39,0,4.982142857,7.670686071,4,1,0,19.6,28.3,11,27.86,3.26,15.56,48.61150873,31.5774406,2.776982537,11.30833095,5.553965073,0,0.057257372,0.114514744,62.57255464,24.81547832,1.59082766,9.10784665,1.820136152,0,0.057327123,0.035829452,4/15/2024
5/20/2024,S17,12:55,Bull Run upstream of UOSA,38.797717,-77.45866,24-1323,PF02,6.66,-1.04,0,14.79,-0.67,0,0,8.09,4.27,0.3,0,0,3.71,0.25,-0.51,2.04,8.01,3.61,0,3.38,0,0,0,0.32,0,3.82,-0.48,0,0,0,0.02,0,0,0,-0.22,0,0,0,-1.59,0.56,49,424,,8.65,,,,0.05,0.02,0.36,38,2.32,9.71,30.4,44.2,,19.5,4,79.6,,,,,,,,,,,,26.25,86.26,257.1,15.99,14,8,1,0,4,0,4,16.85666667,12.48333333,345.2,1,10.62428571,15.45266667,1.13,35.7,4,-4.828380952,5.582208033,5,1,0,18.2,23.4,13,11.72,0.58,6.15,48.61150873,31.5774406,2.776982537,11.30833095,5.553965073,0,0.057257372,0.114514744,62.57255464,24.81547832,1.59082766,9.10784665,1.820136152,0,0.057327123,0.035829452,5/20/2024
6/17/2024,S17,15:15,Bull Run upstream of UOSA,38.797717,-77.45866,24-1748,PF02,58.2,9.31,0,52.91,3.61,0,0,42.42,16.88,0,0,0,12.63,0,2.56,5.5,15.46,2.49,0,3.86,0,0,0,1.49,0,6.44,0,0,1.78,0,1.52,0,0,0,-0.67,0,3.03,0,0,0,90,619,,10.2,,,,0.04,<0.01,16.7,74.3,24.9,8.52,63.4,113,,27.2,11.6,,,,,,,,,,,,,0.85,78.98,241.52,13.62,8,10,0,0,4,0,4,21.92333333,16.64555556,648.9,1,25.05142857,21.557,1.437666667,34.01,3,3.494428571,3.663775108,6,1,0,24.4,30.6,18.1,26.48,4.02,15.25,48.61150873,31.5774406,2.776982537,11.30833095,5.553965073,0,0.057257372,0.114514744,62.57255464,24.81547832,1.59082766,9.10784665,1.820136152,0,0.057327123,0.035829452,6/17/2024
7/15/2024,S17,7:05,Bull Run upstream of UOSA,38.797717,-77.45866,24-2123,PF02,14.69,1.23,0,27.39,0.91,0,0,17.78,7.91,-0.2,0,0,7.68,0,2.03,18.49,10.35,3.97,0,5.96,0.41,0,0,2.14,0,11.17,0.2,1.8,0,1.08,0,0,0,0,1.05,0,4.44,0,0,0,53.5,498,,6.47,,,,0.06,0.04,0.29,49.9,2.81,11.2,33.9,68.7,,25.6,9.5,,,,,,,,,,,,,53.54,72.32,222.14,24.93,5,12,2,0,3,0,3,26.85666667,21.82777778,1067.4,18,31.30285714,31.612,2.852,43.49,20,-0.309142857,2.287738833,7,1,0,30.3,36.8,23.7,43.39,3.39,23.39,48.61150873,31.5774406,2.776982537,11.30833095,5.553965073,0,0.057257372,0.114514744,62.57255464,24.81547832,1.59082766,9.10784665,1.820136152,0,0.057327123,0.035829452,7/15/2024
8/19/2024,S17,8:40,Bull Run upstream of UOSA,38.797717,-77.45866,24-2436,PF02,11.93,0.79,0,15.61,1.22,0,0,11.97,6.22,1.88,0,0,4.6,0.94,2.52,11.44,13.1,2.88,-4.62,5.31,0,2.92,0,3.77,0.67,16.19,2.43,0,0,0.36,0,0,0.28,0,0,0,0,0,10.61,0,,363,,7.71,,,,0.02,0.04,0.24,34,2.41,8.7,21.1,,,23.3,28.8,,,,,,,,,,,,,0.18,97.84,242.5,26.83,11,7,0,0,4,1,4,26.18666667,25.49666667,1394.7,10,25.85428571,26.72166667,1.435666667,45.02,12,-0.867380952,3.661448263,8,1,8.94,25.8,31.9,19.7,24.02,0.76,12.39,48.61150873,31.5774406,2.776982537,11.30833095,5.553965073,0,0.057257372,0.114514744,62.57255464,24.81547832,1.59082766,9.10784665,1.820136152,0,0.057327123,0.035829452,8/19/2024
9/16/2024,S17,8:00,Bull Run upstream of UOSA,38.797717,-77.45866,24-2901,PF02,15.18,1.42,0,20.27,1.33,0,0,11.74,7.61,0,0,0,6.98,1.35,3.24,0,16.42,7.35,0,3.82,0,0,0,0,0,8.79,0,0,0,0,0,0,0,0,0,0,0,0,0,0,46.3,842,,7.88,,,,0.04,0.02,0.11,112,2.76,23.2,33.9,238,,18,1.6,,,,,,,,,,,,,0,54.48,233.02,37.87,5,13,0,0,1,1,1,22,25.26555556,1373.9,3,24.75857143,23.03033333,1.223,44.1,4,1.728238095,2.365575835,9,1,0,21,28.2,13.9,22.53,1.31,11.92,48.61150873,31.5774406,2.776982537,11.30833095,5.553965073,0,0.057257372,0.114514744,62.57255464,24.81547832,1.59082766,9.10784665,1.820136152,0,0.057327123,0.035829452,9/16/2024
10/21/2024,S17,11:40,Bull Run above UOSA,38.797717,-77.45866,24-3361,PF02,14.48,1.78,0,15.74,2.1,0,2.32,10.31,6.61,0,0,0,6.31,1.41,4.13,5.2,6.96,4.71,0,2.55,1,0,0,0,0,5.64,0,0,0,0,0,0,0,0,0,0,0,0,9.27,0,47.1,808,,10.2,,,,0.02,0.05,0.37,107,2.79,23.3,33.7,213,,17,<1.0,,,,,,,,,,,,,0,72.3,242.14,23.54,9,18,0,0,2,0,2,17.30666667,21.57888889,1045.3,0,15.66714286,12.94966667,0.606666667,25.42,0,2.71747619,5.583155294,10,1,0,14.1,24.8,3.4,24.33,0.31,12.32,48.61150873,31.5774406,2.776982537,11.30833095,5.553965073,0,0.057257372,0.114514744,62.57255464,24.81547832,1.59082766,9.10784665,1.820136152,0,0.057327123,0.035829452,10/21/2024
11/18/2024,S17,9:25,Bull Run above UOSA,38.797717,-77.45866,24-3572,PF02,13.28,0.44,62.03,18.19,0.37,0,0,11.75,5.92,0,0,0,6.1,1.33,0.63,1.28,5.26,5.72,8.83,4.37,0,1.01,0,0,0,4.38,0,0,0,0,0,0,0,0,0,0,0,0.13,0,0,50.7,792,,12.5,,,,<0.01,0.02,<0.01,89.6,2.87,21.8,31.5,162,,9.5,<1.0,,,,,,,,,,,,,20.08,20.08,158.15,12.27,2,23,1,0,1,0,1,12.89666667,17.44111111,693.6,0,9.834285714,16.312,0.765,31.05,2,-6.477714286,1.230995586,11,0,0.01,8.2,15.2,1.2,9.46,0.3,4.88,48.61150873,31.5774406,2.776982537,11.30833095,5.553965073,0,0.057257372,0.114514744,62.57255464,24.81547832,1.59082766,9.10784665,1.820136152,0,0.057327123,0.035829452,11/18/2024
12/9/2024,S17,14:55,Bull Run above UOSA,38.797717,-77.45866,24-3686,PF02,13.85,-0.2,0,15.6,0.37,0,0,10.01,5.35,0,0,0,5.16,0.5,0,7.18,4.18,3.34,0,3.2,0,0,0,0,0,5.16,0,0,0,0,0,0,0,0,0,0,4.68,0,3.98,0,46.8,776,,13.8,,,,<0.01,<0.01,0.06,109,2.26,21.9,32.1,214,,8.7,1,,,,,,,,,,,,,0.93,47.85,140.56,16.23,6,10,0,0,2,0,2,6.046666667,13.38888889,451.9,0,5.582857143,8.646333333,0.759,20.87,0,-3.06347619,5.534137785,12,0,0.66,10.3,19,1.6,16.55,1.43,8.99,48.61150873,31.5774406,2.776982537,11.30833095,5.553965073,0,0.057257372,0.114514744,62.57255464,24.81547832,1.59082766,9.10784665,1.820136152,0,0.057327123,0.035829452,12/9/2024
1/17/2025,S17,9:05:00 AM,Bull Run above UOSA,38.797717,-77.45866,25-0017,PF02,3.61,0.13,0,0,1.17,0,0,12.24,8.2,0,0,0,4.54,0.51,0,21.53,6.52,3.65,0,2.18,0,0,0,0,0,2.36,0,0,0,0,0.71,0,0,0,0,0,0,0,5.94,0,424,1760,,14.5,,6.9,,<0.01,<0.01,0.3,92.6,3.16,22.8,217,80.3,,1.7,1.1,,,,,,,,,,,,,2.01,60.81,161.02,18.1,8,8,0,0,1,0,1,1.336666667,6.308888889,119,0,5.157142857,5.216,0.755666667,13.33,0,-0.058857143,11.6583589,1,0,0,-3.1,2.6,-8.8,3.99,0.64,2.315,48.61150873,31.5774406,2.776982537,11.30833095,5.553965073,0,0.057257372,0.114514744,62.57255464,24.81547832,1.59082766,9.10784665,1.820136152,0,0.057327123,0.035829452,1/17/2025
2/18/2025,S17,9:30:00 AM,Bull Run above UOSA,38.797717,-77.45866,25-0124,PF02,9.28,1.1,0,0,0.09,0,0,6.77,4.92,0,0,0,3.52,1.17,0,10.87,2.97,5.38,0,1.19,-0.08,0.23,0,0,0,5.79,0,0,0,0,0,0,0,0,0,0.81,2.52,0,4.14,0.3,185,783,,14.9,,7.3,,<0.01,<0.01,0.83,36.6,2.5,10.3,96.6,21.3,,0.9,7.5,,,,,,,,,,,,,48.46,104,244.93,21.08,9,10,3,0,5,0,5,1.413333333,2.244444444,8.2,0,5.514285714,5.830666667,0.641333333,15.03,0,-0.316380952,17.83672536,2,0,0,0.7,5.9,-4.4,6.91,2.4,4.655,48.61150873,31.5774406,2.776982537,11.30833095,5.553965073,0,0.057257372,0.114514744,62.57255464,24.81547832,1.59082766,9.10784665,1.820136152,0,0.057327123,0.035829452,2/18/2025
3/19/2025,S17,8:15:00 AM,Bull Run above UOSA,38.797717,-77.45866,25-0358,PF02,10.09,0.32,0,14.69,0.2,0,0,11.93,6.89,0,0,0,6.11,0,0,14.82,8.12,5.56,0,4.32,0.42,0.37,0,0.37,0,7.69,0,0,0,0,0.14,0,-0.43,0,0,0,1.09,0,2.42,0,172,901,,9.96,,7.6,,0.04,<0.01,0.08,65,2.5,17.4,89.3,82,,8.8,1.1,,,,,,,,,,,,,6.4,31.75,185.28,13.77,3,16,0,0,2,0,2,6.07,2.75,21.8,0,11.44857143,10.42066667,1.405333333,23.35,0,1.027904762,3.046830017,3,0,0,11.1,20.3,1.8,19.67,1.45,10.56,48.61150873,31.5774406,2.776982537,11.30833095,5.553965073,0,0.057257372,0.114514744,62.57255464,24.81547832,1.59082766,9.10784665,1.820136152,0,0.057327123,0.035829452,3/19/2025
4/21/2025,S17,7:30:36 AM,Bull Run above UOSA,38.797717,-77.45866,25-0936,PF02,9.59,-0.03,0,0,0,0,0,9.34,6.73,0,0,0,4.67,0.13,0,4.22,7.03,3.91,0,3.12,0,0.15,0,1.19,0,8.97,0,0,0,0,0,0,0,0,-0.36,0,0.25,-0.06,-0.53,0,116,721,,8.23,,7.3,,0.07,0.01,0.07,52.5,2.45,14,58.2,60.4,,16.2,3.1,,,,,,,,,,,,,3.11,69.86,192.16,25.3,8,10,0,0,2,1,2,12.73666667,7.053333333,137.4,0,18.46857143,14.17033333,1.780333333,29.74,1,4.298238095,4.930018113,4,1,0,18.8,24.5,13.2,17.23,4.52,10.875,48.61150873,31.5774406,2.776982537,11.30833095,5.553965073,0,0.057257372,0.114514744,62.57255464,24.81547832,1.59082766,9.10784665,1.820136152,0,0.057327123,0.035829452,4/21/2025
5/19/2025,S17,7:30:00 AM,Bull Run above UOSA,38.797717,-77.45866,25-1384,PF02 ,9.69,0.42,0,11.07,0,0,0,8.56,6.45,0,0,0,4.11,0.81,0,4.65,6.23,4.09,4.2,2.33,0,0.96,0,1.13,0,8.73,0.43,0,0,0,0,0,0,0,0,0,0,0,0,0,73.2,541,,8.71,,7.3,,0.06,0.03,0.54,41.6,2.34,10.6,40.9,44.8,,17.8,4.4,,,,,,,,,,,,,50.83,138.47,234.69,36.56,10,7,1,1,6,2,6,19.80666667,12.74444444,409.5,0,18.87428571,19.418,1.472666667,32.03,1,-0.543714286,7.131012463,5,1,0,19.3,25.4,13.2,18.81,2.28,10.545,48.61150873,31.5774406,2.776982537,11.30833095,5.553965073,0,0.057257372,0.114514744,62.57255464,24.81547832,1.59082766,9.10784665,1.820136152,0,0.057327123,0.035829452,5/19/2025
6/16/2025,S17,7:10:20 AM,Bull Run above UOSA,38.797717,-77.45866,25-1758,PF02,33.33,1.95,0,0,0,0,0,8.87,0,0,0,0,6.6,1.89,0,9.38,0,3.82,0,5.09,1.13,0,0,4.3,0,9.36,3.98,0,0,0,0,0,3.31,0,0,0,0,0,0,0,27.1,209,,8.72,,6.9,,0.05,0.03,0.26,13.4,2.32,3.92,19.3,6.19,,18.6,150,,,,,,,,,,,,,49.73,124.92,338.17,27.12,10,6,2,1,5,1,5,20.22,17.07555556,668.4,2,22.57428571,19.16133333,1.139666667,34.3,3,3.412952381,6.519379306,6,1,38.07,18.6,20.4,16.9,2.47,0.28,1.375,48.61150873,31.5774406,2.776982537,11.30833095,5.553965073,0,0.057257372,0.114514744,62.57255464,24.81547832,1.59082766,9.10784665,1.820136152,0,0.057327123,0.035829452,6/16/2025
7/9/2025,S17,12:45:00 PM,Bull Run above UOSA,38.797717,-77.45866,25-1915,PF02,9.88,0.14,0,12.82,0.02,0,0,9.52,6.07,0,0,0,4.62,0.34,0,1.67,8.15,3.82,0,3.59,0.17,0.27,0,1.14,0,8.11,0,0,0,0,0,0.04,0,0,0,0,0,0,0,0,58.5,498,,8.54,,7.6,,0.04,0.01,0.15,53.7,2.27,12.6,37.9,75.5,,27.7,2.5,,,,,,,,,,,,,36.65,210.48,454.06,41.23,11,6,1,1,8,4,8,25.91333333,20.58,960.5,16,27.54285714,23.92333333,0.982666667,38.61,11,3.61952381,8.798105058,7,1,9.11,29.2,35.9,22.6,31.57,0.66,16.115,48.61150873,31.5774406,2.776982537,11.30833095,5.553965073,0,0.057257372,0.114514744,62.57255464,24.81547832,1.59082766,9.10784665,1.820136152,0,0.057327123,0.035829452,7/9/2025
7/23/2025,S17,7:15:00 AM,Bull Run above UOSA,38.797717,-77.45866,25-2090,PF02,11.64,0.1,0,9.52,0.03,0,0,7.85,6.87,0,0,0,3.68,0.39,0.01,0,9.38,3.41,0,1.79,0,0.09,0,0,0,6.7,0.22,0,0,0,0,0,0,0,0,0,0,0,0,0,48.6,526,,6.43,,7.5,,0.02,0.02,0.47,49.8,2.4,12,29.9,67.4,,22.8,1.9,,,,,,,,,,,,,37.65,217.97,550.78,44.94,11,5,1,1,7,4,7,27.67666667,22.73555556,1146.2,20,23.12,25.82166667,1.066,38.61,9,-2.701666667,8.441360614,7,1,0,25.8,31.8,19.8,27.93,1.18,14.555,48.61150873,31.5774406,2.776982537,11.30833095,5.553965073,0,0.057257372,0.114514744,62.57255464,24.81547832,1.59082766,9.10784665,1.820136152,0,0.057327123,0.035829452,7/23/2025
8/12/2025,S17,9:35:23AM,Bull Run above UOSA,38.797717,-77.45866,25-2376,PF02,10.16,0,0,10.02,0,0,0,7.23,5.72,0,0,0,3.45,0.37,0,0.18,7.57,2.62,0,2.76,0,0,0,0,0,7.74,0,0,0,0,0,0.23,0,0,0,0,0,0,0,0,64.3,797,,6.65,,7.6,,0.03,0.02,0.08,91.2,2.51,18.9,39.1,180,,22.8,1.5,,,,,,,,,,,,,0,137.56,492.04,44.94,8,10,0,0,5,2,5,26.09,24.09333333,1268.4,12,23.46571429,23.983,0.96,34.55,5,-0.517285714,5.735729475,8,1,0,25.9,31,20.7,21.34,0.89,11.115,48.61150873,31.5774406,2.776982537,11.30833095,5.553965073,0,0.057257372,0.114514744,62.57255464,24.81547832,1.59082766,9.10784665,1.820136152,0,0.057327123,0.035829452,8/12/2025
8/26/2025,S17,11:25:00 AM,Bull Run above UOSA,38.797717,-77.45866,25-2602,PF02,15.68,0,0,19.6,0,0,0,10.36,6.93,0,0,0,7.25,0,0,0,7.26,3.84,0,4.12,0,0,0,6.13,0,8.37,5.38,0,0,0,0,0,0,0,0,0,0,0,0,0,62.2,828,,8.35,,7.7,,0.04,0.02,0.16,97.4,2.67,20.4,39,202,,21.4,2,,,,,,,,,,,,,0,39.99,437.06,19.48,5,12,0,0,2,0,2,24.84333333,25.05666667,1355.1,9,14.66285714,22.00833333,0.948,34.55,5,-7.34547619,1.817039,8,1,0,21.2,29.2,13.2,27.04,1.56,14.3,48.61150873,31.5774406,2.776982537,11.30833095,5.553965073,0,0.057257372,0.114514744,62.57255464,24.81547832,1.59082766,9.10784665,1.820136152,0,0.057327123,0.035829452,8/26/2025
9/9/2025,S17,12:19:00 PM,Bull Run above UOSA,38.797717,-77.45866,25-2712,PF02,9.46,0.11,,11.76,0.04,,,7.92,6.64,,,,4.31,0.63,,,8.17,4.58,,3.27,,,,1.17,,8.13,,,,,,,,,,,,,,,65.5,919,,8.51,,7.8,,0.03,0.02,0.06,140,2.73,28.5,43.3,320,,20.2,1.3,,,,,,,,,,,,,4.44,12.71,381.67,4.16,4,19,0,0,0,0,0,22.81333333,25.15222222,1363.7,4,25.22857143,22.919,1.224,34.15,3,2.309571429,0.554561717,9,1,0,17.1,25.1,9,22.87,0.91,11.89,48.61150873,31.5774406,2.776982537,11.30833095,5.553965073,0,0.057257372,0.114514744,62.57255464,24.81547832,1.59082766,9.10784665,1.820136152,0,0.057327123,0.035829452,9/9/2025
9/23/2025,S17,11:25:00 AM,Bull Run above UOSA,38.797717,-77.45866,25-2889,PF02,11.53,0,0,17.49,0,0,0,11.82,7.25,0,0,0,6.22,0.7,0,0.95,10.48,4.52,0,5.21,0,0,0,1.81,0,10.75,0,0,0,0,0,0,0,0,0,0,0,0,0,0,73.9,810,,9.04,,7.7,,0.02,0.02,0.05,89.6,2.99,18.4,43.1,170,,21.1,<1.0,,,,,,,,,,,,,32.63,38.74,303.85,25.87,4,14,1,1,1,1,1,20.85666667,24.47,1302.3,1,17.38142857,22.81233333,1.245,32.65,4,-5.430904762,1.698204188,9,1,0,21.4,26.1,16.8,13.33,1.24,7.285,48.61150873,31.5774406,2.776982537,11.30833095,5.553965073,0,0.057257372,0.114514744,62.57255464,24.81547832,1.59082766,9.10784665,1.820136152,0,0.057327123,0.035829452,9/23/2025
10/7/2025,S17,11:50,Bull Run above UOSA,38.797717,-77.45866,25-2997,PF02,8.18,0.07,0,11.93,0.07,0,0,7.24,5.74,0,0,0,5.34,0.52,0,0,8.94,3.42,0,3.37,0,0,0,0,0,6.51,0,0,0,0,0,0,0,0,0.54,0,0,0,0,0,,,,,,,,,,,,,,,,,,,,,,,,,,,,,,,0,59.64,234.76,25.87,8,8,0,0,2,1,2,20.40666667,23.37222222,1203.5,1,18.13,19.05266667,0.942666667,32.65,4,-0.922666667,3.130270478,10,1,0,21.2,28.6,13.9,21.38,1.01,11.195,48.61150873,31.5774406,2.776982537,11.30833095,5.553965073,0,0.057257372,0.114514744,62.57255464,24.81547832,1.59082766,9.10784665,1.820136152,0,0.057327123,0.035829452,10/7/2025
10/21/2025,S17,12:15:21 PM,Bull Run above UOSA,38.797717,-77.45866,25-3178,PF02,19.57,0,0,21.87,0,0,0,14.76,6.56,0,0,0,8.53,0,0,1.93,10.99,5.35,0,7.05,0,0,0,0,0,5.05,0,0,0,0,0,0,0,0,0,0,0,0,0,0,62.8,903,,9.3,,8,,0.03,0.02,0.05,104,3.26,25.3,41.3,229,,14,1.2,113.7,,,0,,,,,,,,,13.1,40.56,126.08,10.95,8,9,1,0,2,0,2,17.96333333,21.42777778,1028.5,0,14.58714286,15.40566667,0.942333333,24.4,0,-0.81852381,2.632797455,10,1,0,11.5,19.6,3.4,16.11,0.57,8.34,48.61150873,31.5774406,2.776982537,11.30833095,5.553965073,0,0.057257372,0.114514744,62.57255464,24.81547832,1.59082766,9.10784665,1.820136152,0,0.057327123,0.035829452,10/21/2025
2/1/2024,S18,12:00,Bull Run upstream of UOSA,38.797648,-77.458343,24-0215,PF02A,7.21,-0.17,0,11.91,-0.65,-0.34,-0.8,8.16,6.05,-0.87,0,0.4,3.73,2.29,0.49,24.07,10.3,7.95,31.98,1.61,0.73,0,0,3.11,3.03,5.47,5.71,-0.83,2.14,7.79,0,2.67,35.04,-1.15,5.04,4.04,17.94,0,2.69,0,94.6,562,,11.8,,7.1,,0.01,0.01,0.73,33.8,2.2,9.28,50.5,28,,7.5,3.8,,,,,,,,,,,,,50.09,174.35,174.35,50.03,11,5,1,1,5,3,5,2.143333333,2.222580645,11.7,0,6.288571429,5.204666667,0.495333333,18.76,0,1.083904762,33.49878314,2,0,0,1.7,5.9,-2.5,2.63,0.27,1.45,49.3547462,31.25896186,2.781760826,10.89761973,5.534843705,0,0.057355893,0.114711787,62.72401434,24.70250896,1.577060932,9.0609319,1.82078853,0,0.078853047,0.035842294,2/1/2024
2/1/2024,S19,12:00,UOSA Tributary,38.796984,-77.457145,24-0214,PF01,22.99,1.26,1.76,22.12,0.05,-0.59,-0.95,21.51,13.07,-0.81,-10.66,-0.68,8.25,-0.93,0.1,15.36,18.21,3.33,-5.5,4.33,0.01,0.55,0.4,1.53,0.72,5.22,-0.16,-1.53,-0.48,-0.12,0.03,-0.18,-0.52,-1.4,-0.54,-0.07,-1.44,-0.27,-3.54,-0.29,136,832,,10.9,,7.2,,0.02,0.04,6.45,65.1,13.4,9.15,74.5,58,,10.2,5.6,,,,,,,,,,,,,50.09,174.35,174.35,50.03,11,5,1,1,5,3,5,2.143333333,2.222580645,11.7,0,6.288571429,5.204666667,0.495333333,18.76,0,1.083904762,33.49878314,2,0,0,1.7,5.9,-2.5,2.63,0.27,1.45,53.44431688,29.19058553,2.755453502,9.529276693,4.936854191,0,0.057405281,0.086107922,63.31182796,24.19354839,1.433691756,9.11827957,1.82078853,0,0.086021505,0.035842294,2/1/2024
3/18/2024,S19,10:05,UOSA Tributary,38.796984,-77.457145,24-0513,PF01,29.15,2.52,6.46,21.19,1.1,-0.24,-0.21,19.66,10.54,0.88,0,0.14,5.95,-0.24,0.67,1.95,13.08,2,3.02,2.99,0.22,-0.29,0.74,0.74,0.81,2.71,0.16,0.48,0.36,-0.14,0.19,-0.25,0.27,-0.52,-0.04,-0.09,2.75,0.38,0.53,0.21,95.9,715,,10.9,,7.9,,0.04,0.04,7.86,63.8,18.2,7.53,61.5,75.2,,13.6,2.7,,,,,,,,,,,,,0.76,81.88,292.83,23.85,10,7,0,0,3,0,3,8.013333333,5.092207792,51.8,0,18.40571429,10.23933333,0.775333333,28.28,0,8.166380952,7.996614363,3,0,0,13.5,22.4,4.7,21.7,2.59,12.145,53.44431688,29.19058553,2.755453502,9.529276693,4.936854191,0,0.057405281,0.086107922,63.31182796,24.19354839,1.433691756,9.11827957,1.82078853,0,0.086021505,0.035842294,3/18/2024
4/15/2024,S19,9:05,UOSA Tributary,38.796984,-77.457145,24-0788,PF01,35.02,4.14,0,28.73,1.37,0,0,25.69,13.92,1.1,0,0,7.4,0,0.9,1.01,16.08,2.36,0,3.41,0,1.63,0,1.49,0.44,4.26,0.11,0,0.19,0,-0.08,0,0.39,0,0,0,0,0,0,0,88.5,753,,9.39,,7.3,,0.04,0.03,7.62,63.1,19.1,7.62,59.4,84.6,,,6,,,,,,,,,,,,,4.73,92.24,288.21,22.72,9,7,0,0,5,0,5,10.45666667,7.033333333,105.8,0,17.00714286,12.025,1.256333333,22.39,0,4.982142857,7.670686071,4,1,0,19.6,28.3,11,27.86,3.26,15.56,53.44431688,29.19058553,2.755453502,9.529276693,4.936854191,0,0.057405281,0.086107922,63.31182796,24.19354839,1.433691756,9.11827957,1.82078853,0,0.086021505,0.035842294,4/15/2024
5/20/2024,S19,13:00,UOSA Tributary,38.796984,-77.457145,24-1322,PF01,8.55,-0.41,0,0,-0.35,0,0,8.86,12.11,0,0,0,3.21,0,-0.4,5.61,8.76,2.99,0,2.15,0.17,-0.13,0,0.25,0,0.84,0,0,0,0,0,0,0,0,0,0,-2.83,0,0,0.54,89.7,796,,8.78,,,,0.04,0.01,6.99,64.7,22,7.34,61.4,91.6,,21.7,10.7,87,,,,,,,,,,,,26.25,86.26,257.1,15.99,14,8,1,0,4,0,4,16.85666667,12.48333333,345.2,1,10.62428571,15.45266667,1.13,35.7,4,-4.828380952,5.582208033,5,1,0,18.2,23.4,13,11.72,0.58,6.15,53.44431688,29.19058553,2.755453502,9.529276693,4.936854191,0,0.057405281,0.086107922,63.31182796,24.19354839,1.433691756,9.11827957,1.82078853,0,0.086021505,0.035842294,5/20/2024
6/17/2024,S19,10:35,UOSA Tributary,38.796984,-77.457145,24-1747,PF01,50.64,8.15,0,48.19,2.98,0,0,39.52,15.88,0,0,0,11.82,0,3.32,5.7,15.52,2.24,0,4.45,0,0,0,1.9,0,8.14,0,0,0,0,0,0,0,0,0,0,0,0,0,0,85.8,806,,9.72,,,,0.05,<0.01,14.6,79.8,21.7,10.5,60.1,129,,26.6,14.2,,,,,,,,,,,,,0.85,78.98,241.52,13.62,8,10,0,0,4,0,4,21.92333333,16.64555556,648.9,1,25.05142857,21.557,1.437666667,34.01,3,3.494428571,3.663775108,6,1,0,24.4,30.6,18.1,26.48,4.02,15.25,53.44431688,29.19058553,2.755453502,9.529276693,4.936854191,0,0.057405281,0.086107922,63.31182796,24.19354839,1.433691756,9.11827957,1.82078853,0,0.086021505,0.035842294,6/17/2024
7/15/2024,S19,7:10,UOSA Tributary,38.796984,-77.457145,24-2122,PF01,56.3,8.89,0,63.81,3.19,0,0,54.27,18.99,-0.07,0,0,14.29,0,1.99,3.34,18.94,3.5,0,5.52,0,0,0,1.74,0,7.82,0.02,1.85,0,0,0.67,0,0,0,0,0,4.27,0,6.17,0,97.1,862,,7.97,,,,0.06,<0.01,14.2,83.1,25,9.49,69,129,,26.4,6.9,,,,,,,,,,,,,53.54,72.32,222.14,24.93,5,12,2,0,3,0,3,26.85666667,21.82777778,1067.4,18,31.30285714,31.612,2.852,43.49,20,-0.309142857,2.287738833,7,1,0,30.3,36.8,23.7,43.39,3.39,23.39,53.44431688,29.19058553,2.755453502,9.529276693,4.936854191,0,0.057405281,0.086107922,63.31182796,24.19354839,1.433691756,9.11827957,1.82078853,0,0.086021505,0.035842294,7/15/2024
8/19/2024,S19,8:45,UOSA Tributary,38.796984,-77.457145,24-2435,PF01,58.81,7.68,0,63.28,2.62,0,0,41.22,20.4,1.85,0,0,10.31,1.04,2.46,5.97,21.88,3.17,-2.61,4.53,0,0,1.45,1.62,0,11.91,1.73,0,0,0,1.16,0,0.17,0,1.45,0,9.79,0,10.08,0,,860,,8.06,,,,0.07,<0.01,21.3,82.1,23.6,8.75,64.6,,,24.7,5.8,,,,,,,,,,,,,0.18,97.84,242.5,26.83,11,7,0,0,4,1,4,26.18666667,25.49666667,1394.7,10,25.85428571,26.72166667,1.435666667,45.02,12,-0.867380952,3.661448263,8,1,8.94,25.8,31.9,19.7,24.02,0.76,12.39,53.44431688,29.19058553,2.755453502,9.529276693,4.936854191,0,0.057405281,0.086107922,63.31182796,24.19354839,1.433691756,9.11827957,1.82078853,0,0.086021505,0.035842294,8/19/2024
9/16/2024,S19,8:05,UOSA Tributary,38.796984,-77.457145,24-2900,PF01,54.37,7.39,0,41.39,2.7,0,2.75,30.39,16.06,0,0,0,10.27,0.8,2.97,0,36.4,4.63,24.76,5.44,0,0,0,2.69,0,7.94,0,0,0,0,0,0,0,0,0,0,0,0,0,0,87.8,812,,8.19,,,,0.08,0.01,11.2,69.8,24.7,9.55,64.7,120,,20.5,6.1,,,,,,,,,,,,,0,54.48,233.02,37.87,5,13,0,0,1,1,1,22,25.26555556,1373.9,3,24.75857143,23.03033333,1.223,44.1,4,1.728238095,2.365575835,9,1,0,21,28.2,13.9,22.53,1.31,11.92,53.44431688,29.19058553,2.755453502,9.529276693,4.936854191,0,0.057405281,0.086107922,63.31182796,24.19354839,1.433691756,9.11827957,1.82078853,0,0.086021505,0.035842294,9/16/2024
10/21/2024,S19,11:45,UOSA Tributary,38.796984,-77.457145,24-3360,PF01,49.18,8.29,0,38.5,3.88,0,0,30.3,11.37,0,0,0,9.55,1.3,3.75,4.64,15.15,2.84,27.37,5,0.97,0,0,0,0,5.16,0,0,0,0,0,0,0,0,0,0,9.98,0,9.11,0.49,97.7,825,,8.84,,,,0.03,<0.01,8.22,68.3,23.4,7.6,66.5,103,,19.7,7.5,,,,,,,,,,,,,0,72.3,242.14,23.54,9,18,0,0,2,0,2,17.30666667,21.57888889,1045.3,0,15.66714286,12.94966667,0.606666667,25.42,0,2.71747619,5.583155294,10,1,0,14.1,24.8,3.4,24.33,0.31,12.32,53.44431688,29.19058553,2.755453502,9.529276693,4.936854191,0,0.057405281,0.086107922,63.31182796,24.19354839,1.433691756,9.11827957,1.82078853,0,0.086021505,0.035842294,10/21/2024
11/18/2024,S19,9:30,UOSA Tributary,38.796984,-77.457145,24-3571,PF01,53.74,8.45,0,39.68,2.53,0,0,29.55,15.21,0,0,0,8.86,0.88,0,1.33,16.11,2.44,0,3.58,0.23,0,0,1.01,0,5.4,0,0,0,0,0,0,0,0,0,0,-2.1,0.16,0,0,97.3,884,,11.6,,,,0.02,0.02,8.38,73.6,25.1,9.88,66.5,130,,13.3,9.2,,,,,,,,,,,,,20.08,20.08,158.15,12.27,2,23,1,0,1,0,1,12.89666667,17.44111111,693.6,0,9.834285714,16.312,0.765,31.05,2,-6.477714286,1.230995586,11,0,0.01,8.2,15.2,1.2,9.46,0.3,4.88,53.44431688,29.19058553,2.755453502,9.529276693,4.936854191,0,0.057405281,0.086107922,63.31182796,24.19354839,1.433691756,9.11827957,1.82078853,0,0.086021505,0.035842294,11/18/2024
12/9/2024,S19,15:00,UOSA Tributary,38.796984,-77.457145,24-3685,PF01,59.13,7.12,0,35.64,2.22,0,0,27.73,13.56,0,0,0,8.19,0,0.94,1.99,13.61,1.97,0,3.99,0,0,0,0,0,4.52,0,0,0,0,0,0,0,0,0,0,4.31,0,4.25,0,93,772,,10.7,,,,0.02,0.02,8.9,76.1,23.9,10.8,66.2,130,,10.9,7.3,,,,,,,,,,,,,0.93,47.85,140.56,16.23,6,10,0,0,2,0,2,6.046666667,13.38888889,451.9,0,5.582857143,8.646333333,0.759,20.87,0,-3.06347619,5.534137785,12,0,0.66,10.3,19,1.6,16.55,1.43,8.99,53.44431688,29.19058553,2.755453502,9.529276693,4.936854191,0,0.057405281,0.086107922,63.31182796,24.19354839,1.433691756,9.11827957,1.82078853,0,0.086021505,0.035842294,12/9/2024
1/17/2025,S19,9:10:00 AM,UOSA Tributary,38.796984,-77.457145,25-0016,PF01,39.36,5.62,0,0,2.96,0,0.88,25.99,15.81,0,0,0,8.74,0,0,6.98,8.34,2.01,-4.93,3.36,0,0,0,0,1.55,1.93,0,0,0,0,0,0,0,0,0,0,3.06,0,5.92,0,170,1040,,13,,7.1,,0.02,0.02,8.29,81.4,20,10.8,98.1,104,,6.7,10,,,,,,,,,,,,,2.01,60.81,161.02,18.1,8,8,0,0,1,0,1,1.336666667,6.308888889,119,0,5.157142857,5.216,0.755666667,13.33,0,-0.058857143,11.6583589,1,0,0,-3.1,2.6,-8.8,3.99,0.64,2.315,53.44431688,29.19058553,2.755453502,9.529276693,4.936854191,0,0.057405281,0.086107922,63.31182796,24.19354839,1.433691756,9.11827957,1.82078853,0,0.086021505,0.035842294,1/17/2025
2/18/2025,S19,9:35:00 AM,UOSA Tributary,38.796984,-77.457145,25-0123,PF01,35.77,4.77,0,0,1.19,0,0,21.75,11.64,0,0,0,8.38,1.09,0.47,2.5,12.87,2.35,0,2.3,0,0,0,1.12,0,4.79,0,0,0,0,0,0,0,0,0,0,1.93,0.63,3.56,0,208,1060,,13.8,,7.6,,0.01,0.02,8.02,82.1,15.3,11.7,105,74.1,,4,6.6,,,,,,,,,,,,,48.46,104,244.93,21.08,9,10,3,0,5,0,5,1.413333333,2.244444444,8.2,0,5.514285714,5.830666667,0.641333333,15.03,0,-0.316380952,17.83672536,2,0,0,0.7,5.9,-4.4,6.91,2.4,4.655,53.44431688,29.19058553,2.755453502,9.529276693,4.936854191,0,0.057405281,0.086107922,63.31182796,24.19354839,1.433691756,9.11827957,1.82078853,0,0.086021505,0.035842294,2/18/2025
3/19/2025,S19,8:20:00 AM,UOSA Tributary,38.796984,-77.457145,25-0357,PF01,30.75,5.13,0,22.36,1.5,0,0,19.6,9.89,0,0,0,6.81,0.58,0,1.67,16.33,2.2,0,2.82,0,0,0,0,0,3.35,0.45,0,0,0,0,0,-0.54,0,0,0,1.38,0,2.49,0,121,867,,10.8,,8,,0.04,<0.01,8.05,76.3,21,8.87,75.1,99.5,,11.6,8.4,,,,,,,,,,,,,6.4,31.75,185.28,13.77,3,16,0,0,2,0,2,6.07,2.75,21.8,0,11.44857143,10.42066667,1.405333333,23.35,0,1.027904762,3.046830017,3,0,0,11.1,20.3,1.8,19.67,1.45,10.56,53.44431688,29.19058553,2.755453502,9.529276693,4.936854191,0,0.057405281,0.086107922,63.31182796,24.19354839,1.433691756,9.11827957,1.82078853,0,0.086021505,0.035842294,3/19/2025
4/21/2025,S19,7:35:00 AM,UOSA Tributary,38.796984,-77.457145,25-0935,PF01,19.63,0.81,0,13.09,0.22,0,0,18.25,6.36,0,0,0,3.3,-0.17,0.03,1.15,10.51,1.68,-2.79,1.44,0,0,0,1.39,-0.27,5.03,0,0,0,0,0,0,0,0,0,0,0.12,0,0.12,0,104,749,,9.23,,7.5,,0.03,0.03,7.13,55.7,15.5,8.53,64,58.2,,16.2,5.3,,,,,,,,,,,,,3.11,69.86,192.16,25.3,8,10,0,0,2,1,2,12.73666667,7.053333333,137.4,0,18.46857143,14.17033333,1.780333333,29.74,1,4.298238095,4.930018113,4,1,0,18.8,24.5,13.2,17.23,4.52,10.875,53.44431688,29.19058553,2.755453502,9.529276693,4.936854191,0,0.057405281,0.086107922,63.31182796,24.19354839,1.433691756,9.11827957,1.82078853,0,0.086021505,0.035842294,4/21/2025
5/19/2025,S19,7:35:09 AM,UOSA Tributary,38.796984,-77.457145,25-1383,PF01 ,38.93,4.76,0,24.63,1.79,0,0,22.93,11.46,0,0,0,7.87,0.53,0.8,1.7,12.43,2.43,0,3.54,0,0.73,0,1.97,0,5.75,0,0,0,0,0,0,0,0,0,0,0,0,0,0,108,822,,9.3,,8.1,,0.03,<0.01,7.21,69.2,19.2,6.67,65.2,84.6,,18.8,16.1,,,,,,,,,,,,,50.83,138.47,234.69,36.56,10,7,1,1,6,2,6,19.80666667,12.74444444,409.5,0,18.87428571,19.418,1.472666667,32.03,1,-0.543714286,7.131012463,5,1,0,19.3,25.4,13.2,18.81,2.28,10.545,53.44431688,29.19058553,2.755453502,9.529276693,4.936854191,0,0.057405281,0.086107922,63.31182796,24.19354839,1.433691756,9.11827957,1.82078853,0,0.086021505,0.035842294,5/19/2025
6/16/2025,S19,7:05:54 AM,UOSA Tributary,38.796984,-77.457145,25-1757,PF01,62.29,7.72,0,0,2.58,0,0,28.77,17.09,0,0,0,10.4,0.6,0,2.14,14.83,2.77,0,4.48,0.34,0,0,2.36,0.42,5.95,0,0,0,0,0,0,0,0,0,0,0,0,0,0,106,859,,8.32,,7.4,,0.1,0.02,12.3,76.7,25.4,6.3,68,94.9,,21.6,6,,,,,,,,,,,,,49.73,124.92,338.17,27.12,10,6,2,1,5,1,5,20.22,17.07555556,668.4,2,22.57428571,19.16133333,1.139666667,34.3,3,3.412952381,6.519379306,6,1,38.07,18.6,20.4,16.9,2.47,0.28,1.375,53.44431688,29.19058553,2.755453502,9.529276693,4.936854191,0,0.057405281,0.086107922,63.31182796,24.19354839,1.433691756,9.11827957,1.82078853,0,0.086021505,0.035842294,6/16/2025
7/9/2025,S19,12:38:00 PM,UOSA Tributary,38.796984,-77.457145,25-1914,PF01,48.67,5.72,0,46,1.63,0,0,31.7,14.89,0,0,0,9.88,0,0,1.39,18.18,2.79,0,4.6,0.21,0,0,3.31,0,8.62,0.78,0,0,0,0,0,0,0,0,0,0,0,0,0,92,672,,9.27,,8,,0.07,<0.01,10.6,64.5,20.3,6.28,62.4,83.2,,29,7.6,,,,,,,,,,,,,36.65,210.48,454.06,41.23,11,6,1,1,8,4,8,25.91333333,20.58,960.5,16,27.54285714,23.92333333,0.982666667,38.61,11,3.61952381,8.798105058,7,1,9.11,29.2,35.9,22.6,31.57,0.66,16.115,53.44431688,29.19058553,2.755453502,9.529276693,4.936854191,0,0.057405281,0.086107922,63.31182796,24.19354839,1.433691756,9.11827957,1.82078853,0,0.086021505,0.035842294,7/9/2025
7/23/2025,S19,7:20:21 AM,UOSA Tributary,38.796984,-77.457145,25-2089,PF01,52.37,6.02,0,52.88,1.5,0,0,35.68,18.05,0,0,0,9.48,0.45,0,0.75,17.78,3.62,0,3.49,0.2,0,0,2.19,0.31,8.09,0,0,0,0,0,0,0,0,0,0,0.18,0,0,0,86.1,772,,6.91,,7.7,,0.06,<0.01,12.2,65.4,20.2,7.54,56.3,86.8,,24.6,3.2,,,,,,,,,,,,,37.65,217.97,550.78,44.94,11,5,1,1,7,4,7,27.67666667,22.73555556,1146.2,20,23.12,25.82166667,1.066,38.61,9,-2.701666667,8.441360614,7,1,0,25.8,31.8,19.8,27.93,1.18,14.555,53.44431688,29.19058553,2.755453502,9.529276693,4.936854191,0,0.057405281,0.086107922,63.31182796,24.19354839,1.433691756,9.11827957,1.82078853,0,0.086021505,0.035842294,7/23/2025
8/12/2025,S19,9:40:06AM,UOSA Tributary,38.796984,-77.457145,25-2375,PF01,38.01,4.35,0,42.33,1.15,0,0,26.85,14.06,0,0,0,6.71,0.33,0,0.62,13.89,2.29,0,3.48,0,0.03,0,1.47,0,6.05,0,0,0,0,0,0,0,0,0,0,0,0,0,0,95.6,850,,7.04,,7.4,,0.07,0.01,12.6,66.4,22.7,8.17,64.7,100,,24.9,8.7,,,,,,,,,,,,,0,137.56,492.04,44.94,8,10,0,0,5,2,5,26.09,24.09333333,1268.4,12,23.46571429,23.983,0.96,34.55,5,-0.517285714,5.735729475,8,1,0,25.9,31,20.7,21.34,0.89,11.115,53.44431688,29.19058553,2.755453502,9.529276693,4.936854191,0,0.057405281,0.086107922,63.31182796,24.19354839,1.433691756,9.11827957,1.82078853,0,0.086021505,0.035842294,8/12/2025
8/26/2025,S19,11:50:00 AM,UOSA Tributary,38.796984,-77.457145,25-2601,PF01,47.2,6.55,0,46.11,2.27,0,0,31.96,14.49,0,0,0,9.41,0,0,0.51,10.68,1.9,0,3.03,0,0,0,4.31,0,6.58,3.14,0,0,4.7,0,0,0,0,0,0,0,0,0,0,93.4,820,,8.21,,8,,0.06,<0.01,14.5,70,23.7,8.12,65.1,106,,23.8,9,,,,,,,,,,,,,0,39.99,437.06,19.48,5,12,0,0,2,0,2,24.84333333,25.05666667,1355.1,9,14.66285714,22.00833333,0.948,34.55,5,-7.34547619,1.817039,8,1,0,21.2,29.2,13.2,27.04,1.56,14.3,53.44431688,29.19058553,2.755453502,9.529276693,4.936854191,0,0.057405281,0.086107922,63.31182796,24.19354839,1.433691756,9.11827957,1.82078853,0,0.086021505,0.035842294,8/26/2025
9/9/2025,S19,12:01:00 PM,UOSA Tributary,38.796984,-77.457145,25-2711,PF01,47.27,7.1,1.62,40.59,2.16,,0.32,29.37,16.06,,,,9.21,0.26,,0.68,15.17,2.23,,3.76,,,,2.24,,5.96,,,,,,,,,,,,,,,97.1,738,,8.17,,7.9,,0.06,<0.01,11.7,69.6,23.2,7.55,67.9,113,,24.8,7.7,,,,,,,,,,,,,4.44,12.71,381.67,4.16,4,19,0,0,0,0,0,22.81333333,25.15222222,1363.7,4,25.22857143,22.919,1.224,34.15,3,2.309571429,0.554561717,9,1,0,17.1,25.1,9,22.87,0.91,11.89,53.44431688,29.19058553,2.755453502,9.529276693,4.936854191,0,0.057405281,0.086107922,63.31182796,24.19354839,1.433691756,9.11827957,1.82078853,0,0.086021505,0.035842294,9/9/2025
9/23/2025,S19,11:30:00 AM,UOSA Tributary,38.796984,-77.457145,25-2888,PF01,47.84,7.07,0,44.51,1.94,0,0,31.38,18.15,0,0,0,9.02,0.49,0,0.59,15.92,2.19,0,3.95,0,0,0,1.67,0,7.98,0,0,0,0,0,0,0,0.12,0,0,0,0,1.73,0,94.3,839,,8.61,,8,,0.06,0.01,12.4,70.3,22.2,8.88,65.6,114,,23.8,9,,,,,,,,,,,,,32.63,38.74,303.85,25.87,4,14,1,1,1,1,1,20.85666667,24.47,1302.3,1,17.38142857,22.81233333,1.245,32.65,4,-5.430904762,1.698204188,9,1,0,21.4,26.1,16.8,13.33,1.24,7.285,53.44431688,29.19058553,2.755453502,9.529276693,4.936854191,0,0.057405281,0.086107922,63.31182796,24.19354839,1.433691756,9.11827957,1.82078853,0,0.086021505,0.035842294,9/23/2025
10/7/2025,S19,11:55:12 AM,UOSA Tributary,38.796984,-77.457145,25-2996,PF01,43.87,5.47,0,34.76,1.42,0,0,20.43,14.01,0,0,0,7.3,0.47,0,0,13.34,2.63,0,4.48,0,0,0,1.95,0,5.91,0,0,0,0,0,0,0,0,0,0,0,0,0,0,94.1,882,,8.61,,7.9,,0.05,0.01,9.69,67.5,23,9.87,66.3,115,,23,10.7,,,,,,,,,,,,,0,59.64,234.76,25.87,8,8,0,0,2,1,2,20.40666667,23.37222222,1203.5,1,18.13,19.05266667,0.942666667,32.65,4,-0.922666667,3.130270478,10,1,0,21.2,28.6,13.9,21.38,1.01,11.195,53.44431688,29.19058553,2.755453502,9.529276693,4.936854191,0,0.057405281,0.086107922,63.31182796,24.19354839,1.433691756,9.11827957,1.82078853,0,0.086021505,0.035842294,10/7/2025
10/21/2025,S19,12:20,UOSA Tributary,38.796984,-77.457145,25-3177,PF01,49.33,7.21,0,38.92,1.85,0,0,25.34,14.58,0,0,0,8.71,0,0,0.42,11.47,2.45,0,2.93,0,0,0,2.15,0,3.6,0,0,0,0,0.28,0,0,0,0,0,0,0,0,0,95.1,856,,9.16,,8.3,,0.06,0.01,7.13,69.1,23.6,10.6,67.4,126,,18.3,12.2,87.2,,,2.2,,,,,,,,,13.1,40.56,126.08,10.95,8,9,1,0,2,0,2,17.96333333,21.42777778,1028.5,0,14.58714286,15.40566667,0.942333333,24.4,0,-0.81852381,2.632797455,10,1,0,11.5,19.6,3.4,16.11,0.57,8.34,53.44431688,29.19058553,2.755453502,9.529276693,4.936854191,0,0.057405281,0.086107922,63.31182796,24.19354839,1.433691756,9.11827957,1.82078853,0,0.086021505,0.035842294,10/21/2025
7/15/2025,S2,10:40:00 AM,Cub Run upstream of Dead Run,38.9165926,-77.4655216,25-2059,Float O1 ,67.328,0,0,260.482,0,0.657,0,141.918,7.867,0,26.868,0,53.44,7.275,0,910.145,55.915,64.845,0,17.48,1.868,27.789,0,4.642,0,96.537,0,0,0,0,0.512,0,0,0,0,0,0,0,0,0,24.5,444,,6.65,,7.6,,0.06,0.02,0.15,41.5,18.8,6.39,30.9,<5.00,,25.5,3,,,,,,,,,,,,,38.09,167.45,394.87,35.26,14,5,2,0,6,2,8,26.16,21.33888889,1021.7,17,23.68714286,22.58,1.110333333,37.55,10,1.107142857,7.415854739,7,1,4.13,26.9,32,21.9,16.48,0.14,8.31,51.64426651,38.28996283,0.629110666,7.206176723,0,1.458392908,0.772090363,0,60.12608353,32.45218139,1.038756358,4.362776703,0.157604413,1.031592521,0.759366717,0.07163837,7/15/2025
4/15/2024,S20,16:15,Unnamed Tributary to Rocky Branch,38.784617,-77.579383,24-0798,FLOAT C1,9.01,0.47,0,7.98,-0.07,0,-0.25,7.69,3.44,2.16,0,0,5.28,0,2.45,2.93,7.67,2.78,0,2.61,0,3.41,0,1.16,0,6.06,-0.12,0,0,0,0,0,0.74,0,0,0,0,0,0,0,90.7,550,,9.58,,7.3,,0.05,<0.01,1.01,55.5,1.83,22.7,42.1,49.2,,,17.1,,,,,,,,,,,,,4.56,88.19,285.92,20.7,8,7,0,0,5,0,5,10.43666667,6.872222222,104.2,0,16.56857143,11.922,1.285333333,21.71,0,4.646571429,7.397248784,4,1,0,19.5,28.3,10.6,27.93,2.92,15.425,76.28333811,17.03470032,0.028677947,4.072268426,0.200745627,0.229423573,0.8603384,1.2905076,72.70578122,18.16032667,0.537287771,5.61644817,0.143276739,0.107457554,2.005874346,0.723547532,4/15/2024
11/18/2024,S21,10:59,Wellington Rd. Opposite Sheetz,38.7829185,-77.5653159,24-3578,FLOATJ1,25.12,0.45,0,11.24,0.39,0,0,16.32,7.03,0,0,0,4.94,1.21,0,1.4,7.78,4.41,0,1.38,0,0,0,0,0,8.73,0,0,0,0,0,0,0,0,0,0,0,0,2.55,0,116,534,,2.26,,,,0.09,0.02,0.2,77.3,12.8,26.6,63.7,43.6,,14.8,47.3,,,,,,,,,,,,,19,19,214.7,11.93,2,23,1,0,1,0,1,13.03333333,17.46555556,694.9,0,9.557142857,16.12433333,0.894,30.9,2,-6.567190476,1.178343291,11,0,0,8.1,15,1.1,9.19,0.34,4.765,80.30910132,14.33886663,1.058958214,2.26101889,0.028620492,0,0.744132799,1.25930166,78.95227175,14.10348287,1.003296546,3.647699584,0.186326501,0.143328078,1.447613588,0.515981081,11/18/2024
9/16/2024,S22,9:50,Outfall 4 to Flat Branch,38.7733889,-77.4924722,24-2907,FLOAT A2,14.73,1.37,0,2.88,1.3,0,0,0,0,0,0,0,0,0,3.07,0,0,0,0,0,0,0,0,0,0,0,0,0,0,0,0,0,0,0,0.54,0,0,0,0,0,69.8,352,,10.5,,,,,<0.01,1.67,110,<1.00,28.4,36.8,153,,15.8,<1.0,201.9,,,,,,,,,,,,0,67.97,251.22,48.86,4,14,0,0,1,1,1,21.93,25.20777778,1368.7,4,25.22142857,23.24833333,1.076333333,43.86,4,1.973095238,2.923650441,9,1,0,21.1,28.4,13.7,23.26,1.19,12.225,99.85685657,0.14314343,0,0,0,0,0,0,95.90886294,1.304005159,1.296840295,0.336748585,0.057318908,0.952926847,0.14329727,0,9/16/2024
2/1/2024,S23,8:40,South Run,38.7544227,-77.6752321,24-0216,PF03,-2.24,-0.58,0,1.09,-0.82,-0.68,-0.87,1.16,1.44,-0.91,0,-0.69,0.71,-1.25,-1.32,0.18,2.31,2.79,-5.19,0.87,-0.07,0.55,0,0.36,0,4.38,0.13,-1.59,-0.42,-0.04,-0.01,-0.13,-0.47,-1.47,-0.54,0.27,-1.43,-0.26,-3.45,-0.32,29,188,,12.2,,6.9,,0.02,0.02,0.47,13.2,1.96,4.72,13.5,7.15,,4.1,7.9,,,,,,,,,,,,,49.83,187.06,187.06,69.78,11,5,1,1,4,2,4,1.986666667,2.058064516,11.1,0,6.402857143,5.271333333,0.418333333,18.72,0,1.13152381,35.48627798,2,0,0,1.6,5.9,-2.7,2.56,0.17,1.365,31.20526768,15.4881191,49.84254223,3.263670198,0.14314343,0,0.057257372,0,29.91109837,30.84313163,32.06194436,3.061370806,2.609693146,0,0.157728707,1.35503298,2/1/2024
2/20/2024,S23,15:00,South Run,38.7544227,-77.6752321,24-0351,PF03,3.98,0.05,0,3.01,0.05,-0.22,-0.28,2.3,2.98,0.78,0,0.15,1.6,0.26,0.49,0.54,7.45,7.58,0,3.91,0.44,-0.23,0.71,-0.25,0.77,24.14,1.13,0.45,0.43,-0.01,0,-0.24,0.09,-0.5,-0.01,-0.17,2.75,0,0.46,0.22,34.6,,,,,,,0.01,<0.01,0.41,18.5,1.81,5.84,16.2,10.4,,,4.3,,,,,,,,,,,,,30.67,89.46,226.69,38.86,9,12,1,0,2,1,2,4.403333333,2.954,14.9,0,6.574285714,6.761666667,0.5,18.72,0,-0.187380952,13.23046586,2,0,0,1.7,9.1,-5.8,8.01,0.41,4.21,31.20526768,15.4881191,49.84254223,3.263670198,0.14314343,0,0.057257372,0,29.91109837,30.84313163,32.06194436,3.061370806,2.609693146,0,0.157728707,1.35503298,2/20/2024
5/20/2024,S23,15:32,South Run,38.7544227,-77.6752321,24-1324,PF03,3.31,-0.91,0,0,-0.58,0,0,4.82,3.46,0,0,0,2.12,0.4,-0.23,6.69,11.69,7.54,0,2.88,0.62,0,0,0.21,0,17.99,0,0,0,0,0,0,0,0,0,0,0,0,-1.31,0,38.8,274,,9.42,,,,0.04,0.02,0.48,31.1,1.47,7.91,21.6,14.5,,17.8,20.6,85.6,,,,,,,,,,,,29.87,91.05,257.07,15.29,13,8,0,0,3,0,4,16.6,12.28111111,332,2,10.44,15.156,1.051333333,35.35,3,-4.716,6.007521774,5,1,0.11,17.5,22.6,12.4,10.31,0.51,5.41,31.20526768,15.4881191,49.84254223,3.263670198,0.14314343,0,0.057257372,0,29.91109837,30.84313163,32.06194436,3.061370806,2.609693146,0,0.157728707,1.35503298,5/20/2024
6/17/2024,S23,11:00,South Run,38.7544227,-77.6752321,24-1749,PF03,5.08,1.36,0,0,0.88,0,0,4.72,5.51,0,0,0,2.29,0.65,2.54,4.05,7.11,7.89,0,2.37,0.4,0,0,0.76,0,18.41,2.57,0,0,0,0,0,0,0,-0.95,0,3.39,0,4.03,0,45.5,288,,5.18,,,,0.05,0.02,0.16,25.2,2.42,9.28,15.8,7.13,,21.9,4.1,,,,,,,,,,,,,1.61,50.13,213.13,9.53,10,6,0,0,0,0,1,21.54,16.39111111,626.9,1,24.26571429,21.081,1.29,33.01,6,3.184714286,2.377970685,6,1,0,23.9,30.5,17.3,26.36,2.77,14.565,31.20526768,15.4881191,49.84254223,3.263670198,0.14314343,0,0.057257372,0,29.91109837,30.84313163,32.06194436,3.061370806,2.609693146,0,0.157728707,1.35503298,6/17/2024
7/15/2024,S23,12:30,South Run,38.7544227,-77.6752321,24-2124,PF03,14.94,1.28,0,17.75,0.88,0,1.36,11.38,5.69,-0.1,0,0,4.92,0,1.92,2.18,7.35,1.2,0,2.57,0,0,0,1.37,0,7.25,0.43,0,0,0,0.49,0,0,0,0,0,0,0,0,0,39,182,,4.51,,,,0.05,0.03,0.24,30.9,2.16,8.12,27.4,29,,25.6,3.9,78.9,,,,,,,,,,,,41.78,60.23,188.48,20.03,5,12,2,0,3,0,3,26.42,21.47333333,1035.6,21,30.41571429,31.35866667,2.397,43.78,22,-0.942952381,1.920681151,7,1,0,29.9,36.7,23,43.17,2.95,23.06,31.20526768,15.4881191,49.84254223,3.263670198,0.14314343,0,0.057257372,0,29.91109837,30.84313163,32.06194436,3.061370806,2.609693146,0,0.157728707,1.35503298,7/15/2024
8/20/2024,S23,10:00,South Run,38.7544227,-77.6752321,24-2437,PF03,2.43,0.7,0,10.69,0,0,0,10.43,6.92,1.82,0,0,3.05,2.6,2.48,0,9.9,17.87,0,5.1,1.06,0,0,-0.42,0,25.5,1.91,0,0,0.29,0.91,0,0,0,0,0,0,0,0,0.48,,226,,6.46,,,,0.08,0.01,0.06,30.2,2.7,9.97,19,,,22.4,11,54.7,,,,,,,,,,,,3.64,128.67,225.35,56.51,12,7,0,0,3,1,4,25.78,25.14888889,1363.4,10,24.54714286,26.053,1.348333333,43.84,11,-1.505857143,4.938778644,8,1,2.1,22.4,28.7,16.2,18.8,3.1,10.95,31.20526768,15.4881191,49.84254223,3.263670198,0.14314343,0,0.057257372,0,29.91109837,30.84313163,32.06194436,3.061370806,2.609693146,0,0.157728707,1.35503298,8/20/2024
9/16/2024,S23,12:00,South Run,38.7544227,-77.6752321,24-2902,PF03,10.97,1.37,0,13.24,1.28,0,0,7.89,6.29,0,0,0,3.84,1.78,3.01,0,13.88,25.24,24.64,5.07,1.15,3.94,0,0.97,0,23.28,0,0,0,0,0,0,0,0,0,0,10.1,0,10.6,0,48.4,136,,7.37,,,,0.07,0.01,0.33,29.2,2.98,9.61,17.9,9.61,,17.9,1.3,71.9,,,,,,,,,,,,0,76.37,265.07,60.95,5,13,0,0,1,1,1,21.56333333,24.84444444,1336,4,23.04285714,21.758,1.120666667,40.27,5,1.284857143,3.509973343,9,1,0,20.5,27.5,13.5,20.49,1.21,10.85,31.20526768,15.4881191,49.84254223,3.263670198,0.14314343,0,0.057257372,0,29.91109837,30.84313163,32.06194436,3.061370806,2.609693146,0,0.157728707,1.35503298,9/16/2024
10/21/2024,S23,11:56,South Run downstream of Vint Hill,38.7544227,-77.6752321,24-3362,PF03,10.57,1.5,0,0,0,0,0,6.03,4.65,0,0,0,3.34,1.8,3.84,0,5.74,14.87,24.08,3.22,0,0,0,0.83,0,20.11,1.27,0,0.94,0,0,0,0,0,0,0,0,0,8.11,0,41.5,258,,7.88,,,,<0.01,0.01,0.18,26.8,2.6,9.27,16.6,10.2,,12.6,<1.0,68.5,,,,,,,,,,,,0,119.13,332.47,60.8,10,17,0,0,3,1,3,17.13666667,21.23555556,1013.4,0,14.19,11.831,0.717666667,24.24,0,2.359,10.06930944,10,1,0,14.9,24.4,5.3,23.2,0.81,12.005,31.20526768,15.4881191,49.84254223,3.263670198,0.14314343,0,0.057257372,0,29.91109837,30.84313163,32.06194436,3.061370806,2.609693146,0,0.157728707,1.35503298,10/21/2024
11/18/2024,S23,11:00,South Run downstream of Vint Hill,38.7544227,-77.6752321,24-3573,PF03,7.25,0.4,0,6.55,0.35,0,0,4.8,3.16,0,0,0,2.59,1.37,0.55,0,4.54,10.47,9.04,1.48,0.39,0,0,0,0,14.03,0,0,0,0,0,0,0,0,0,0,0,0,0,0,33.5,245,,5.2,,,,<0.01,0.02,0.01,23.4,2.75,8.18,15.1,8.17,,11.3,1,,,,,,,,,,,,,18.15,18.15,229.81,11.55,2,23,1,0,1,0,1,12.91333333,17.22777778,673.8,0,9.988571429,15.783,0.882666667,27.57,1,-5.794428571,1.149971488,11,0,0,8,15.3,0.7,9.53,0.29,4.91,31.20526768,15.4881191,49.84254223,3.263670198,0.14314343,0,0.057257372,0,29.91109837,30.84313163,32.06194436,3.061370806,2.609693146,0,0.157728707,1.35503298,11/18/2024
12/9/2024,S23,10:00,South Run downstream of Vint Hill,38.7544227,-77.6752321,24-3687,PF03,10.26,0,0,8.24,0,0,0,4.65,3.11,0,0,0,2.36,0.7,0.77,1.31,2.11,3.87,0,1.51,0,0,0,0,0,10.54,1.73,0,0,0,0,0,0,0,0,0,0,0,4.1,0,25.3,391,,12,,,,<0.01,<0.01,0.08,17.8,2.39,6.79,11.8,6.92,,5.1,2,,,,,,,,,,,,,0.34,46.7,185.63,17.85,7,10,0,0,2,0,2,5.92,13.24333333,441.2,0,5.395714286,8.752333333,0.732,21.39,0,-3.356619048,5.335719998,12,0,0,10,18.3,1.7,15.46,1.3,8.38,31.20526768,15.4881191,49.84254223,3.263670198,0.14314343,0,0.057257372,0,29.91109837,30.84313163,32.06194436,3.061370806,2.609693146,0,0.157728707,1.35503298,12/9/2024
1/17/2025,S23,1:31:00 PM,South Run downstream of Vint Hill,38.7544227,-77.6752321,25-0018,PF03,-0.14,0.13,42.55,0,1.13,0,0,3.5,0,1.32,0,0,1.79,0.35,0,0,1.58,3.81,-3.82,0.52,0.52,0,0,0,0,2.75,0,0,0,0,0,0,0,0,0,0,3.33,0,5.61,0,45.5,261,,16.3,,7.6,,0.03,<0.01,0.34,22.5,2.37,7.94,17.7,8.45,,2.9,2.2,,,,,,,,,,,,,2.26,64.2,163.19,19.79,8,8,0,0,2,0,3,0.916666667,6.096666667,118.5,0,4.715714286,4.873333333,0.685,12.07,0,-0.157619048,13.17373461,1,0,0,-3.3,2.6,-9.2,3.89,0.57,2.23,31.20526768,15.4881191,49.84254223,3.263670198,0.14314343,0,0.057257372,0,29.91109837,30.84313163,32.06194436,3.061370806,2.609693146,0,0.157728707,1.35503298,1/17/2025
2/18/2025,S23,2:45:00 PM,South Run downstream of Vint Hill,38.7544227,-77.6752321,25-0125,PF03,7.6,0.91,0,0,0.08,0,0,2.7,2.59,0,0,0,2.18,0.94,0,1.92,2.51,3.47,1.77,0.74,0,0,0,0.39,0,9.91,0.54,0,0,0,0,0,0,0,0,0,6.48,0,9.04,0.46,56.1,196,,11.8,,7.3,,0.02,<0.01,0.59,19.1,1.98,7.02,25,8.55,,5.2,4.9,,,,,,,,,,,,,46.64,109.47,254.51,27.69,10,10,2,0,4,1,5,1.106666667,1.911111111,6.8,0,5.4,5.638,0.583,14,0,-0.238,19.41645974,2,0,0,0.4,5.7,-4.9,6.79,2.14,4.465,31.20526768,15.4881191,49.84254223,3.263670198,0.14314343,0,0.057257372,0,29.91109837,30.84313163,32.06194436,3.061370806,2.609693146,0,0.157728707,1.35503298,2/18/2025
3/19/2025,S23,1:30:00 PM,South Run downstream of Vint Hill,38.7544227,-77.6752321,25-0359,PF03,5.15,0,0,4.88,0.24,0,0,4.11,2.91,0,0,0,2.48,0.51,0,2.13,0,6.67,0,1.67,0,0,0,0,0,8.62,0,0,0.44,0,0,0,0,0,0.03,0,1.34,0,2.32,0,43.5,229,,,,7.3,,0.04,0.01,0.3,19.3,1.83,6.91,21.4,8.88,,12.3,1.1,,,,,,,,,,,,,3.16,26.79,191.73,14.64,3,16,0,0,1,0,1,5.863333333,2.426666667,20.3,0,11.55285714,10.26466667,1.368333333,23.16,0,1.288190476,2.609924011,3,0,0,10.8,20.1,1.4,19.3,1.37,10.335,31.20526768,15.4881191,49.84254223,3.263670198,0.14314343,0,0.057257372,0,29.91109837,30.84313163,32.06194436,3.061370806,2.609693146,0,0.157728707,1.35503298,3/19/2025
4/16/2025,S23,2:15:00 PM,South Run downstream of Vint Hill,38.7544227,-77.6752321,25-0937,PF03,6.43,-0.04,0,0,-0.04,0,0,6.07,3.62,0,0,0,4.55,0.49,0.04,1.3,5.58,5.79,0,1.86,0,0.11,0,0.03,0,12.24,-0.16,0,0,0,0,0,0,0,0,0,0,0,0,0,42.6,220,,,,8.4,,0.04,<0.01,0.11,19.6,2.02,6.9,18.1,8.04,,20,2.6,,,,,,,,,,,,,24.11,66.98,191.35,19,9,10,1,0,2,0,2,12.02666667,5.893333333,104.4,0,9.8,13.66666667,1.574333333,29.03,1,-3.866666667,4.90097561,4,1,0.01,12.3,19.8,4.8,15.54,1.22,8.38,31.20526768,15.4881191,49.84254223,3.263670198,0.14314343,0,0.057257372,0,29.91109837,30.84313163,32.06194436,3.061370806,2.609693146,0,0.157728707,1.35503298,4/16/2025
5/19/2025,S23,12:50:00 PM,South Run downstream of Vint Hill,38.7544227,-77.6752321,25-1385,PF03 ,7.15,0.37,0,8.19,0,0,0,6.36,3.47,0,0,0,3.47,0.66,0,1.56,4.58,5,0,1.8,0.5,0,0,0.72,0,10.46,0.61,0,0,0,0,0,0,0,0,0,0,0,0,0,31.6,182,,8.38,,7.3,,0.03,0.01,0.26,15.5,1.82,5.6,15.2,5.93,,21.6,1.3,,,,,,,,,,,,,76.62,151.68,233.57,33.26,10,7,3,1,5,2,6,19.39,12.43777778,389.7,0,16.60428571,18.59633333,1.321333333,28.57,1,-1.992047619,8.156446611,5,1,0,18.9,24.7,13,17.14,2.22,9.68,31.20526768,15.4881191,49.84254223,3.263670198,0.14314343,0,0.057257372,0,29.91109837,30.84313163,32.06194436,3.061370806,2.609693146,0,0.157728707,1.35503298,5/19/2025
6/16/2025,S23,11:20:00 AM,South Run downstream of Vint Hill,38.7544227,-77.6752321,25-1759,PF03,9.78,0.42,0,0,0,0,0,0,2.8,0,0,0,2.6,0,1.37,1.65,5.87,2.71,0,1.72,0.32,0,0,1.16,0,7.2,0,0,0,0,0,0,0,0,0,0,0,0,0,0,12.9,106,,,,6.8,,0.03,0.01,0.17,10.9,2.28,3.83,7.99,<5.00,,21,20.9,,,,,,,,,,,,,63.98,158.4,373.13,27.96,10,6,3,1,7,2,8,19.75666667,16.69222222,637.1,1,19.71571429,17.351,1.017666667,29.58,2,2.364714286,9.129156821,6,1,74.85,18.4,19.9,16.9,1.54,0.29,0.915,31.20526768,15.4881191,49.84254223,3.263670198,0.14314343,0,0.057257372,0,29.91109837,30.84313163,32.06194436,3.061370806,2.609693146,0,0.157728707,1.35503298,6/16/2025
7/9/2025,S23,1:45:00 PM,South Run downstream of Vint Hill,38.7544227,-77.6752321,25-1916,PF03,10.19,0.08,0,6.33,0,0,0,4.38,2.81,0,0,0,2.04,0.28,0,0.29,5.81,3.83,0,1.51,0.14,0,0,0.39,0,6.94,0.43,0,0,0,0,0,0,0,0,0,0,0,0.29,0,16.8,143,,8.66,,7.4,,0.02,<0.01,0.08,11.8,2.18,4.61,12.2,<5.00,,28.9,6.3,,,,,,,,,,,,,31.03,250.29,519.73,74.85,13,5,1,1,7,4,8,25.37666667,20.13444444,921.1,13,24.53857143,21.26966667,0.798,35.54,9,3.268904762,11.76746227,7,1,12.89,28.4,35,21.8,28.58,0.21,14.395,31.20526768,15.4881191,49.84254223,3.263670198,0.14314343,0,0.057257372,0,29.91109837,30.84313163,32.06194436,3.061370806,2.609693146,0,0.157728707,1.35503298,7/9/2025
8/13/2025,S23,13:15PM,South Run downstream of Vint Hill,38.7544227,-77.6752321,25-2377,PF03,6.67,0.04,0,7.09,0,0,0,5.03,3.22,0,0,0,2.27,0,0,0,6.89,4.37,0,1.99,0,0,0,0,0,10.92,0.71,0,0,0,0,0,0,0,0,0,0,0,0,0,19.8,131,,9.33,,7.5,,0.01,0.02,0.27,14,2.78,4.97,11.8,<5.00,,25.4,1.3,,,,,,,,,,,,,0,116.12,543.93,72.85,7,11,0,0,2,1,3,25.24666667,23.58222222,1222.4,9,19.30714286,21.01033333,0.641,29.38,3,-1.703190476,5.526804271,8,1,0,26.9,31.9,22,19.75,0.51,10.13,31.20526768,15.4881191,49.84254223,3.263670198,0.14314343,0,0.057257372,0,29.91109837,30.84313163,32.06194436,3.061370806,2.609693146,0,0.157728707,1.35503298,8/13/2025
9/9/2025,S23,3:15:00 PM,South Run downstream of Vint Hill,38.7544227,-77.6752321,25-2703,PF03,9.41,,,14.51,,,,9.28,4.98,,,,3.51,1.2,,,13.17,8.61,,2.69,0.47,,,,,9.22,,,,,,,,,,,,,,0.18,48.8,218,,5.12,,6.8,,0.03,0.02,0.06,24.8,3.62,8.96,21.1,10.9,,19.5,7,,,,,,,,,,,,,6.08,17.86,420.63,5.76,3,19,0,0,0,0,0,22.03333333,24.45333333,1300.8,4,23.19142857,20.09133333,0.899666667,28.88,2,3.100095238,0.888940505,9,1,0,16.3,24.1,8.6,20.66,0.85,10.755,31.20526768,15.4881191,49.84254223,3.263670198,0.14314343,0,0.057257372,0,29.91109837,30.84313163,32.06194436,3.061370806,2.609693146,0,0.157728707,1.35503298,9/9/2025
10/6/2025,S23,15:30,South Run downstream of Vint Hill,38.7544227,-77.6752321,25-2990,PF03,9.66,0.2,0,7.53,0.08,0,0,6.92,4.67,0,0,0,4.47,0.75,0.12,0,11.54,9.69,0,2.64,0,0,0,0,0,8.68,0,0,0,0,0,0,0,0,0,0,0.64,0,0,0,50,270,,7.63,,7.2,,<0.01,0.01,<0.01,27.6,3.88,10,22.3,9.35,,21.6,4.9,73.5,,,0,,,,,,,,,0,50.25,245.25,22.6,8,7,0,0,1,0,1,20.08333333,22.79111111,1151.2,1,16.14714286,17.504,0.854666667,28.77,2,-1.356857143,2.870772395,10,1,0,18.9,27.3,10.6,22.55,0.59,11.57,31.20526768,15.4881191,49.84254223,3.263670198,0.14314343,0,0.057257372,0,29.91109837,30.84313163,32.06194436,3.061370806,2.609693146,0,0.157728707,1.35503298,10/6/2025
9/16/2024,S24,9:10,Outfall 2 to Cannon Branch,38.747304,-77.503443,24-2908,FLOAT A3,7.71,1.51,0,4.24,1.34,1.64,0,2.11,1.49,0,0,0,1.49,0,2.96,2.68,1.5,3.77,25.67,1.36,0,0,0,0,0,7.71,0,0,0,0,0,0,0,0,0,0,0,0,0,0,100,323,,10,,,,,<0.01,0.59,104,1.02,21.6,23.9,22.4,,17.2,7.1,228.4,,,,,,,,,,,,0,68.28,269.83,53.87,5,13,0,0,1,1,1,21.76666667,24.98333333,1348.5,4,23.97428571,21.79733333,1.066666667,39.56,6,2.176952381,3.132493271,9,1,0,20.9,28,13.9,22.17,1.4,11.785,93.8769671,3.776824034,0.801144492,0.457796853,1.087267525,0,0,0,93.61610661,3.095221036,1.089059253,1.5117862,0.67349717,0,0.014329727,0,9/16/2024
7/15/2024,S25,14:00,Vint Hill WWTP Influent,38.747077,-77.68635,24-2130,FLOAT E1,10.59,0,0,0,4.21,0,7.07,35.49,7.31,0,0,0,4.51,0,11.11,0,16.74,5.69,0,9.66,0,0,0,0,0,9.3,-1.49,0,0,27.57,0,0,0,0,0,0,0,0,32.06,0,474,1550,,1.58,,7.6,,46.4,5.07,0.02,101,13.9,15.6,320,108,,21.5,273,352,,,0,,,,,,,,,41.78,60.23,188.48,20.03,5,12,2,0,3,0,3,26.42,21.47333333,1035.6,21,30.41571429,31.35866667,2.397,43.78,22,-0.942952381,1.920681151,7,1,0,29.9,36.7,23,43.17,2.95,23.06,55.58739255,22.57879656,12.3782235,3.266475645,5.702005731,0,0.114613181,0.372492837,48.52287394,19.64721067,22.30030116,5.313351499,3.341459917,0,0.143410297,0.731392514,7/15/2024
2/20/2024,S26,13:50,Cannon Branch at Cannon Branch Cemetery,38.7433333,-77.5133667,24-0353,FLOAT A1,24.37,1.44,0,8.85,0.37,-0.14,-0.23,5.86,4.16,0.96,2.9,0.15,3.54,9.3,0.5,2.94,8.26,10.13,8.53,14.22,8.93,0,0,0,34.23,38.1,0,0.47,18.88,0,0,23.78,0,-0.49,0,10.74,0,33.76,0,9.55,136,,,,,,,0.02,<0.01,0.72,68.6,1.68,13.5,85.2,97.1,,,6.2,,,,,,,,,,,,,31.05,89.58,232.19,42.15,9,12,1,1,2,2,2,4.5,3.034,16.3,0,6.117142857,6.394333333,0.567,18.67,0,-0.277190476,14.00927905,2,0,0,1.9,8.9,-5.2,7.61,0.57,4.09,94.15305245,2.120951562,1.633705933,0.515907137,1.54772141,0,0.028661508,0,90.70717203,3.396145303,2.414559003,2.794296769,0.67349717,0,0.014329727,0,2/20/2024
1/31/2024,S27,9:10,Bull Run Marina,38.7416667,-77.3883333,24-0207,RE30,7.65,-0.21,0,17.59,-1.02,-0.99,-1.5,14.19,10.48,-1.35,-16.1,-1.03,6.49,-1.19,-2.02,13.3,11.97,8.55,-10.54,2.96,0.09,1.1,0.59,1.15,0,6.67,-0.08,-2.37,-0.7,-0.06,0.17,-0.3,-0.88,-2.24,-0.82,-0.13,-2.25,-0.4,-5.35,-0.43,99.1,426,1,11,,7.2,,0.02,0.02,1.42,30.3,3.9,7.34,52.9,21.2,,6.5,11.4,,,,,,,,,,,,,53.39,179.5,179.5,58.71,11,6,1,1,4,3,4,2.203333333,2.203333333,11.2,0,6.788571429,5.267666667,0.452333333,18.33,0,1.520904762,34.07580839,1,0,0,4.4,6.1,2.6,3.86,1.21,2.535,8.366762178,76.07449857,1.06017192,3.266475645,10.0286533,0,0.372492837,0.830945559,13.78593448,68.70026525,5.778191985,3.333572299,7.548928239,0,0.415800416,0.437307334,1/31/2024
2/22/2024,S27,9:11,Bull Run Marina,38.7416667,-77.3883333,24-0431,RE30,13.11,0.88,0,12.67,0.36,-0.25,-0.22,10.52,7.05,0.89,2.73,0.16,4.37,-0.05,0.47,8.61,8.35,3.46,4.08,2.16,0.2,-0.21,0.77,0.19,0,3.47,0.18,0.47,0.39,-0.07,0.15,-0.19,-0.02,-0.53,-0.19,-0.18,2.9,0,0.3,0.22,102,582,1,12.9,2.53,7.8,,<0.01,<0.01,2.61,44.9,6.4,9.75,59.1,45.6,,6.4,4.9,,,,,,,,,,,,,2.71,89.85,215.96,41.43,8,13,0,0,2,1,2,5.26,3.2,15.2,0,7.615714286,6.972333333,0.677,18.33,0,0.643380952,12.88664722,2,0,0,3.3,9.6,-3,7.19,0.38,3.785,8.366762178,76.07449857,1.06017192,3.266475645,10.0286533,0,0.372492837,0.830945559,13.78593448,68.70026525,5.778191985,3.333572299,7.548928239,0,0.415800416,0.437307334,2/22/2024
3/21/2024,S27,8:20,Bull Run Marina,38.7416667,-77.3883333,24-0612,RE30,13.89,1.17,0,13.49,0.25,0.46,0.52,11.33,7.12,0.76,0,0.28,4.43,-0.33,0.26,5.46,-0.27,0.63,2.88,1.91,0.33,1.72,0,0.78,0,-0.04,0.14,-0.14,-0.54,0.02,0.5,0.09,0.34,-0.16,0.12,1.02,-0.35,0.31,3.85,-0.6,67.5,479,1,11.8,2.15,6.9,,0.05,0.01,2.3,43.4,6.61,9.3,40.2,50.1,,11.3,15,,,,,,,,,,,,,1.09,80.79,296.75,22.95,9,5,0,0,3,0,3,8.73,5.29125,54.7,0,18.37142857,10.95633333,0.975,28.5,1,7.415095238,7.373817275,3,0,0,9.8,20.6,-1,20.47,3.01,11.74,8.366762178,76.07449857,1.06017192,3.266475645,10.0286533,0,0.372492837,0.830945559,13.78593448,68.70026525,5.778191985,3.333572299,7.548928239,0,0.415800416,0.437307334,3/21/2024
4/18/2024,S27,8:53,Bull Run Marina,38.7416667,-77.3883333,24-0874,RE30-bottom,17.24,1.73,0,16.75,0.31,0,0,14.2,8.76,1.87,0,0,5.52,0,1.89,3.51,12.28,3.48,0,2.75,0.11,0,0,1.74,0,5.69,0,1.62,0,0,-0.07,0,0,0,0,0,0,0,0,0,61.9,510,8,9.41,2.28,7.4,,0.09,<0.01,2.41,45.1,7.55,9.55,38,56.6,,,12.4,,,,,,,,,,,,,8.95,109.97,294.05,21.99,8,7,0,0,5,0,5,11.00666667,7.911111111,133.3,0,20.32285714,12.86633333,1.460333333,30.05,2,7.45652381,8.547112619,4,1,0,17.9,22.9,12.9,13.15,0.66,6.905,8.366762178,76.07449857,1.06017192,3.266475645,10.0286533,0,0.372492837,0.830945559,13.78593448,68.70026525,5.778191985,3.333572299,7.548928239,0,0.415800416,0.437307334,4/18/2024
4/18/2024,S27,8:51,Bull Run Marina,38.7416667,-77.3883333,24-0876,RE30-mid,12.93,1.23,0,14.81,0.13,1.04,0,12.38,8.28,2.13,0,0,4.83,0,1.72,3.6,11.26,3.58,0,3.85,0,3.36,0,1.64,0,7.3,0,1.59,0,0,-0.07,0,0.65,0,0,0,0,0,0,0,59,478,15,9.82,1.59,7.2,,0.44,0.01,1.42,43,5.93,9.65,34.6,46.9,,,51.7,,,,,,,,,,,,,8.95,109.97,294.05,21.99,8,7,0,0,5,0,5,11.00666667,7.911111111,133.3,0,20.32285714,12.86633333,1.460333333,30.05,2,7.45652381,8.547112619,4,1,0,17.9,22.9,12.9,13.15,0.66,6.905,8.366762178,76.07449857,1.06017192,3.266475645,10.0286533,0,0.372492837,0.830945559,13.78593448,68.70026525,5.778191985,3.333572299,7.548928239,0,0.415800416,0.437307334,4/18/2024
4/18/2024,S27,8:47,Bull Run Marina,38.7416667,-77.3883333,24-0870,RE30-surface,11.9,1.17,0,11.38,0.31,0,0,10.73,6.41,0.87,0,0,4.49,-0.37,0.7,2.6,10.4,3.09,0,2.66,0.23,1.48,0,0.68,0,4.62,0.08,0,0,-0.03,-0.1,0,0,0,0.38,0,0,0,0,0,62.8,512,1,9.09,2.27,7.6,,0.03,<0.01,2.41,45.7,7.76,9.58,38.8,57.6,,,10.9,,,,,,,,,,,,,8.95,109.97,294.05,21.99,8,7,0,0,5,0,5,11.00666667,7.911111111,133.3,0,20.32285714,12.86633333,1.460333333,30.05,2,7.45652381,8.547112619,4,1,0,17.9,22.9,12.9,13.15,0.66,6.905,8.366762178,76.07449857,1.06017192,3.266475645,10.0286533,0,0.372492837,0.830945559,13.78593448,68.70026525,5.778191985,3.333572299,7.548928239,0,0.415800416,0.437307334,4/18/2024
5/23/2024,S27,7:57,Bull Run Marina,38.7416667,-77.3883333,24-1428,RE30,11.46,0.14,0,16.46,-0.22,0,0,14.57,4.67,0,0,0,4.82,0.95,-0.65,123.41,11.15,3.23,0,3.26,0.29,0,0,0.45,0,3.63,-0.23,0,0,0,0,0,0,0,0,0,-3,0,-1.5,0,61,486,1,9.7,2.18,,,0.03,<0.01,2.29,41.4,7.98,8.7,38.4,48.8,,24.4,14.5,81.3,,,,,,,,,,,,19.56,109.55,300.31,31.26,13,5,1,0,4,1,4,17.59666667,13.01333333,370.5,1,11.49285714,15.09766667,1.07,33.74,4,-3.604809524,7.256088137,5,1,0,25.3,31.2,19.4,22.68,2.33,12.505,8.366762178,76.07449857,1.06017192,3.266475645,10.0286533,0,0.372492837,0.830945559,13.78593448,68.70026525,5.778191985,3.333572299,7.548928239,0,0.415800416,0.437307334,5/23/2024
6/20/2024,S27,9:42,Bull Run Marina,38.7416667,-77.3883333,24-1840,RE30,41.57,6.71,0,0,2.62,0,0,33.69,15.67,0,0,0,10.56,0.28,2.61,5.27,15.88,2.62,0,3.11,0,0,0,2.44,0,9.55,1.61,0,0,0,0,0,0,0,0,0,3.38,0,0,0,75.8,619,1,11.9,8.01,,,0.03,<0.01,8.54,67.7,15.9,10.9,51.4,106,,28.7,9.6,82.6,,,,,,,,,,,,1.19,70.75,290.27,22.66,7,8,0,0,2,0,2,22.51666667,17.11888889,683.9,3,25.03285714,21.63033333,1.663333333,29.91,3,3.40252381,3.270869612,6,1,0,25.2,31.4,19,27.1,1.53,14.315,8.366762178,76.07449857,1.06017192,3.266475645,10.0286533,0,0.372492837,0.830945559,13.78593448,68.70026525,5.778191985,3.333572299,7.548928239,0,0.415800416,0.437307334,6/20/2024
7/18/2024,S27,13:23,Bull Run Marina,38.7416667,-77.3883333,24-2213,RE30,31.62,4.86,0,42.16,1.89,0,1.41,32.89,13.31,-0.26,0,0,10.09,0.53,1.87,6.48,15.25,3.62,0,5.37,0,0,1.47,2.64,0,10.54,0.09,0,0,0,0.66,0,0,0,0,0,4.29,0,0,0,73.4,613,1,9.23,6.07,,,0.01,<0.01,6.56,58.9,14.1,9.71,50.7,90.3,,30.1,11.6,76.1,,,,,,,,,,,,41.01,63.98,244.28,18.99,6,9,2,0,3,0,3,27.27333333,21.99888889,1082.8,21,31.21857143,30.78833333,2.987333333,41.8,21,0.430238095,2.078059871,7,1,4.64,29,36.2,21.9,38,0.86,19.43,8.366762178,76.07449857,1.06017192,3.266475645,10.0286533,0,0.372492837,0.830945559,13.78593448,68.70026525,5.778191985,3.333572299,7.548928239,0,0.415800416,0.437307334,7/18/2024
8/22/2024,S27,9:36,Bull Run Marina,38.7416667,-77.3883333,24-2522,RE30,20.74,2.52,0,31.31,1.6,0,0,21.33,9.9,1.73,0,0,6.66,1.53,2.53,8.07,11.63,4.17,-1.39,5.57,0.89,0,0,1.24,0,10.84,1.86,0,0,0.26,0,0,0,0,1.21,0,0,0,9.82,0,56.9,505,1,7.77,6.35,,,0.03,0.02,7.05,56.8,9.86,11.1,39.2,94.1,,24,6,76.8,,,,,,,,,,,,7.4,114.7,256.78,29.91,12,5,0,0,4,1,4,25.53333333,25.21888889,1369.7,9,21.6,24.15566667,1.674666667,41.92,10,-2.555666667,4.748368223,8,1,0,17.5,24.4,10.5,20.42,1.52,10.97,8.366762178,76.07449857,1.06017192,3.266475645,10.0286533,0,0.372492837,0.830945559,13.78593448,68.70026525,5.778191985,3.333572299,7.548928239,0,0.415800416,0.437307334,8/22/2024
9/19/2024,S27,8:51,Bull Run Marina,38.7416667,-77.3883333,24-2979,RE30,43.03,6.06,0,37.56,2.25,0,0,26.61,14.48,0,0,0,8.57,0.63,2.96,3.09,22.64,4.86,23.21,0,0,0,0,0,0,8.47,0,0,0,0,0,0,0,0,0,0,0,0,9.92,0,80.1,686,1,7.85,,,,0.05,0.02,9.22,73.2,20,11.3,57.8,132,,22.6,4.4,89.7,,,,,,,,,,,,10.73,60.54,245.94,39.96,5,15,0,0,1,1,2,21.39,24.87333333,1338.6,4,20.09,21.08566667,1.251,40.41,5,-0.995666667,2.871144695,9,1,10.37,20.9,23,18.8,4.93,0.5,2.715,8.366762178,76.07449857,1.06017192,3.266475645,10.0286533,0,0.372492837,0.830945559,13.78593448,68.70026525,5.778191985,3.333572299,7.548928239,0,0.415800416,0.437307334,9/19/2024
10/24/2024,S27,7:45,Bull Run Marina,38.7416667,-77.3883333,24-3444,RE30,39.16,6.06,0,32.32,3.09,0,2.05,23.96,10.12,0,0,0,8.82,1.36,3.62,4.19,13.64,3.42,0,3.84,0.86,0,1.01,2.01,0,6.86,1.16,0,0,0,0,0,0,0,0,0,9.25,0,0,0,81.1,660,1,10.8, .,,,0.01,<0.01,5.27,68.5,15.9,11,53,118,,16,6.4,105.1,,,,,,,,,,,,0,54.45,234.15,16.48,8,21,0,0,1,0,1,16.64,21.07555556,999.9,0,20.01142857,13.42866667,0.587,27.5,2,6.582761905,4.054758477,10,1,0,17,26.3,7.7,22.96,0.72,11.84,8.366762178,76.07449857,1.06017192,3.266475645,10.0286533,0,0.372492837,0.830945559,13.78593448,68.70026525,5.778191985,3.333572299,7.548928239,0,0.415800416,0.437307334,10/24/2024
11/21/2024,S27,9:00,Bull Run Marina,38.7416667,-77.3883333,24-3653,RE30,36.78,5.31,0,28.92,1.42,0,0.41,22.12,10.13,0,0,0,8.01,1.17,0,0,11.97,3.73,0,3.66,0,0,0,0,0,5.59,0,0,0,0,0,0,0,0,0,0,0,0,0,0,78.2,727,1,9.4,,,,0.06,0.02,4.81,72.9,17,12.8,51.7,134,,12.9,3.7,99,,,,,,,,,,,,12.67,20.25,151.41,11.69,2,20,1,0,1,0,1,12.69666667,17.10333333,663.5,0,8.368571429,14.347,0.829,27.5,2,-5.978428571,1.411444901,11,0,15.7,9.5,17.7,1.4,6.31,0.32,3.315,8.366762178,76.07449857,1.06017192,3.266475645,10.0286533,0,0.372492837,0.830945559,13.78593448,68.70026525,5.778191985,3.333572299,7.548928239,0,0.415800416,0.437307334,11/21/2024
12/10/2024,S27,9:45,Bull Run Marina,38.7416667,-77.3883333,24-3766,RE30,38.18,4.56,0,27.51,1.53,0,0,20.34,10.8,0,0,0,7.47,0,0,3.39,9.85,2.03,-6.45,3.2,0,0,0,1.23,0,3.84,0,0,0,0,0,0,0.82,0,0,0,4.19,0,3.68,0,29.5,290,1,11.4,,,,0.04,<0.01,0.16,30,3.43,8.77,19.3,26.4,,5.9,4.5,75.7,,,,,,,,,,,,1.38,48.69,130.67,15.7,6,11,0,0,2,0,2,5.933333333,13.29777778,440.5,0,7.178571429,8.251,0.728333333,17.46,0,-1.072428571,5.901102897,12,0,1.27,9.8,15.2,4.4,4.96,0.4,2.68,8.366762178,76.07449857,1.06017192,3.266475645,10.0286533,0,0.372492837,0.830945559,13.78593448,68.70026525,5.778191985,3.333572299,7.548928239,0,0.415800416,0.437307334,12/10/2024
1/17/2025,S27,9:00:00 AM,Bull Run Marina,38.7416667,-77.3883333,25-0025,RE30,0.44,0.11,0,6.53,1.14,0,0,4.92,5.66,0,0,0,1.63,0.23,0,6.01,2.45,0,0,0,0,0,0,0,0,0,0,0,0,0,0,0,0,0,0,0,0,0.1,5.69,0,,,,,,,,,,,,,,,,,,,,,,,,,,,,,,,1.61,63.9,160.56,18.22,8,8,0,0,2,0,2,1.333333333,6.332222222,118,0,5.022857143,5.14,0.752,13.11,0,-0.117142857,12.43190661,1,0,0,-3.1,2.4,-8.6,3.78,0.66,2.22,8.366762178,76.07449857,1.06017192,3.266475645,10.0286533,0,0.372492837,0.830945559,13.78593448,68.70026525,5.778191985,3.333572299,7.548928239,0,0.415800416,0.437307334,1/17/2025
2/19/2025,S27,1:00:00 PM,Bull Run Marina,38.7416667,-77.3883333,25-0142,RE30,18.98,1.69,0,0,0.23,0,0,10.88,6.34,0,3.46,0,4.93,1.13,0.5,6.75,6.13,5.55,4.97,1.84,-0.13,0,0,0,0,5.82,0,0,0,0,0.47,0,0.32,0,0,0,1.9,0,3.46,0,181,809,,13.7,,7.4,,<0.01,<0.01,1.88,40.7,4.66,9.62,94.6,28.7,,1.9,5.6,,,,,,,,,,,,,53.83,111.94,252.85,22.45,10,10,3,0,5,0,5,1.376666667,2.165555556,6.5,0,5.437142857,5.945666667,0.700333333,15.25,0,-0.50852381,18.82715703,2,0,0,-2.4,2.7,-7.5,5.53,1.96,3.745,8.366762178,76.07449857,1.06017192,3.266475645,10.0286533,0,0.372492837,0.830945559,13.78593448,68.70026525,5.778191985,3.333572299,7.548928239,0,0.415800416,0.437307334,2/19/2025
3/20/2025,S27,11:55:00 AM,Bull Run Marina,38.7416667,-77.3883333,25-0429,RE30,22.05,2.62,0,16.3,0.75,0,0,14.5,6.93,0,0,0,5.37,0.61,0.43,5.02,13.2,3.47,0,3.84,0,0,0,0.78,0,5.76,0,0,0,0,0,0,0.01,0,0,0,0,0,2.31,0,148,877,1,11.2,,7.9,,<0.01,<0.01,3.78,66.3,10.2,12.9,84.3,83.6,,13.6,12.9,92.3,,,,,,,,,,,,11.27,30.15,201.99,18.49,2,16,1,0,2,0,2,6.096666667,2.804444444,21.7,0,10.55428571,10.56566667,1.403666667,22.57,0,-0.011380952,2.853582358,3,0,0,13.1,23.2,3.1,21.73,2.32,12.025,8.366762178,76.07449857,1.06017192,3.266475645,10.0286533,0,0.372492837,0.830945559,13.78593448,68.70026525,5.778191985,3.333572299,7.548928239,0,0.415800416,0.437307334,3/20/2025
4/21/2025,S27,8:40:00 AM,Bull Run Marina,38.7416667,-77.3883333,25-1056,RE30,15.73,0.43,0,0,0.07,0,0,15.76,8.04,0,0,0,4.71,0.37,0.04,2.3,11.51,3.11,0,0,0,0,0,0,0,0,0,0,0,0,0,0,0,0,0,0,0,0.01,0,0,106,713,1,9.57,,7.7,,0.03,<0.01,3.3,50.4,8.3,11,61.2,57.6,,20.5,9.6,106.7,,,,,,,,,,,,2.87,92.69,236.06,32.69,9,6,0,0,4,2,4,12.82333333,7.073333333,137.3,0,18.56571429,14.202,1.82,30.28,2,4.363714286,6.526545557,4,1,0,19,24.9,13.1,18.2,4.39,11.295,8.366762178,76.07449857,1.06017192,3.266475645,10.0286533,0,0.372492837,0.830945559,13.78593448,68.70026525,5.778191985,3.333572299,7.548928239,0,0.415800416,0.437307334,4/21/2025
5/29/2025,S27,8:58:35 AM,Bull Run Marina Bottom,38.7416667,-77.3883333,25-1514,RE30,20.86,1.13,0,0,1.02,0,0,8.53,5.25,0,0,0,5.52,0,0,4.82,8.27,3.16,0,4.44,0,0,0,0,0,5.14,0,0,0,0,0,0,0,0,0,0,7.36,0,6.84,0,52.3,326,1,8.63,1.13,7.2,,0.05,0.02,0.93,22.5,3.32,5.81,33.1,16.4,,15.9,28.7,54.2,,,,,,,,,,,,44.49,219.83,369.2,57.88,12,5,2,0,7,3,7,19.14666667,14.40444444,474.2,0,13.13285714,17.339,1.293,31.62,1,-4.206142857,12.67835515,5,1,13.76,13.6,15.6,11.6,1.42,0.25,0.835,8.366762178,76.07449857,1.06017192,3.266475645,10.0286533,0,0.372492837,0.830945559,13.78593448,68.70026525,5.778191985,3.333572299,7.548928239,0,0.415800416,0.437307334,5/29/2025
6/17/2025,S27,11:10:02 AM,Bull Run Marina,38.7416667,-77.3883333,25-1780,RE30,37.36,1.71,0,0,1.22,0,0,18.98,9.48,0,0,0,9.73,2.03,0,10.14,0,11.1,0,7.46,0.56,0,0,0,0,14.98,0,0,0,0,0,0,2.47,0,0,0,0,0,0,0,29.6,251,,6.36,,6.7,,0.1,0.03,0.75,15.6,3.03,3.81,16.7,11.4,123.64,19.8,16.7,,,,,,,,,,,,,71.69,160.46,451.76,36.92,12,6,3,1,7,1,7,19.92,17.19555556,676.1,2,20.48,17.55266667,1.147,32.13,3,2.927333333,9.141630901,6,1,4.78,18.7,20.3,17.1,2.73,0.01,1.37,8.366762178,76.07449857,1.06017192,3.266475645,10.0286533,0,0.372492837,0.830945559,13.78593448,68.70026525,5.778191985,3.333572299,7.548928239,0,0.415800416,0.437307334,6/17/2025
7/25/2025,S27,9:28:03 AM,Bull Run Marina Bottom,38.7416667,-77.3883333,25-2174,RE30,26.82,2.06,0,24.79,0.46,0,0,17.62,10.12,0,0,0,5.57,0.38,0,0.54,12,3.15,0,2.78,0.26,0.17,0,1.19,0,7.33,0,0,0,0,0,0,0,0,0,0,0.49,0,0.7,0,60.8,433,15,3.31,4.52,7.1,,0.23,0.02,4.32,46.9,9.32,8.65,40.9,57.1,,26.8,14.6,88.9,5.1,426,0,,4.33,,5.4,0.05,0.02,4.54,11.7,2.42,169.98,550.29,51.82,12,5,0,0,5,2,5,27.04333333,22.75333333,1147.8,17,21.90571429,22.361,1.031,37.6,6,-0.455285714,7.601627834,7,1,0,26.9,32,21.9,22.04,1.56,11.8,8.366762178,76.07449857,1.06017192,3.266475645,10.0286533,0,0.372492837,0.830945559,13.78593448,68.70026525,5.778191985,3.333572299,7.548928239,0,0.415800416,0.437307334,7/25/2025
7/25/2025,S27,9:20:37 AM,Bull Run Marina Surface,38.7416667,-77.3883333,25-2168,RE30,27.15,2.08,0,26.33,0.58,0,0,18.58,9.85,0,0,0,5.81,0.43,0,0.45,11.31,3.17,0,2.28,0.27,0,0,1.24,0.11,6.64,0,0,0,0,0,0,0,0,0,0,0.4,0,0.32,0,58.1,442,1,9.94,4.25,8.1,,0.03,<0.01,4.16,44.3,8.57,8.34,39.1,52.9,,28.1,9.4,88.9,5.1,425,0,25,3.89,,5.6,0.04,0.01,4.24,9.5,2.42,169.98,550.29,51.82,12,5,0,0,5,2,5,27.04333333,22.75333333,1147.8,17,21.90571429,22.361,1.031,37.6,6,-0.455285714,7.601627834,7,1,0,26.9,32,21.9,22.04,1.56,11.8,8.366762178,76.07449857,1.06017192,3.266475645,10.0286533,0,0.372492837,0.830945559,13.78593448,68.70026525,5.778191985,3.333572299,7.548928239,0,0.415800416,0.437307334,7/25/2025
8/13/2025,S27,8:59:32AM,Bull Run Marina Bottom,38.7416667,-77.3883333,25-2500,RE30,32.3,3.29,0,34.81,0.8,0,0,21.8,12.69,0,0,0,6.57,0,0,0.51,14.43,3,0,3.62,0,0,0,1.23,0,7.1,0,0,0,0,0,0,0.99,0,0,0,0,0,0.83,0,79.4,586,13,2.56,5.6,7,,0.12,<0.01,6.24,61,13.1,9.93,52.7,96.4,,24.9,7.5,86.3,4.1,428,0,,6.96,,4.3,0.05,<0.01,7.28,6.9,0,99.09,430.03,27.29,7,11,0,0,3,3,3,25.66666667,23.96222222,1256.6,11,20.23285714,21.12833333,0.970333333,29.31,5,-0.89547619,4.689910862,8,1,0,27.5,32.1,22.8,20.03,1.06,10.545,8.366762178,76.07449857,1.06017192,3.266475645,10.0286533,0,0.372492837,0.830945559,13.78593448,68.70026525,5.778191985,3.333572299,7.548928239,0,0.415800416,0.437307334,8/13/2025
8/13/2025,S27,8:53AM,Bull Run Marina Surface,38.7416667,-77.3883333,25-2494,RE30,33.34,2.77,0,32.76,0.69,0,0,20.24,10.97,0,0,0,6.44,0,0,0,13.95,2.23,0,3.41,0,0,0,1.19,0,6.98,0,0,0,0,0,0,0,0,0.61,0,0,0,0,0,71.8,535,1,11,4.64,8.6,,0.07,<0.01,4.33,53.8,11.4,9.19,47.4,81.8,,28,13.2,88.6,4.9,425,5.1,21,5.47,,5.1,0.1,0.03,6.31,11.8,0,99.09,430.03,27.29,7,11,0,0,3,3,3,25.66666667,23.96222222,1256.6,11,20.23285714,21.12833333,0.970333333,29.31,5,-0.89547619,4.689910862,8,1,0,27.5,32.1,22.8,20.03,1.06,10.545,8.366762178,76.07449857,1.06017192,3.266475645,10.0286533,0,0.372492837,0.830945559,13.78593448,68.70026525,5.778191985,3.333572299,7.548928239,0,0.415800416,0.437307334,8/13/2025
8/28/2025,S27,9:14:28 AM,Bull Run Marina Bottom,38.7416667,-77.3883333,25-2680,RE30B,31.64,3.7,0,35.11,1.28,0,0,22.96,12.98,0,0,0,7.03,0,0,0,10.27,2.79,0,4.22,0,0,0,1.91,0,6.52,0,0,0,0,0,0,0,0,0,0,0,0,0,0,82,653,13,7.87,7.81,7.7,,0.05,<0.01,9.69,69.8,16.1,10.8,55.6,116,,23.5,12.4,95.7,4.1,429,0,,10.4,,4.3,0.07,0.01,10.9,10.7,1.19,37.49,367.61,25.16,7,12,0,0,1,1,1,23.99666667,24.92888889,1343.6,8,18.72428571,19.73,1.025666667,30.28,5,-1.005714286,1.900152053,8,1,0,19.5,25.8,13.1,22.05,1.42,11.735,8.366762178,76.07449857,1.06017192,3.266475645,10.0286533,0,0.372492837,0.830945559,13.78593448,68.70026525,5.778191985,3.333572299,7.548928239,0,0.415800416,0.437307334,8/28/2025
8/28/2025,S27,9:04:48 AM,Bull Run Marina Surface,38.7416667,-77.3883333,25-2674,RE30S,31.9,3.9,0,33.75,1.14,0,0,22.8,12.9,0,0,0,7.17,0,0,0,10.17,2.79,0,3.67,0,0,0,1.8,0,5.87,0,0,0,0,0,0,0,0,0,0,0,0,0,0,81.3,658,1,8.48,8.1,7.8,,0.04,<0.01,8.81,69.9,16.4,10.8,53.1,116,,23.7,8.5,91.1,4.6,429,0,25,9.97,,5.5,0.06,0.02,10.1,6.7,1.19,37.49,367.61,25.16,7,12,0,0,1,1,1,23.99666667,24.92888889,1343.6,8,18.72428571,19.73,1.025666667,30.28,5,-1.005714286,1.900152053,8,1,0,19.5,25.8,13.1,22.05,1.42,11.735,8.366762178,76.07449857,1.06017192,3.266475645,10.0286533,0,0.372492837,0.830945559,13.78593448,68.70026525,5.778191985,3.333572299,7.548928239,0,0.415800416,0.437307334,8/28/2025
9/11/2025,S27,8:47:00 AM,Bull Run Marina Bottom,38.7416667,-77.3883333,25-2862,RE30B,39.96,5.35,,36,1.6,,,24.54,14.71,,,,8.42,0.34,,,13.74,2.29,,3.74,,,,2.54,,6.55,0.57,,,,0,,,,,,,,,0.05,88.9,723,13,7.55,9.05,7.6,,0.04,<0.01,0.02,81.5,19,10.8,62,141,,21.9,11.2,91.5,4.5,430,0,,0.82,,4.5,0.05,0.02,8.79,9,11.33,23.02,352.07,6.87,8,13,0,0,0,0,0,22.23333333,24.73777778,1326.4,5,23.37857143,20.77833333,1.193333333,30.28,3,2.600238095,1.107884816,9,1,2.25,18.1,21.2,15.1,6.3,0.57,3.435,8.366762178,76.07449857,1.06017192,3.266475645,10.0286533,0,0.372492837,0.830945559,13.78593448,68.70026525,5.778191985,3.333572299,7.548928239,0,0.415800416,0.437307334,9/11/2025
9/11/2025,S27,8:42:00 AM,Bull Run Marina Surface,38.7416667,-77.3883333,25-2856,RE30S,36.12,4.87,,33.52,1.5,,,22.86,13.79,,,,7.01,,,,12.58,1.75,,3.46,,,,1.53,,5.1,,,,,,,,,,,0.43,,,0.07,88.9,724,1,7.59,9.07,7.6,,0.04,<0.01,9.1,81.1,19,10.8,62.2,141,,22,8.8,94.5,4.4,430,0,30,11.1,,4.5,0.04,0.02,11.2,9.2,11.33,23.02,352.07,6.87,8,13,0,0,0,0,0,22.23333333,24.73777778,1326.4,5,23.37857143,20.77833333,1.193333333,30.28,3,2.600238095,1.107884816,9,1,2.25,18.1,21.2,15.1,6.3,0.57,3.435,8.366762178,76.07449857,1.06017192,3.266475645,10.0286533,0,0.372492837,0.830945559,13.78593448,68.70026525,5.778191985,3.333572299,7.548928239,0,0.415800416,0.437307334,9/11/2025
10/2/2025,S27,8:59:00 AM,Bull Run Marina Bottom,38.7416667,-77.3883333,25-3067,RE30B,34.41,4.46,0,35.02,1.18,0,0,23.37,12.75,0,0,0,8.14,0.37,0,0,12.26,3.28,0,4.84,0,0,0,1.53,0,7.81,0,0,0,0,0,0,0,0,0,0,0,0,0,0,79.4,637,14,5.25,4.11,7.3,,0.1,0.02,8.13,68.5,14.9,11.6,55.2,110,,21.4,7.8,94.8,4.9,431,0,,7.32,,5.1,0.06,0.02,8.23,7.3,15.1,61.92,202.65,24.71,8,5,1,0,2,0,2,21.01,23.61222222,1225.1,1,12.83857143,18.26333333,1.012,30.78,2,-5.424761905,3.390399708,10,1,0,16.2,24.1,8.4,20.27,0.77,10.52,8.366762178,76.07449857,1.06017192,3.266475645,10.0286533,0,0.372492837,0.830945559,13.78593448,68.70026525,5.778191985,3.333572299,7.548928239,0,0.415800416,0.437307334,10/2/2025
10/2/2025,S27,8:48:00 AM,Bull Run Marina Surface,38.7416667,-77.3883333,25-3061,RE30S,33.31,4.02,0,32.27,1.09,0,0,22.15,13.93,0,0,0,7.16,0.31,0,0.41,12.78,2.72,0,5.58,0,0,0,1.64,0,7.01,0,0,0,0,0.35,0,0,0,0,0,0,0,0,0,78.2,639,1,6.12,3.78,7.4,,0.08,0.02,8.79,67.2,14.8,11.4,54.8,104,,21.5,5.7,94.4,4.8,431,0,41,7.44,,5,0.04,0.02,7.49,5.3,15.1,61.92,202.65,24.71,8,5,1,0,2,0,2,21.01,23.61222222,1225.1,1,12.83857143,18.26333333,1.012,30.78,2,-5.424761905,3.390399708,10,1,0,16.2,24.1,8.4,20.27,0.77,10.52,8.366762178,76.07449857,1.06017192,3.266475645,10.0286533,0,0.372492837,0.830945559,13.78593448,68.70026525,5.778191985,3.333572299,7.548928239,0,0.415800416,0.437307334,10/2/2025
10/9/2025,S27,2:04:59 PM,Bull Run Marina Bottom,38.7416667,-77.3883333,25-3161,RE30B,33.14,4.42,0,29.15,1.16,0,0,18.8,11.4,0,0,0,6.66,0.31,0.01,0.34,12.41,2.45,0,3.53,0,0,0,1.18,0,4.79,0,0,0,0,0,0,0,0,0,0,0,0,0,0,86.1,705,12,7.69,6.8,7.6,,0.04,0.02,8.45,73.8,18,11.8,61.2,130,,19.7,7,98.9,4.4,432,0,,8.11,,4.6,0.05,0.02,8.25,5.4,1.9,53.06,179.75,24.71,7,9,0,0,2,0,2,20.28,22.96111111,1166.5,0,18.71142857,17.117,0.899,30.78,1,1.594428571,3.099842262,10,1,0.33,14.5,22,7,13.9,1.17,7.535,8.366762178,76.07449857,1.06017192,3.266475645,10.0286533,0,0.372492837,0.830945559,13.78593448,68.70026525,5.778191985,3.333572299,7.548928239,0,0.415800416,0.437307334,10/9/2025
10/9/2025,S27,13:59,Bull Run Marina Surface,38.7416667,-77.3883333,25-3155,RE30S,36.9,4.19,0,31.79,1.29,0,0,18.96,13.46,0,0,0,7.13,0.45,0.16,0,15.4,1.81,0,2.83,0,0.15,0,0,0,5.96,0,0,0,0,0,0,0,0,0,0,0,0,0,0,86.8,705,1,8.33,6.81,7.8,,0.04,0.01,8.32,74.5,18,11.9,61.4,127,,20.3,6.7,93.7,4.3,432,0,42,8.08,,4.7,0.04,0.03,8.24,5.2,1.9,53.06,179.75,24.71,7,9,0,0,2,0,2,20.28,22.96111111,1166.5,0,18.71142857,17.117,0.899,30.78,1,1.594428571,3.099842262,10,1,0.33,14.5,22,7,13.9,1.17,7.535,8.366762178,76.07449857,1.06017192,3.266475645,10.0286533,0,0.372492837,0.830945559,13.78593448,68.70026525,5.778191985,3.333572299,7.548928239,0,0.415800416,0.437307334,10/9/2025
10/23/2025,S27,12:46,Bull Run Marina Bottom,38.7416667,-77.3883333,25-3338,RE30B,29.75,3.64,0,26.84,1.01,0,0.43,16.66,11.24,0,0,0,7.19,0,0.07,0,11.05,3.59,0,4.39,0,0,0,0,0,5.09,0,0,0,0,0.56,0,0,0,0,0,0.55,0,0.91,0,77.8,680,13,7.54,2.96,7.1,,0.06,0.02,3.54,78.7,13.3,15.9,53.3,151,,15.6,7.8,110.5,4.5,436,0,,3.8,,4.8,0.04,0.03,3.86,6.4,11.5,40.41,150.71,11.18,9,9,1,0,2,0,2,17.31333333,20.93111111,983.8,0,17.09714286,14.884,0.852666667,22.53,0,2.213142857,2.714995969,10,1,0,12.8,19.9,5.7,17.03,0.75,8.89,8.366762178,76.07449857,1.06017192,3.266475645,10.0286533,0,0.372492837,0.830945559,13.78593448,68.70026525,5.778191985,3.333572299,7.548928239,0,0.415800416,0.437307334,10/23/2025
10/23/2025,S27,12:39:21 PM,Bull Run Marina Surface,38.7416667,-77.3883333,25-3332,RE30S,39.99,3.9,0,32.21,1.21,0,0,21.33,12.69,0,0,0,6.9,0,0,0,10.82,3.48,0,4.16,0,0,0,0,0,4.5,0,0,0,0,0.77,0,0,0,0,0,0,0,0,0,,,,,,,,,,,,,,,,,,,,,,,,,,,,,,,11.5,40.41,150.71,11.18,9,9,1,0,2,0,2,17.31333333,20.93111111,983.8,0,17.09714286,14.884,0.852666667,22.53,0,2.213142857,2.714995969,10,1,0,12.8,19.9,5.7,17.03,0.75,8.89,8.366762178,76.07449857,1.06017192,3.266475645,10.0286533,0,0.372492837,0.830945559,13.78593448,68.70026525,5.778191985,3.333572299,7.548928239,0,0.415800416,0.437307334,10/23/2025
7/15/2024,S28,13:30,Vint Hill WWTP Effluent,38.731975,-77.691684,24-2131,FLOAT E2,9.75,5.69,0,143.59,0,0,0,112.77,8.87,0,0,0,7.7,0,10.69,0,40.53,7.01,0,0,0,0,0,0,0,0,2.46,0,0,7.01,0,0,0,0,0,0,0,0,0,0,308,986,,9.33,,,,0.05,0.06,1.6,72.4,14.3,11.8,217,114,,24,<1.0,125,,,,,,,,,,,,37.32,54.56,180.82,21.06,5,12,2,0,3,0,3,26.24666667,21.34777778,1024.5,21,29.60285714,30.20633333,2.405,42.26,22,-0.60347619,1.806243724,7,1,0,29.9,36.5,23.2,42.63,3.59,23.11,42.86123033,28.26895565,18.19742489,9.985693848,0.486409156,0,0.17167382,0.028612303,42.12863487,34.62970921,13.62269016,7.48460106,1.690302249,0,0.136083656,0.3079788,7/15/2024
7/16/2025,S29,10:30:00 AM,Broad Run East of Airport,38.727055,-77.5099491,25-2061,FLOAT A4 ,21.921,1,0,10.62,0.326,0,0,8.127,3.268,0,0,0,3.932,0,0,0,7.556,1.741,0,2.148,0,0,0,0,0,4.172,0,0,0,0,0,0,0,0,0,0,0,0,0,0,41.3,301,,8.77,,7.6,,0.02,0.02,0.19,44.1,1.54,8.65,43.9,71.8,,28.2,3.1,,,,,,,,,,,,,38.75,218.52,476.25,46.72,14,5,1,0,7,3,7,26.41333333,21.74444444,1057.6,18,20.46142857,21.34,0.578,34.92,9,-0.878571429,10.23992502,7,1,0,27.6,32.6,22.6,21.15,0.59,10.87,79.05444126,7.478510029,2.091690544,8.452722063,0.544412607,0,1.977077364,0.401146132,69.97061564,8.263455888,14.11166057,5.876872357,0.731025586,0.007166918,0.752526338,0.2866767,7/16/2025
5/20/2024,S3,10:35,Sand Branch at Pleasant Valley Rd,38.9165611,-77.4720556,24-1327,FLOAT D1,6.358,0.39,0,8.57,0,0,0,6.8,3.82,1.92,0,0,2.74,1,1.6,0.88,2.16,10.54,0,0.75,0.41,0,0,0.8,0.69,7.94,0,1.57,0,0,0,0,0.57,0.66,0,0,0,0,0,0,37.4,1020,,9.05,,,,0.05,0.02,0.69,123,3.98,42.2,42.8,359,,17.5,16.7,143.7,,,,,,,,,,,,28.26,83.34,239.38,15.92,12,8,1,0,4,0,5,16.78666667,12.49333333,344.8,2,10.53714286,14.926,1.613,34.47,3,-4.388857143,5.583545491,5,1,0,18.6,24,13.3,12.69,0.64,6.665,62.05612829,26.00229095,1.288659794,6.500572738,0,3.035509737,1.116838488,0,57.09885387,32.57163324,1.489971347,4.505730659,0.150429799,3.08739255,0.830945559,0.26504298,5/20/2024
6/17/2024,S3,10:20,Sand Branch at Pleasant Valley Rd,38.9165611,-77.4720556,24-1752,FLOAT D1,4.53,1.41,0,6.01,0.92,0,0,4.28,4.03,0,0,0,1.19,1.22,2.62,4.05,1.34,6.48,0,0.31,0.43,0,0,0.35,0,8.99,0,0,0,0,0,0,0,0,0,0,0,0,0,0,25.4,1260,,8.68,,,,0.04,0.01,0.21,165,2.32,60.6,37.6,518,,22.8,9,,,,,,,,,,,,,2.87,54.67,207,12.82,9,6,0,0,2,0,2,22.02333333,16.65,649.1,1,25.01714286,21.616,2.152666667,33.79,3,3.401142857,2.529145078,6,1,0,24.4,30.2,18.6,25.44,5.71,15.575,62.05612829,26.00229095,1.288659794,6.500572738,0,3.035509737,1.116838488,0,57.09885387,32.57163324,1.489971347,4.505730659,0.150429799,3.08739255,0.830945559,0.26504298,6/17/2024
7/7/2025,S3,12:35:00 PM,Sand Branch at Pleasant Valley Rd,38.9165611,-77.4720556,25-1922,FLOATD1 ,7.92,0,0,6.611,0,0,0,5.155,3.618,0.34,0,0,2.294,1.509,0,0.266,5.155,10.199,0,1.26,0,0,0,0,0,7.221,0,0,0,0,0.264,0,0,0,0,0,0,0,0,0,27.8,1320,,7.78,,7.2,,0.03,0.01,0.57,169,2.38,58.2,38.7,526,,26.1,6,,,,,,,,,,,,,20.07,169.29,387.81,35.26,14,5,1,0,6,2,8,25.25333333,19.65444444,890.2,13,26.44571429,22.115,1.139666667,37.55,9,4.330714286,7.654985304,7,1,0.29,27.1,31.9,22.3,20.9,1.34,11.12,62.05612829,26.00229095,1.288659794,6.500572738,0,3.035509737,1.116838488,0,57.09885387,32.57163324,1.489971347,4.505730659,0.150429799,3.08739255,0.830945559,0.26504298,7/7/2025
7/25/2025,S30,1:10:45 PM,Ryans Dam Bottom,38.7211833,-77.3512833,25-2158,RE15,10.39,0.11,0,4.84,0.05,0.06,0,3.4,2.3,0,0,0,1.75,0.21,0.01,0.22,4.55,1.13,0,1.5,0,0,0,0,0,3.86,0,0,0,0,0,0,0,0,0,0,0,0,0,0,15.8,139,33,0.15,0.19,6.6,,0.34,0.04,0.23,11.4,3.2,3.45,11.8,6.04,,24.6,5.7,44.5,8.5,428,0,,1.02,,8.8,0.08,0.06,1.04,10.4,2.7,139.55,525.83,26.81,11,5,0,0,5,2,5,26.86666667,22.72666667,1145.4,17,20.22571429,20.27233333,1.207333333,36.03,6,-0.046619048,6.883766052,7,1,0,26.8,31.5,22,20.26,1.73,10.995,12.13077144,65.95927732,0,1.03240608,19.78778319,0,0.25810152,0.831660453,12.25542894,72.81588189,0.953200029,2.171576005,11.13738981,0,0.279509783,0.387013545,7/25/2025
7/25/2025,S30,1:00:52 PM,Ryans Dam Surface,38.7211833,-77.3512833,25-2149,RE15,12.92,0.29,0,6.66,0.11,0,0,5.87,3.31,0,0,0,2.35,0,0,0.46,7.07,1.53,0,1.21,0,0,0,0.83,0,3.62,0,0,0,0,0,0,0,0,0,0,0,0,0,0,18.2,154,1,13.4,0.43,9,,0.02,0.01,0.32,15.2,3.76,4.09,11.4,10.7,,30.3,5.7,49.7,8.5,423,4.6,33,0.84,,9.5,0.08,0.03,1.11,4.8,2.7,139.55,525.83,26.81,11,5,0,0,5,2,5,26.86666667,22.72666667,1145.4,17,20.22571429,20.27233333,1.207333333,36.03,6,-0.046619048,6.883766052,7,1,0,26.8,31.5,22,20.26,1.73,10.995,12.13077144,65.95927732,0,1.03240608,19.78778319,0,0.25810152,0.831660453,12.25542894,72.81588189,0.953200029,2.171576005,11.13738981,0,0.279509783,0.387013545,7/25/2025
8/13/2025,S30,11:58:26AM,Ryans Dam Bottom,38.7211833,-77.3512833,25-2447,RE15,11.77,0.41,0,6.8,0.11,0,0,5.41,3.02,0,0,0,2.53,0.36,0,0.39,7.23,1.32,0,2.34,0.18,0,0,1.11,0,5.42,0.36,0,0,0,0,0,0,0,0,0,0,0,0,0,19.2,198,33,0.15,0.03,6.8,,1.37,0.02,0.3,16.5,3.82,4.26,14.1,6.76,,,20.8,69.3,8.2,429,0,,2.34,,9,0.4,0.29,2.39,28.3,0,98.96,383.57,44.74,7,11,0,0,3,2,3,25.52,23.86777778,1248.1,11,17.84571429,18.983,1.193,26.99,3,-1.137285714,5.213085392,8,1,0,27.2,31.3,23.2,16.39,1.51,8.95,12.13077144,65.95927732,0,1.03240608,19.78778319,0,0.25810152,0.831660453,12.25542894,72.81588189,0.953200029,2.171576005,11.13738981,0,0.279509783,0.387013545,8/13/2025
8/13/2025,S30,11:49:24AM,Ryans Dam Surface,38.7211833,-77.3512833,25-2437,RE15,19.25,0.97,0,14.11,0.2,0,0,11.05,5.73,0,0,0,4.12,0,0,0.51,8.25,2.09,0,2.66,0.13,0,0,0,0,4.91,0,0,0,0,0,0,0,0,0,0,0,0,0,0,31.7,257,1,12.3,0.97,9,,0.02,<0.01,0.92,25.2,5.3,5.69,19.4,26.1,,29,5.8,59.3,6.4,424,8.5,36,1.52,,7.4,0.05,0.02,1.86,4,0,98.96,383.57,44.74,7,11,0,0,3,2,3,25.52,23.86777778,1248.1,11,17.84571429,18.983,1.193,26.99,3,-1.137285714,5.213085392,8,1,0,27.2,31.3,23.2,16.39,1.51,8.95,12.13077144,65.95927732,0,1.03240608,19.78778319,0,0.25810152,0.831660453,12.25542894,72.81588189,0.953200029,2.171576005,11.13738981,0,0.279509783,0.387013545,8/13/2025
8/28/2025,S30,11:59:09 AM,Ryans Dam Bottom,38.7211833,-77.3512833,25-2665,RE15B,18.73,1.77,0,20.17,0.48,0,0,12.09,7.89,0,0,0,5.24,0,0,0.72,9.3,2.33,0,4.22,0,0,0,1.9,0,7.61,1,0,0,1.07,0,0,0,0,0,0,0,0,0,0,43.1,333,30,0.27,0.15,6.8,,1.97,0.02,0.59,34.5,7.04,7.13,30,39.9,,23.9,14.9,85.8,6.9,429,0,,2.89,,7.6,0.14,0.07,2.96,35.7,1.43,40.49,328.63,11.5,6,12,0,0,3,0,3,23.82333333,24.77666667,1329.9,7,16.43142857,17.376,1.248666667,26.23,3,-0.944571429,2.330225599,8,1,0,19.6,25.4,13.9,20.82,1.98,11.4,12.13077144,65.95927732,0,1.03240608,19.78778319,0,0.25810152,0.831660453,12.25542894,72.81588189,0.953200029,2.171576005,11.13738981,0,0.279509783,0.387013545,8/28/2025
8/28/2025,S30,11:51:41 AM,Ryans Dam Surface,38.7211833,-77.3512833,25-2656,RE15S,18.68,1.41,0,18.97,0.44,0,0,11.53,8.2,0,0,0,4.62,0,0,0,6.74,2.23,0,2.38,0,0,0,1.57,0,5.79,0,0,0,0,0,0,0,0,0,0,0,0,0,0,45.4,362,1,7.26,1,7.6,,0.12,<0.01,1.66,35.5,7.14,7.39,31.2,46.2,,26.7,6,71.8,5.7,426,0,35,2.05,,6.2,0.03,<0.01,2.3,3.7,1.43,40.49,328.63,11.5,6,12,0,0,3,0,3,23.82333333,24.77666667,1329.9,7,16.43142857,17.376,1.248666667,26.23,3,-0.944571429,2.330225599,8,1,0,19.6,25.4,13.9,20.82,1.98,11.4,12.13077144,65.95927732,0,1.03240608,19.78778319,0,0.25810152,0.831660453,12.25542894,72.81588189,0.953200029,2.171576005,11.13738981,0,0.279509783,0.387013545,8/28/2025
9/11/2025,S30,11:30:00 AM,Ryans Dam Bottom,38.7211833,-77.3512833,25-2846,RE15B,26.05,3.26,,27.74,1,,,19.81,11.29,,,,6.18,0.24,,0.2,9.85,3.03,,3,,,,0.59,,6.21,0.33,,,,,,,,,,,,,,68.6,541,30,0.2,2.67,7,,0.7,<0.01,4.52,55.9,12.5,9.63,48.2,89.7,,23.1,9.2,91.7,5.2,429,0,,5.99,,5.3,0.04,0.02,6.5,7.8,18.75,47.64,318.16,12.13,8,13,1,0,3,0,3,22.14333333,24.60777778,1314.7,4,22.52714286,18.98,1.407333333,27.75,3,3.547142857,2.510010537,9,1,2.57,18,20.6,15.4,5.11,0.71,2.91,12.13077144,65.95927732,0,1.03240608,19.78778319,0,0.25810152,0.831660453,12.25542894,72.81588189,0.953200029,2.171576005,11.13738981,0,0.279509783,0.387013545,9/11/2025
9/11/2025,S30,11:22:00 AM,Ryans Dam Surface,38.7211833,-77.3512833,25-2837,RE15S,18.47,1.51,,19.35,0.44,,,12.5,7.06,,,,4.31,0.29,,,7.19,2.28,,2.13,,,,0.81,,5.61,,,,,,,,,,,,,,,44.7,351,1,9.3,0.94,8.2,,0.01,<0.01,1.51,35,7.26,7.2,30.6,45.8,,25,6.8,71.8,5.5,428,0,31,2,,6.6,0.04,<0.01,2.3,8.5,18.75,47.64,318.16,12.13,8,13,1,0,3,0,3,22.14333333,24.60777778,1314.7,4,22.52714286,18.98,1.407333333,27.75,3,3.547142857,2.510010537,9,1,2.57,18,20.6,15.4,5.11,0.71,2.91,12.13077144,65.95927732,0,1.03240608,19.78778319,0,0.25810152,0.831660453,12.25542894,72.81588189,0.953200029,2.171576005,11.13738981,0,0.279509783,0.387013545,9/11/2025
10/2/2025,S30,12:06:00 PM,Ryans Dam Bottom,38.7211833,-77.3512833,25-3051,RE15B,30.21,3.95,0,28.39,0.86,0,0,20.94,11.14,0,0,0,7.18,0.36,0,0,13.27,2.33,0,4.27,0,0.06,0,2.12,0,7.74,0,0,0,0,0,0,0,0.08,0,0,0.44,0,0,0,67.1,651,30,0.32,5.44,7.1,,0.48,<0.01,4.43,60.3,12.8,10.5,47.6,101,,21.8,6.4,92.5,4.7,431,0,,4.74,,4.7,0.03,0.01,5.15,6.9,13.35,70.87,227.92,24.64,10,5,0,0,2,0,2,20.98666667,23.49888889,1214.9,1,11.76571429,17.02833333,1.150333333,28.09,3,-5.262619048,4.161887051,10,1,0,16.3,23.5,9.2,18.43,1,9.715,12.13077144,65.95927732,0,1.03240608,19.78778319,0,0.25810152,0.831660453,12.25542894,72.81588189,0.953200029,2.171576005,11.13738981,0,0.279509783,0.387013545,10/2/2025
10/2/2025,S30,11:59:00 AM,Ryans Dam Surface,38.7211833,-77.3512833,25-3042,RE15S,21.42,2.54,0,22.08,0.69,0,0,14.04,8.28,0,0,0,5.22,0.43,0.02,0,9.3,2.61,0,3.02,0,0,0,1.41,0,6.77,0,0,0,0,0,0,0,0,0,0,0,0,0,0,52.6,421,1,8.9,2.19,8.4,,0.02,<0.01,2.47,43.6,9.12,8.33,37.1,62.9,,23.6,6.7,77.6,5.3,429,0,30,2.57,,5.8,0.04,<0.01,3.14,5.5,13.35,70.87,227.92,24.64,10,5,0,0,2,0,2,20.98666667,23.49888889,1214.9,1,11.76571429,17.02833333,1.150333333,28.09,3,-5.262619048,4.161887051,10,1,0,16.3,23.5,9.2,18.43,1,9.715,12.13077144,65.95927732,0,1.03240608,19.78778319,0,0.25810152,0.831660453,12.25542894,72.81588189,0.953200029,2.171576005,11.13738981,0,0.279509783,0.387013545,10/2/2025
10/9/2025,S30,12:54:55 PM,Ryans Dam Bottom,38.7211833,-77.3512833,25-3146,RE15B,25.4,3.29,0,25.07,0.63,0,0,15.39,10.43,0,0,0,7.33,0,0,0,18.19,2.5,0,4.79,0,0,0,1.57,0,4.88,0,0,0,0,0,0,0,0,0,0,0,0,0,0,63.4,577,30,0.39,3.48,7.1,,0.66,<0.01,4.18,52.8,11.4,9.59,44.3,80.8,,21.4,7,91.3,5.1,431,0,,4.61,,5.2,0.04,0.02,4.98,6.2,2.13,55.32,201.15,24.64,9,9,0,0,1,0,1,20.22666667,22.85888889,1157.3,0,16.45714286,15.53766667,1.048666667,28.09,1,0.91947619,3.560380151,10,1,0.34,14.9,22,7.7,13.41,1.26,7.335,12.13077144,65.95927732,0,1.03240608,19.78778319,0,0.25810152,0.831660453,12.25542894,72.81588189,0.953200029,2.171576005,11.13738981,0,0.279509783,0.387013545,10/9/2025
10/9/2025,S30,12:47,Ryans Dam Surface,38.7211833,-77.3512833,25-3137,RE15S,10.75,0.93,0,9.62,0.28,0,0,6.67,3.46,0,0,0,3.23,0,0.03,0,3.42,1.2,0,1.61,0,0,0,0,0,3.01,0,0,0,0,0,0,0,0.17,0,0,0,0,0.87,0,48,384,1,9.14,1.52,8.3,,0.04,<0.01,1.62,39.3,8.23,7.76,33.6,54.6,,22.5,6.4,76.5,5.6,430,0,28,1.84,,6.1,0.03,0.02,2.14,5,2.13,55.32,201.15,24.64,9,9,0,0,1,0,1,20.22666667,22.85888889,1157.3,0,16.45714286,15.53766667,1.048666667,28.09,1,0.91947619,3.560380151,10,1,0.34,14.9,22,7.7,13.41,1.26,7.335,12.13077144,65.95927732,0,1.03240608,19.78778319,0,0.25810152,0.831660453,12.25542894,72.81588189,0.953200029,2.171576005,11.13738981,0,0.279509783,0.387013545,10/9/2025
10/23/2025,S30,11:39,Ryans Dam Bottom,38.7211833,-77.3512833,25-3323,RE15B,31.06,3.53,0,24.66,0.87,0,0,15.43,11.7,0,0,0,5.59,0.31,0,0.26,8.89,2.27,0,2.76,0,0,0,1.33,0,4.21,0,0,0,0,0.66,0,0,0,0,0,0,0,0,0,72.6,610,30,6.01,3.38,7.4,,0.34,<0.01,3.85,62.1,14.3,11.2,51.7,107,,17,10.8,103.4,5.1,435,0,,4.32,,5.7,0.05,<0.01,4.54,10.2,9.91,37.66,176.03,8.87,8,9,0,0,0,0,0,17.34,20.87111111,978.4,0,15.93142857,13.57233333,0.978666667,19.53,0,2.359095238,2.774762384,10,1,0,13.1,19.7,6.6,16.57,1.12,8.845,12.13077144,65.95927732,0,1.03240608,19.78778319,0,0.25810152,0.831660453,12.25542894,72.81588189,0.953200029,2.171576005,11.13738981,0,0.279509783,0.387013545,10/23/2025
10/23/2025,S30,11:31:42 AM,Ryans Dam Surface,38.7211833,-77.3512833,25-3314,RE15S,24.03,2.34,0,21.53,0.61,0,0,14.14,9.29,0,0,0,5.46,0.37,0,0.49,8.59,2.67,0,3.35,0,0,0,0,0,4.51,0,0,0,0,0,0,0,0,0,0,0,0,0,0,53.8,429,1,12.1,1.76,8.9,,0.02,<0.01,2.16,44.4,9.46,8.56,38.3,64.6,,18,7.5,81.1,5.5,434,3.8,26,2.25,,7,0.05,<0.01,3.01,4.2,9.91,37.66,176.03,8.87,8,9,0,0,0,0,0,17.34,20.87111111,978.4,0,15.93142857,13.57233333,0.978666667,19.53,0,2.359095238,2.774762384,10,1,0,13.1,19.7,6.6,16.57,1.12,8.845,12.13077144,65.95927732,0,1.03240608,19.78778319,0,0.25810152,0.831660453,12.25542894,72.81588189,0.953200029,2.171576005,11.13738981,0,0.279509783,0.387013545,10/23/2025
1/31/2024,S31,8:30,Occoquan River at Ravenwood Bridge,38.7175,-77.3941667,24-0208,RE35,-1.98,-0.56,0,0.79,-0.82,-0.66,-0.87,1.14,1.78,-0.86,0,-0.69,0.74,-1.42,-1.3,1.46,1.52,0.81,-6.2,0.37,-0.16,0,0,0.3,0.73,0.68,-0.1,-1.61,-0.49,-0.15,0.09,-0.23,-0.56,-1.49,-0.53,-0.05,-1.62,-0.31,-3.42,-0.32,26.5,153,1,11.5,,6.8,,0.05,0.04,0.37,10.2,2.42,3.48,14.6,6.76,,5.8,17.6,,,,,,,,,,,,,56.1,187.89,187.89,67,11,6,2,1,5,3,5,2.246666667,2.246666667,11.4,0,6.817142857,5.326333333,0.425666667,18.47,0,1.490809524,35.27567432,1,0,0,4.3,6.2,2.3,3.9,1.1,2.5,25.03580636,54.02463478,0.257805786,8.507590948,11.17158407,0,0.773417359,0.229160699,21.37842098,63.43315661,0.644791517,3.70396905,9.413956154,0.00716435,0.472847113,0.945694226,1/31/2024
2/22/2024,S31,14:05,Occoquan River at Ravenwood Bridge,38.7175,-77.3941667,24-0438,RE35,3.63,0.04,0,2.37,0.07,-0.15,-0.25,1.55,2.95,0.85,0,0.16,1.05,-0.11,0.52,0.84,1.99,0.89,4.38,0.73,0.2,-0.32,0,-0.35,0,1.15,0.17,0.48,0.41,-0.12,0,-0.26,0.05,-0.5,-0.1,-0.1,2.86,0,0.32,0.22,31.1,222,1,12.1,0.56,6.7,,0.02,<0.01,0.47,17.5,1.83,5.72,17.8,16.1,,5.4,6.7,,,,,,,,,,,,,3.06,91.53,223.32,41.1,8,13,0,0,3,1,3,5.306666667,3.232692308,15.3,0,7.532857143,6.889,0.619,18.47,0,0.643857143,13.28639861,2,0,0,3.3,9.5,-3,7.16,0.34,3.75,25.03580636,54.02463478,0.257805786,8.507590948,11.17158407,0,0.773417359,0.229160699,21.37842098,63.43315661,0.644791517,3.70396905,9.413956154,0.00716435,0.472847113,0.945694226,2/22/2024
4/18/2024,S31,9:37,Occoquan River at Ravenwood Bridge,38.7175,-77.3941667,24-0882,RE35-bottom,2.12,0.24,0,0,0,0,0,1.9,2.11,0.94,0,0,0.99,0,1.23,1.22,2.73,1.19,0,0.86,0.06,1.62,0,0.4,0,1.42,0,0,0,-0.1,0,0,0,0,0,0,0,0,1.07,0,22.1,189,10,9.66,0.11,7,,0.02,<0.01,0.18,16.1,1.63,5.47,13.4,12.8,,,8,,,,,,,,,,,,,9.86,112.11,297.37,23.69,9,6,0,0,5,0,5,11.10333333,7.987777778,135.7,0,20.43285714,12.93633333,1.461,30.38,2,7.49652381,8.666288747,4,1,0,18.2,23,13.3,13.53,0.79,7.16,25.03580636,54.02463478,0.257805786,8.507590948,11.17158407,0,0.773417359,0.229160699,21.37842098,63.43315661,0.644791517,3.70396905,9.413956154,0.00716435,0.472847113,0.945694226,4/18/2024
4/18/2024,S31,9:42,Occoquan River at Ravenwood Bridge,38.7175,-77.3941667,24-0884,RE35-surface,2.78,0.4,0,0,-0.06,1.1,-0.19,2.26,2.86,1.93,0,0,1.21,0,2.16,2.32,3.59,0.57,0,0.9,0,0,0,0.86,0,1.74,0,0,0,0,-0.15,0,0,0,0.53,0,0,0,2.31,0,19,169,20,10.6,0.38,6.8,,0.06,<0.01,0.27,14.7,1.8,4.75,11.8,11.7,,,6.9,,,,,,,,,,,,,9.86,112.11,297.37,23.69,9,6,0,0,5,0,5,11.10333333,7.987777778,135.7,0,20.43285714,12.93633333,1.461,30.38,2,7.49652381,8.666288747,4,1,0,18.2,23,13.3,13.53,0.79,7.16,25.03580636,54.02463478,0.257805786,8.507590948,11.17158407,0,0.773417359,0.229160699,21.37842098,63.43315661,0.644791517,3.70396905,9.413956154,0.00716435,0.472847113,0.945694226,4/18/2024
5/23/2024,S31,12:24,Occoquan River at Ravenwood Bridge,38.7175,-77.3941667,24-1435,RE35,3.75,-1.02,0,3.86,-0.66,0,0,3.9,0,0,0,0,1.52,-0.07,-0.46,0,4.48,1.79,0,1.43,0,0,0,0,0,-2.59,-0.49,-0.8,0,0,0,0,0,0,0,0,0,0,0,0.65,30.6,265,1,10.4,0.14,,,0.02,<0.01,0.05,22.6,2.15,7.25,19,19.3,,26.1,7.1,57.5,,,,,,,,,,,,20.05,100.38,294.7,25.89,12,5,1,0,3,1,3,17.64666667,13.09555556,374.8,1,11.10428571,14.88133333,1.075,32.72,5,-3.777047619,6.745363319,5,1,0,25.2,31.1,19.3,22.04,2.1,12.07,25.03580636,54.02463478,0.257805786,8.507590948,11.17158407,0,0.773417359,0.229160699,21.37842098,63.43315661,0.644791517,3.70396905,9.413956154,0.00716435,0.472847113,0.945694226,5/23/2024
6/20/2024,S31,13:50,Occoquan River at Ravenwood Bridge,38.7175,-77.3941667,24-1859,RE35,11.46,1.92,0,0,0.99,0,0,7.67,6.49,0,0,0,2.84,0,4.97,4.41,6.8,2.2,0,1.93,0,0,0,1.34,0,6.75,0,0,0,0,0,0,0,0,0,0,3.37,0,4.03,0,32.9,256,1,12.4,0.24,,,0.02,<0.01,0.12,25.9,3.48,7.35,20.4,22.8,,32.4,7.2,65.8,,,,,,,,,,,,2.19,73.26,285.75,19.97,7,8,0,0,3,0,3,22.51666667,17.17333333,686.9,3,24.24285714,21.197,1.667333333,28.65,3,3.045857143,3.456149455,6,1,0,25.1,31.2,19,26.09,1.46,13.775,25.03580636,54.02463478,0.257805786,8.507590948,11.17158407,0,0.773417359,0.229160699,21.37842098,63.43315661,0.644791517,3.70396905,9.413956154,0.00716435,0.472847113,0.945694226,6/20/2024
7/18/2024,S31,14:04,Occoquan River at Ravenwood Bridge,38.7175,-77.3941667,24-2220,RE35,8.54,1.3,0,8.77,0.87,1.61,0,6.75,5.59,-0.24,0,0,3.07,0,1.99,1.8,6.17,2.14,0,1.12,0,0,0,0.6,0,6.07,0,1.84,0,0,0,0,0,0,0,0,0,0,0,0,33,278,1,11.2,0.13,,,0.02,<0.01,<0.01,26.6,3.13,8.06,21.1,19.4,,31.7,11.4,71.4,,,,,,,,,,,,36,54.32,227.96,17.52,5,13,2,0,3,0,3,27.25333333,22.01666667,1084.2,21,30.41571429,29.98666667,2.952333333,41.51,20,0.429047619,1.811471765,7,1,5.9,29,36,22,36.7,0.85,18.775,25.03580636,54.02463478,0.257805786,8.507590948,11.17158407,0,0.773417359,0.229160699,21.37842098,63.43315661,0.644791517,3.70396905,9.413956154,0.00716435,0.472847113,0.945694226,7/18/2024
8/22/2024,S31,8:40,Occoquan River at Ravenwood Bridge,38.7175,-77.3941667,24-2529,RE35,6.23,0.93,0,11.21,1.14,0,0,7.5,5.29,0,0,0,3.05,0.99,2.54,4.43,5.04,1.79,0,2.31,0.87,0,0,0.16,0.8,7.84,0,0,0,0,0,0,0,0,0,0,0,0,9.51,0,31.6,282,1,6.14,0.11,,,0.05,<0.01,<0.01,30.5,2.78,8.6,21.6,31.3,,24.8,8.4,77.7,,,,,,,,,,,,6.7,107.88,243.82,30.71,13,5,0,0,4,1,4,25.51333333,25.21,1368.9,8,20.97285714,23.26066667,1.716,40.91,10,-2.287809524,4.637872231,8,1,0,17.7,24.5,10.9,20.59,1.74,11.165,25.03580636,54.02463478,0.257805786,8.507590948,11.17158407,0,0.773417359,0.229160699,21.37842098,63.43315661,0.644791517,3.70396905,9.413956154,0.00716435,0.472847113,0.945694226,8/22/2024
10/24/2024,S31,12:00,Occoquan River Ravenwood Bridge,38.7175,-77.3941667,24-3451,RE35,12.72,1.57,0,0,1.85,0,0,7.58,3.88,3.06,0,0,3.73,0,3.22,5.46,4.43,1.2,0,1.78,0,0,0,0.37,0,4.38,0,0,0.94,0,0,0,0.53,0,0,0,8.58,0,0,0,19.8,185,1,9.08, .,,,0.01,<0.01,0.3,18.4,3.77,5.51,12.8,14.3,,16.9,8.8,53.4,,,,,,,,,,,,0,53.49,246.46,16.86,8,21,0,0,2,0,2,16.70333333,21.09,1000.7,0,18.98142857,12.93933333,0.616666667,25.87,0,6.042095238,4.13390695,10,1,0,16.9,25.8,8,21.58,0.76,11.17,25.03580636,54.02463478,0.257805786,8.507590948,11.17158407,0,0.773417359,0.229160699,21.37842098,63.43315661,0.644791517,3.70396905,9.413956154,0.00716435,0.472847113,0.945694226,10/24/2024
11/21/2024,S31,13:00,Occoquan River Ravenwood Bridge,38.7175,-77.3941667,24-3660,RE35,10.71,0.53,0,7.36,0.39,0,0,5.97,12.25,0,0,0,2.47,0.98,0.5,0.91,3.63,2.46,0,0.87,0,0.98,0,0,0,3.13,0,0,0,0,0,0,0,0,0,0,0,0,0,0,23.3,232,1,8.24,,,,0.07,<0.01,0.14,21.7,3.35,6.46,14.6,17.3,,12.5,9.3,61.6,,,,,,,,,,,,12.43,18.99,174.38,11.41,3,20,1,0,1,0,1,12.75666667,17.14222222,665.3,0,8.575714286,14.14933333,0.835666667,25.87,0,-5.573619048,1.342112703,11,0,14.39,9.6,17.8,1.4,6.33,0.3,3.315,25.03580636,54.02463478,0.257805786,8.507590948,11.17158407,0,0.773417359,0.229160699,21.37842098,63.43315661,0.644791517,3.70396905,9.413956154,0.00716435,0.472847113,0.945694226,11/21/2024
12/10/2024,S31,14:00,Occoquan River Ravenwood Bridge,38.7175,-77.3941667,24-3798,RE35,15.97,-0.12,0,9.94,0.39,0,0,6.03,6.12,0,0,0,3.33,0,0,1.44,3.41,1.16,0,1.34,0,0,0,0,0,2.52,0.94,0,0,0,0,0,0,0,0,0,4.39,0,4.28,0,,391,,11.8,,,,0.01,<0.01,0.04,39.4,4.32,11.3,23.6,,122.32,5.8,4.7,,,,,,,,,,,,,1.59,47.32,130.05,14.39,8,10,0,0,2,0,2,6,13.34666667,442.1,0,7.151428571,8.371666667,0.713,17.44,0,-1.220238095,5.652398965,12,0,0.76,9.7,15.1,4.3,4.91,0.32,2.615,25.03580636,54.02463478,0.257805786,8.507590948,11.17158407,0,0.773417359,0.229160699,21.37842098,63.43315661,0.644791517,3.70396905,9.413956154,0.00716435,0.472847113,0.945694226,12/10/2024
1/17/2025,S31,9:40:00 AM,Occoquan River Ravenwood Bridge,38.7175,-77.3941667,25-0026,RE35,-0.03,0.11,0,0,0.86,0,0,3.25,4.07,0,0,0,1.27,0,0,2.18,1.83,0,0,0,0,0,0,0,0,0,0,0,0,0,0,0,0,0,0,0,0,0,4.39,0,32.3,264,,15.4,,7.5,,0.09,0.03,0.5,24.3,3.46,7.73,18.3,23.1,,2.9,7,,,,,,,,,,,,,1.03,69.52,161.49,20.75,9,8,0,0,3,0,3,1.31,6.357777778,118.5,0,5.048571429,5.108,0.724333333,13.06,0,-0.059428571,13.61002349,1,0,0,-3.1,2.4,-8.6,3.81,0.64,2.225,25.03580636,54.02463478,0.257805786,8.507590948,11.17158407,0,0.773417359,0.229160699,21.37842098,63.43315661,0.644791517,3.70396905,9.413956154,0.00716435,0.472847113,0.945694226,1/17/2025
2/19/2025,S31,12:25:00 PM,Occoquan River Ravenwood Bridge,38.7175,-77.3941667,25-0143,RE35,9.02,1.42,0,0,0.14,0,0,2.88,2.75,0,0,0,1.72,0,0,0,0,0,5.16,1.14,0,0,0,3.54,0,0,0,0,0,0,0,0,0,0,0,0,7.99,0,3.42,0,49.9,254,,14.9,,6.8,,0.05,0.04,0.42,12.3,2.34,4.24,26.7,7.68,,0.8,18.2,,,,,,,,,,,,,59,118.17,261.16,23.49,10,10,4,0,6,0,6,1.43,2.187777778,6.5,0,5.587142857,6.015666667,0.677,15.5,0,-0.42852381,19.6437081,2,0,0,-2.3,2.7,-7.4,5.48,2,3.74,25.03580636,54.02463478,0.257805786,8.507590948,11.17158407,0,0.773417359,0.229160699,21.37842098,63.43315661,0.644791517,3.70396905,9.413956154,0.00716435,0.472847113,0.945694226,2/19/2025
3/20/2025,S31,12:28:00 PM,Occoquan River Ravenwood Bridge,38.7175,-77.3941667,25-0436,RE35,4.92,0.32,0,2.46,0.21,0,0,2.58,2.66,0,0,0,1.64,0,0,0,3.74,1.47,0,0.39,0,0,0,0,0,1.41,0.79,0,0,0.7,0,0,0.39,0,0.22,0,0,0,2.51,0.2,64.2,364,1,11.7,,7.9,,<0.01,<0.01,0.17,24.3,2,7.78,35.5,20.1,,12.2,10.5,50.7,,,,,,,,,,,,12.5,32.43,216.72,19.28,2,16,1,0,2,0,2,6.15,2.825555556,22.3,0,10.59285714,10.66166667,1.414333333,22.82,0,-0.068809524,3.041738315,3,0,0,13.1,23.2,3.1,21.67,2.22,11.945,25.03580636,54.02463478,0.257805786,8.507590948,11.17158407,0,0.773417359,0.229160699,21.37842098,63.43315661,0.644791517,3.70396905,9.413956154,0.00716435,0.472847113,0.945694226,3/20/2025
4/24/2025,S31,12:09:00 PM,Occoquan River Ravenwood Bridge,38.7175,-77.3941667,25-1063,RE35,8.07,-0.04,0,0,-0.03,0,0,3.21,3.06,0,0,0,1.79,0,0,0,6.47,1.16,0,0,0,0,0,0,0,2.37,0,0,0,0,0,0,0,0,0,0,0,0,0,0,39.8,265,1,12.8,,8.6,,0.03,<0.01,<0.01,17.7,1.99,5.9,23,13.2,,21.7,11,48.5,,,,,,,,,,,,0,98.54,252.33,36.56,9,8,0,0,4,2,4,13.83333333,8.068888889,167,0,19.87285714,14.76466667,1.949666667,30.83,2,5.108190476,6.674041631,4,1,0,17.5,25.7,9.3,25.49,1.31,13.4,25.03580636,54.02463478,0.257805786,8.507590948,11.17158407,0,0.773417359,0.229160699,21.37842098,63.43315661,0.644791517,3.70396905,9.413956154,0.00716435,0.472847113,0.945694226,4/24/2025
5/29/2025,S31,12:44:00 PM,Occoquan River at Ravenwood Bridge Surface,38.7175,-77.3941667,25-1521,RE35 ,9.59,0.42,0,0,0,0,0,3.96,3.66,0,0,0,2.08,0.45,0,1.05,2.88,1.94,0,0,0.38,0,0,0.97,0,3.6,0,0,0,0,0,0,0,0,0,0,0,0,0,0,37.1,267,1,9.05,0.42,7.3,,0.05,0.02,0.32,20.1,2.41,6.5,23.6,13,,17.2,14.3,52.7,,,,,,,,,,,,49.49,233.18,388.34,63.6,13,4,2,0,7,2,7,19.17333333,14.47,477.9,0,12.99142857,17.19,1.305666667,31.26,2,-4.198571429,13.56486329,5,1,14.51,13.9,15.9,11.8,1.54,0.32,0.93,25.03580636,54.02463478,0.257805786,8.507590948,11.17158407,0,0.773417359,0.229160699,21.37842098,63.43315661,0.644791517,3.70396905,9.413956154,0.00716435,0.472847113,0.945694226,5/29/2025
6/17/2025,S31,10:25:50 AM,Occoquan River Ravenwood Bridge,38.7175,-77.3941667,25-1781,RE35,13.45,0.45,0,0,0,0,0,3.7,2.8,0,0,0,2.5,0.49,1.38,1.48,6.55,1.53,0,1.52,0,0,0,0,0,3.49,0.7,0,0,0,0,0,0.86,0,0,0,0,0,0,0,16.5,163,,7.36,,6.6,,0.08,0.05,0.28,10.9,2.7,3.62,10.9,5.24,123.64,19.8,18.6,,,,,,,,,,,,,63.96,160.08,463.49,28.03,12,6,3,1,8,1,8,19.91333333,17.24555556,679,1,19.87142857,17.214,1.139333333,31.26,3,2.657428571,9.299407459,6,1,5.32,18.8,20.4,17.2,2.89,0.07,1.48,25.03580636,54.02463478,0.257805786,8.507590948,11.17158407,0,0.773417359,0.229160699,21.37842098,63.43315661,0.644791517,3.70396905,9.413956154,0.00716435,0.472847113,0.945694226,6/17/2025
7/25/2025,S31,2:23:18 PM,Occoquan River at Ravenwood Bridge Surface,38.7175,-77.3941667,25-2175,RE35,10.64,0.1,0,4.24,0,0,0,3.17,2.82,0,0,0,1.77,0.38,0,0.09,5.04,1.33,0,0,0,0,0,0,0,2.59,0,0,0,0,0,0,0,0,0,0,0,0,0,0,12.8,128,1,13.1,0.17,8.9,,0.02,0.01,0.03,12.9,3.11,4.22,8.12,7.81,,31.3,11.8,47.5,9.6,422,5,22,0.64,,10.2,0.07,0.04,0.87,11.5,3.07,156.37,536.85,33.05,12,5,0,0,5,3,5,26.95333333,22.72333333,1145.1,16,21.23,21.58633333,1.033,36.58,6,-0.356333333,7.243935206,7,1,0,26.8,31.8,21.8,21.49,1.42,11.455,25.03580636,54.02463478,0.257805786,8.507590948,11.17158407,0,0.773417359,0.229160699,21.37842098,63.43315661,0.644791517,3.70396905,9.413956154,0.00716435,0.472847113,0.945694226,7/25/2025
7/25/2025,S31,2:28:20 PM,Occoquan River at Ravenwood Bridge Bottom,38.7175,-77.3941667,25-2182,RE35,10.89,0.11,0,3.87,0.04,0,0,3.58,2.92,0,0,0,1.69,0,0,0,5.95,1.45,0,1.16,0,0,0,0,0,3.88,0,0,0,0,0,0,0,0,0,0,0,0,0,0,12.5,126,18,3.57,0.49,6.7,,0.13,0.04,0.37,12.8,3.16,4.2,7.94,7.67,,26.3,9.8,45.8,9.9,427,0,,0.98,,10,0.09,0.06,1,12.3,3.07,156.37,536.85,33.05,12,5,0,0,5,3,5,26.95333333,22.72333333,1145.1,16,21.23,21.58633333,1.033,36.58,6,-0.356333333,7.243935206,7,1,0,26.8,31.8,21.8,21.49,1.42,11.455,25.03580636,54.02463478,0.257805786,8.507590948,11.17158407,0,0.773417359,0.229160699,21.37842098,63.43315661,0.644791517,3.70396905,9.413956154,0.00716435,0.472847113,0.945694226,7/25/2025
8/13/2025,S31,12:56:02PM,Occoquan River at Ravenwood Bridge Bottom,38.7175,-77.3941667,25-2508,RE35,9.37,0,0,6.07,0,0,0,4.62,3.82,0,0,0,2.99,0,0,0,9.47,1.65,0,2.51,0,0,0,0,0,4.32,1.17,0,0,0,0,0,1.07,0,0,0,0,0,0,0,23.9,208,18,0.3,0.06,6.7,,0.12,<0.01,0.03,19.9,2.66,6.46,17.4,14.4,,25.4,8.8,60.2,5.5,427,0,,0.29,,5.5,0.05,0.01,0.53,8.9,0,94.14,410.99,35.16,7,11,0,0,3,2,3,25.59666667,23.90777778,1251.7,10,19.42571429,20.45066667,0.987333333,28.22,4,-1.024952381,4.603272917,8,1,0,27.3,31.7,22.9,18.47,1.16,9.815,25.03580636,54.02463478,0.257805786,8.507590948,11.17158407,0,0.773417359,0.229160699,21.37842098,63.43315661,0.644791517,3.70396905,9.413956154,0.00716435,0.472847113,0.945694226,8/13/2025
8/13/2025,S31,12:48:51AM,Occoquan River at Ravenwood Bridge Surface,38.7175,-77.3941667,25-2501,RE35,10.78,0.23,0,6.19,0,0,0,5.49,3.82,0,0,0,2.83,0,0,0,5.59,1.98,0,1.99,0,0,0,0,0,3.95,1.63,0,0,0,0,0,0,0,0,0,0,0,0,0,22.8,195,1,10.2,0.09,8.4,,0.02,<0.01,<0.01,19.2,3.14,6.01,13.8,13.8,,28.6,10,55.9,6.9,425,4.3,24,0.43,,7.1,0.08,0.02,0.7,8.5,0,94.14,410.99,35.16,7,11,0,0,3,2,3,25.59666667,23.90777778,1251.7,10,19.42571429,20.45066667,0.987333333,28.22,4,-1.024952381,4.603272917,8,1,0,27.3,31.7,22.9,18.47,1.16,9.815,25.03580636,54.02463478,0.257805786,8.507590948,11.17158407,0,0.773417359,0.229160699,21.37842098,63.43315661,0.644791517,3.70396905,9.413956154,0.00716435,0.472847113,0.945694226,8/13/2025
8/28/2025,S31,1:14:52 PM,Occoquan River at Ravenwood Bridge Bottom,38.7175,-77.3941667,25-2688,RE35B,10.28,0.31,0,6.81,0.07,0,0,4.79,3.88,0,0,0,2.27,0,0,0,5.66,2.08,0,0,0,0,0,1.94,0,3.79,0,0,0,0,0,0,0,0,0,0,0,0,0,0,24.5,208,18,4.05,0.7,7,,0.04,<0.01,<0.01,20.2,2.89,6.56,18,13.7,,24.2,14.6,63.4,6.3,428,0,,0.36,,6.4,0.07,0.03,0.62,11.4,1.52,36.9,349.16,13.77,6,12,0,0,2,0,1,23.93,24.85777778,1337.2,7,18.01714286,18.99333333,1.059,28.51,4,-0.976190476,1.942786943,8,1,0,19.6,25.7,13.4,21.91,1.59,11.75,25.03580636,54.02463478,0.257805786,8.507590948,11.17158407,0,0.773417359,0.229160699,21.37842098,63.43315661,0.644791517,3.70396905,9.413956154,0.00716435,0.472847113,0.945694226,8/28/2025
8/28/2025,S31,1:06:55 PM,Occoquan River at Ravenwood Bridge Surface,38.7175,-77.3941667,25-2681,RE35S,8.94,0,0,6.5,0.08,0,0,4.88,3.87,0,0,0,2.87,0,0,0,6.24,2.04,0,1,0,0,0,0,0,4.88,0,0,0,0,0,0,0,0,0,0,0,0,0,0,25.5,209,1,6.47,0.07,7.2,,0.01,<0.01,<0.01,20.9,2.91,6.69,18.1,14.3,,26.7,8.6,61.2,6.3,426,0,22,0.3,,6.7,0.08,0.03,0.68,6.5,1.52,36.9,349.16,13.77,6,12,0,0,2,0,1,23.93,24.85777778,1337.2,7,18.01714286,18.99333333,1.059,28.51,4,-0.976190476,1.942786943,8,1,0,19.6,25.7,13.4,21.91,1.59,11.75,25.03580636,54.02463478,0.257805786,8.507590948,11.17158407,0,0.773417359,0.229160699,21.37842098,63.43315661,0.644791517,3.70396905,9.413956154,0.00716435,0.472847113,0.945694226,8/28/2025
9/11/2025,S31,12:37:00 PM,Occoquan River at Ravenwood Bridge Bottom,38.7175,-77.3941667,25-2870,RE35B,9.8,0.38,,7.65,0.13,,,5.64,4.84,,,,2.99,,,,6.78,1.5,,1.49,,,,,,4.13,,,,,,,,,,,,,0.78,0.06,27.6,233,18,6.7,0.08,7.3,,0.04,<0.01,9.41,23,3.49,7.01,17.1,18,,22.8,17.2,62.6,6.1,230,0,,10,,6.3,0.06,0.02,0.47,14.3,16.22,38.83,336.76,10.03,7,13,0,0,1,0,0,22.18333333,24.67111111,1320.4,4,23.07714286,20.268,1.212333333,28.72,3,2.809142857,1.915827906,9,1,3.31,18,20.8,15.3,5.57,0.69,3.13,25.03580636,54.02463478,0.257805786,8.507590948,11.17158407,0,0.773417359,0.229160699,21.37842098,63.43315661,0.644791517,3.70396905,9.413956154,0.00716435,0.472847113,0.945694226,9/11/2025
9/11/2025,S31,12:32:00 PM,Occoquan River at Ravenwood Bridge Surface,38.7175,-77.3941667,25-2863,RE35S,39.03,5.27,,36.29,1.69,,,24.16,15.42,,,,7.4,0.34,0.03,,12.52,2.88,11.85,3.68,,,,,,5.13,,,,,0,,,,,,,,,,29.1,233,1,9.56,0.13,7.8,,<0.01,<0.01,<0.01,23.8,3.47,7.16,20.4,19.7,,24.4,16,62.9,6.2,428,0,18,0.41,,6.4,0.09,0.06,1.03,11.8,16.22,38.83,336.76,10.03,7,13,0,0,1,0,0,22.18333333,24.67111111,1320.4,4,23.07714286,20.268,1.212333333,28.72,3,2.809142857,1.915827906,9,1,3.31,18,20.8,15.3,5.57,0.69,3.13,25.03580636,54.02463478,0.257805786,8.507590948,11.17158407,0,0.773417359,0.229160699,21.37842098,63.43315661,0.644791517,3.70396905,9.413956154,0.00716435,0.472847113,0.945694226,9/11/2025
10/2/2025,S31,1:17:00 PM,Occoquan River at Ravenwood Bridge Bottom,38.7175,-77.3941667,25-3075,RE35B,9.08,0.22,0,6.21,0.07,0,0,5.33,5.12,0,0,0,2.43,0.22,0,0,7.05,1.63,0,1.85,0,0,0,1.8,0,5.7,0,0,0,0,0.29,0,0,0,0,0,0,0,0,0,,258,18,5.93,0.07,7.2,,<0.01,<0.01,<0.01,26.2,3.26,8.01,22.2,,,21.7,13,71.2,5.5,431,0,,0.39,,5.7,0.06,<0.01,0.66,12.6,15.43,68.04,210.89,23.94,8,5,0,0,1,0,1,20.96333333,23.55111111,1219.6,1,12.31,17.728,1.018333333,29.37,2,-5.418,3.83799639,10,1,0,16.3,23.9,8.6,19.84,0.88,10.36,25.03580636,54.02463478,0.257805786,8.507590948,11.17158407,0,0.773417359,0.229160699,21.37842098,63.43315661,0.644791517,3.70396905,9.413956154,0.00716435,0.472847113,0.945694226,10/2/2025
10/2/2025,S31,1:10:00 PM,Occoquan River at Ravenwood Bridge Surface,38.7175,-77.3941667,25-3068,RE35S,8.55,0.28,0,7.15,0.07,0,0,5.84,4.6,0,0,0,2.59,0.24,0,0,6.86,1.61,0,1.65,0,0,0,0.79,0,5.57,0,0,0,0,0,0,0,0,0,0,0,0,0,0,31.3,260,1,8.11,0.08,7.6,,0.01,<0.01,<0.01,26.6,3.26,8.11,22.6,22.2,,23.4,9.4,73.8,5.8,429,0,22,0.33,,5.9,0.06,0.02,0.8,8.2,15.43,68.04,210.89,23.94,8,5,0,0,1,0,1,20.96333333,23.55111111,1219.6,1,12.31,17.728,1.018333333,29.37,2,-5.418,3.83799639,10,1,0,16.3,23.9,8.6,19.84,0.88,10.36,25.03580636,54.02463478,0.257805786,8.507590948,11.17158407,0,0.773417359,0.229160699,21.37842098,63.43315661,0.644791517,3.70396905,9.413956154,0.00716435,0.472847113,0.945694226,10/2/2025
10/23/2025,S31,13:27,Occoquan River at Ravenwood Bridge Bottom,38.7175,-77.3941667,25-3346,RE35B,13.67,0,0,7.43,0,0,0,6.99,4.83,0,0,0,4.2,0,0,0,4.31,1.62,0,3,0,0,0,0,0,2.96,0,0,0,0,0.57,0,0,0,0,0,0,0,0,0,36,291,18,6.93,0.05,7.4,,0.04,<0.01,0.14,31.5,3.86,9.16,25.7,35.3,,16.2,10.4,80.4,5.3,436,0,,0.41,,5.6,0.05,0.01,0.67,9.2,10.59,38.87,161.07,9.74,8,9,0,0,0,0,0,17.28333333,20.88444444,979.6,0,16.78857143,14.42466667,0.865333333,20.98,0,2.363904762,2.694689652,10,1,0,12.8,19.9,5.8,17.07,0.79,8.93,25.03580636,54.02463478,0.257805786,8.507590948,11.17158407,0,0.773417359,0.229160699,21.37842098,63.43315661,0.644791517,3.70396905,9.413956154,0.00716435,0.472847113,0.945694226,10/23/2025
10/23/2025,S31,13:20,Occoquan River at Ravenwood Bridge Surface,38.7175,-77.3941667,25-3339,RE35S,13.85,0.71,0,10.19,0,0,0,6.71,5.7,0,0,0,2.4,0,0,0.08,5.59,1.84,0,3.05,0,0,0,2.28,0,2.97,0,0,0,0,0.41,0,0,0,0,0,0,0,0,0,34.9,293,1,8.34,0.13,7.6,,0.05,<0.01,0.19,30.2,3.73,8.84,24.7,29.7,,17.3,10.6,87.2,5.4,435,0,25,0.51,,5.7,0.05,0.01,0.85,8.5,10.59,38.87,161.07,9.74,8,9,0,0,0,0,0,17.28333333,20.88444444,979.6,0,16.78857143,14.42466667,0.865333333,20.98,0,2.363904762,2.694689652,10,1,0,12.8,19.9,5.8,17.07,0.79,8.93,25.03580636,54.02463478,0.257805786,8.507590948,11.17158407,0,0.773417359,0.229160699,21.37842098,63.43315661,0.644791517,3.70396905,9.413956154,0.00716435,0.472847113,0.945694226,10/23/2025
10/9/2025,S32,2:48:05 PM,Occoquan River at Ravenwood Bridge Bottom,38.7175,-77.394167,25-3169,RE35B,10.19,0.33,0,7.42,0.07,0,0,4.92,3.86,0,0,0,2.42,0,0,0,7.59,1.56,0,0,0,0,0,0,0,3.25,0,0,0,0,0,0,0,0,0,0,0,0,0,0,33.4,269,18,6.32,0.08,7.3,,0.02,<0.01,<0.01,28.3,3.71,8.28,23.7,26.6,,20.1,14.1,74.7,5.5,432,0,,<0.25,,5.7,0.06,0.01,0.6,11.5,2.07,54.77,187.38,23.94,7,9,0,0,1,0,1,20.22666667,22.90333333,1161.3,0,17.92571429,16.45466667,0.920666667,29.37,1,1.471047619,3.328539016,10,1,0.25,14.6,22.2,7.1,13.78,1.15,7.465,25.03580636,54.02463478,0.257805786,8.507590948,11.17158407,0,0.773417359,0.229160699,21.37842098,63.43315661,0.644791517,3.70396905,9.413956154,0.00716435,0.472847113,0.945694226,10/9/2025
10/9/2025,S32,14:43,Occoquan River at Ravenwood Bridge Surface,38.7175,-77.394167,25-3162,RE35S,10.17,0.31,0,8.28,0.11,0,0,5.02,4.94,0,0,0,2.33,0,0,0,8.21,1.32,0,1.1,0,0,0,0,0,2.93,0,0,0,0,0,0,0,0,0,0,0,0,0,0,33,272,1,7.63,0.1,7.5,,0.03,<0.01,<0.01,27.6,3.62,8.1,23,25.5,,22.4,10.3,72.6,5.5,430,0,18,<0.25,,5.9,0.05,0.01,0.56,8.8,2.07,54.77,187.38,23.94,7,9,0,0,1,0,1,20.22666667,22.90333333,1161.3,0,17.92571429,16.45466667,0.920666667,29.37,1,1.471047619,3.328539016,10,1,0.25,14.6,22.2,7.1,13.78,1.15,7.465,25.03580636,54.02463478,0.257805786,8.507590948,11.17158407,0,0.773417359,0.229160699,21.37842098,63.43315661,0.644791517,3.70396905,9.413956154,0.00716435,0.472847113,0.945694226,10/9/2025
7/23/2025,S33,11:00:00 AM,Lake Jackson,38.7051667,-77.4454833,25-2092,ST10,10.28,0.08,0,4,0.04,0,0,3.36,3.66,0,0,0,2.1,0,0,0.1,3.61,1.34,0,0.96,0,0,0,0,0,3.96,0,0,0,0,0,0,0,0,0,0,0,0,0,0,15.7,150,,8.4,,7.2,,0.03,0.02,0.29,14.6,2.77,4.84,12.9,8.62,3.1,27.2,7.6,,,,,,,,,,,,,41.72,185.08,532.06,42.34,12,5,1,1,5,3,5,27.25666667,22.51888889,1126.7,19,20.32285714,22.711,0.759333333,35.72,8,-2.388142857,8.149354938,7,1,0,25.1,30.8,19.4,24.3,0.65,12.475,28.17505721,59.23913043,0.85812357,4.090389016,7.179633867,0,0.257437071,0.200228833,29.30515759,62.84383954,1.568767908,2.944126074,2.908309456,0,0.085959885,0.343839542,7/23/2025
8/13/2025,S33,12:00PM,Lake Jackson,38.7051667,-77.4454833,25-2381,ST10,9.72,0.1,0,6.11,0.07,0,0,4.88,4.19,0,0,0,2.15,0,0,0,4.58,1.78,0,1.32,0,0,0,0,0,3.82,0,0,0,0,0,0,0,0,0,0,2.97,0,2.57,0.12,22.6,173,,7.44,,7.5,0,0.06,0.01,0.04,20.2,2.6,6.33,17,15.2,2.45,27.5,5.5,,,,,,,,,,,,,0,80.15,443.18,38.04,8,11,0,0,2,1,2,25.55,23.88444444,1249.6,11,20.30285714,21.10233333,0.686666667,28.04,5,-0.79947619,3.798158182,8,1,0,27.3,32,22.5,19.59,0.73,10.16,28.17505721,59.23913043,0.85812357,4.090389016,7.179633867,0,0.257437071,0.200228833,29.30515759,62.84383954,1.568767908,2.944126074,2.908309456,0,0.085959885,0.343839542,8/13/2025
8/26/2025,S33,10:10:00 AM,Lake Jackson,38.7051667,-77.4454833,25-2604,ST10,8.02,0,0,5.44,0,0,0,3.94,4.15,0,0,0,2.55,0,0,0,5.13,1.76,0,1.12,0,0,0,0,0,4.08,0,0,0,0,0,0,0,0,0,0,1.27,0,0.89,0,24.9,159,,7.39,,7.4,,0.04,0.01,0.03,23.8,2.64,7.37,19,18.4,2.45,25,7.2,70.6,,,0,,<0.25,137,,0.05,0.02,0.33,4.4,1.87,42.03,414.69,16.93,6,12,0,0,2,0,2,24.44333333,24.72888889,1325.6,10,13.08285714,19.59333333,0.666666667,30.16,5,-6.51047619,2.145117387,8,1,0,20.9,28.8,13,25.49,1.17,13.33,28.17505721,59.23913043,0.85812357,4.090389016,7.179633867,0,0.257437071,0.200228833,29.30515759,62.84383954,1.568767908,2.944126074,2.908309456,0,0.085959885,0.343839542,8/26/2025
9/9/2025,S33,11:00:00 AM,Lake Jackson,38.7051667,-77.4454833,25-2708,ST10,9.23,0.13,,6.5,0.04,,,4.68,3.76,,,,2.06,,,,5.92,1.79,,1.59,,,,,,2.94,1.15,,,,,,,,,,,,,0.12,27.9,221,,8.03,,7.3,,0.1,<0.01,0.06,26.7,2.72,8.15,20.7,22.8,2.45,22.1,5.5,85.2,,,0,,0.5,167,,0.05,0.02,0.54,4.6,8.13,24.69,359.76,12.05,5,13,0,0,1,0,1,22.43,24.77,1329.3,5,23.66857143,21.14966667,0.886333333,30.16,4,2.518904762,1.167394285,9,1,0,16.6,24.5,8.6,21.03,0.63,10.83,28.17505721,59.23913043,0.85812357,4.090389016,7.179633867,0,0.257437071,0.200228833,29.30515759,62.84383954,1.568767908,2.944126074,2.908309456,0,0.085959885,0.343839542,9/9/2025
9/23/2025,S33,10:00:00 AM,Lake Jackson,38.7051667,-77.4454833,25-2885,ST10,8.2,0.15,0,5.71,0,0,0,4.66,4.47,0,0,0,3.01,0,0.02,0,5.52,1.51,0,1.5,0,0,0,0,0,4.84,0,0,0,0,0,0,0,0,0,0,0,0,0,0,32.8,286,,8.42,,7.6,,0.05,<0.01,0.02,31.7,2.69,9.48,24.2,33.2,2.44,22.7,7,96.2,,,0,,0.56,201,,0.04,0.03,0.59,6.3,24.95,36.32,266.68,22.97,5,12,1,0,1,0,1,20.46333333,24.06333333,1265.7,1,16.46571429,21.18233333,0.95,30.09,4,-4.716619048,1.714636411,9,1,0,21.3,26,16.5,13.1,0.86,6.98,28.17505721,59.23913043,0.85812357,4.090389016,7.179633867,0,0.257437071,0.200228833,29.30515759,62.84383954,1.568767908,2.944126074,2.908309456,0,0.085959885,0.343839542,9/23/2025
10/6/2025,S33,8:35,Lake Jackson,38.7051667,-77.4454833,25-2994,ST10,9.55,0.19,0,7.53,0.08,0,0,5.6,3.45,0,0,0,2.71,0.23,0.1,0,9.24,1.87,0,2.65,0,0,0,0,0,3.46,0,0,0,0,0,0,0,0,0,0,0,0,0,0,38.4,318,,8.01,,7.4,,0.09,<0.01,0.06,38.3,2.77,11.1,28.6,47.6,2.4,20.8,6.2,134.5,,,0,,0.46,,,0.04,0.01,0.61,5,0,56.74,184.4,22.97,7,7,0,0,2,0,2,20.31,23.09777778,1178.8,1,16.84857143,17.76033333,0.781333333,30.09,3,-0.911761905,3.194759858,10,1,0,18.8,27.3,10.3,23,0.47,11.735,28.17505721,59.23913043,0.85812357,4.090389016,7.179633867,0,0.257437071,0.200228833,29.30515759,62.84383954,1.568767908,2.944126074,2.908309456,0,0.085959885,0.343839542,10/6/2025
10/21/2025,S33,10:00,Lake Jackson,38.7051667,-77.4454833,25-3265,ST10,10.87,0,0,6.93,0,0,0,5.17,4.35,0,0,0,2.56,0,0,0,4.96,1.36,0,2.01,0,0,0,0,0,3.29,0,0,0,0,0,0,0,0,0,0,0,0,0,0,40.1,374,,9.36,,7.6,,0.08,<0.01,0.03,40.8,2.78,11.5,30.9,54.1,2.44,16,11.5,102.1,,,0,,0.29,,,0.04,<0.01,0.51,8.2,10.36,40.13,121.73,10.16,8,9,0,0,1,0,1,17.80333333,21.09777778,998.8,0,14.78714286,14.86833333,0.877,23,0,-0.081190476,2.699024773,10,1,0,11.5,19.8,3.2,16.66,0.6,8.63,28.17505721,59.23913043,0.85812357,4.090389016,7.179633867,0,0.257437071,0.200228833,29.30515759,62.84383954,1.568767908,2.944126074,2.908309456,0,0.085959885,0.343839542,10/21/2025
2/1/2024,S34,18:00,Broad Run at Bradley Forest,38.697913,-77.484825,24-0217,PF04,-0.85,-0.53,0,1.49,-0.82,-0.65,-1.01,1.74,3.23,-0.85,-11.09,-0.68,0.85,-1.28,-1.28,0.61,1.97,0.68,-6.34,0.3,-0.14,0.59,0.39,0.33,0,1.34,-0.14,-1.59,-0.49,-0.1,0.04,-0.22,-0.44,-1.5,-0.47,-0.03,-1.64,0,-3.59,-0.32,53.1,317,,13.6,,7.2,,0.03,0.02,0.67,22.3,2.24,7.07,27.9,14.6,,5.4,8.4,,,,,,,,,,,,,50.27,181.6,181.6,50.07,11,5,1,1,5,3,5,2.006666667,2.077419355,11.2,0,6.178571429,5.18,0.389666667,18.39,0,0.998571429,35.05791506,2,0,0,1.1,6,-3.7,2.65,0.21,1.43,27.85571142,53.965073,10.392213,7.300314916,0.085886058,0,0.343544231,0.057257372,26.77176639,52.81261197,9.602293085,9.494804729,0.680759584,0.028663561,0.537441777,0.071658904,2/1/2024
2/20/2024,S34,12:50,Broad Run at Bradley Forest,38.697913,-77.484825,24-0352,PF04,6.38,0.09,0,2.76,0,-0.22,-0.28,1.97,3.12,0.78,0,0.18,1.26,-0.08,0.56,0.8,2.89,1.26,5.84,1.03,0.19,0,0,0.04,0.77,2.03,0.25,0.49,0.37,-0.09,0.14,-0.24,0.15,-0.49,-0.14,-0.04,2.68,0.44,0.38,0.26,48.7,,,,,,,0.01,<0.01,0.39,23.4,2.39,7.14,26.2,19,,,4.7,,,,,,,,,,,,,28.83,86.99,218.32,40.58,9,12,1,0,2,1,2,4.36,2.934,14.9,0,6.208571429,6.518666667,0.424666667,18.39,0,-0.310095238,13.34475353,2,0,0,1.3,9,-6.4,7.65,0.4,4.025,27.85571142,53.965073,10.392213,7.300314916,0.085886058,0,0.343544231,0.057257372,26.77176639,52.81261197,9.602293085,9.494804729,0.680759584,0.028663561,0.537441777,0.071658904,2/20/2024
5/20/2024,S34,10:58,Broad Run at Bradley Forest,38.697913,-77.484825,24-1325,PF04,2.27,-0.87,0,0,-0.58,0,0,2.4,2.96,0,0,0,0.88,0,-0.56,0,3.77,1.31,0,0.91,0,0,0,-0.28,0,0.84,-0.34,0,0,0,0,0,0,0,0,0,-2.63,0,-1.41,0.5,37.8,244,,8.27,,,,0.06,0.02,0.24,23,2.05,7.18,22.2,15,,18.6,6.9,56.4,,,,,,,,,,,,27.8,104.94,293.58,33.24,13,8,0,0,3,1,4,16.76,12.34,339.2,1,9.614285714,14.24166667,0.770666667,32.63,3,-4.627380952,7.368519602,5,1,0,17.8,22.8,12.8,10.28,0.39,5.335,27.85571142,53.965073,10.392213,7.300314916,0.085886058,0,0.343544231,0.057257372,26.77176639,52.81261197,9.602293085,9.494804729,0.680759584,0.028663561,0.537441777,0.071658904,5/20/2024
6/17/2024,S34,10:00,Broad Run at Bradley Forest,38.697913,-77.484825,24-1750,PF04,10.65,1.49,0,9.68,0.93,0,0,7.49,6.43,0,0,0,2.78,0.18,2.44,0,5.4,1.3,0,1.35,0.34,0,0,1.32,0,7.35,0,0,0,0,0,0,0,0,-0.8,0,0,0,3.54,0,43.7,439,,8.28,,,,0.03,<0.01,0.02,42.4,2.22,11.6,30.2,41.1,,25,6.1,,,,,,,,,,,,,0.48,69.15,262.63,14.59,8,10,0,0,2,0,4,21.68666667,16.49888889,638.3,1,23.46428571,19.766,0.927,32.19,3,3.698285714,3.49843165,6,1,0,23.9,30.3,17.5,24.58,2.69,13.635,27.85571142,53.965073,10.392213,7.300314916,0.085886058,0,0.343544231,0.057257372,26.77176639,52.81261197,9.602293085,9.494804729,0.680759584,0.028663561,0.537441777,0.071658904,6/17/2024
7/15/2024,S34,11:30,Broad Run at Bradley Forest,38.697913,-77.484825,24-2125,PF04,7.57,1.04,0,14.38,0.79,0,0,11.41,5.69,-0.06,0,0,5.28,1.65,1.95,1.58,13.32,15.06,0,4.87,0.88,0,0,1.24,0,36.86,2.63,0,0,0,0.41,0,0,0,0,0,4.08,0,5.68,0,38.6,227,,6.1,,,,0.06,0.02,0.18,26.9,3.16,8.48,15.7,9.75,,28.3,1.5,66.2,,,,,,,,,,,,56.56,74.61,232.88,27.31,4,13,2,1,3,1,3,26.53666667,21.60555556,1047.9,19,27.59857143,28.62866667,2.015666667,39.73,18,-1.030095238,2.606129055,7,1,0,29.7,36.2,23.3,38.32,1.21,19.765,27.85571142,53.965073,10.392213,7.300314916,0.085886058,0,0.343544231,0.057257372,26.77176639,52.81261197,9.602293085,9.494804729,0.680759584,0.028663561,0.537441777,0.071658904,7/15/2024
8/20/2024,S34,14:00,Broad Run at Bradley Forest,38.697913,-77.484825,24-2438,PF04,8.25,0.86,0,11.3,1.19,0,0,9.28,8.49,1.87,0,0,2.69,0,2.64,4.49,7.63,1.96,-3,2.84,0,0,0,0.08,0,7.35,1.94,0,0,0.45,0.98,0,0,0,0,0,9.65,0,9.8,0,,163,,3.75,,,,0.05,0.02,0.13,39.2,2.31,10.5,26.5,,,18.3,6.4,107.9,,,,,,,,,,,,5.79,126.46,265.73,31.42,14,5,0,0,4,1,4,25.78333333,25.22333333,1370.1,9,22.32142857,22.93633333,0.643,40.45,10,-0.614904762,5.51352294,8,1,1.55,23,28.9,17,17.62,3.77,10.695,27.85571142,53.965073,10.392213,7.300314916,0.085886058,0,0.343544231,0.057257372,26.77176639,52.81261197,9.602293085,9.494804729,0.680759584,0.028663561,0.537441777,0.071658904,8/20/2024
9/16/2024,S34,11:00,Broad Run at Bradley Forest,38.697913,-77.484825,24-2903,PF04,13.74,1.49,0,14.09,1.33,0,0,7.81,7.4,0,0,0,4.12,0.54,2.95,2.95,11.81,1.48,23.47,2.35,0,0,0,0,0,5.45,0,0,0,0,0,0,0,0,0,0,0,0,0,0,24.2,137,,6.44,,,,0.01,<0.01,0.03,28.9,3.2,7.78,18.3,26.7,,21,9.5,80.7,,,,,,,,,,,,0,83.86,290.96,67.75,7,13,0,0,1,1,1,21.7,24.92222222,1343,4,23.66285714,21.20366667,0.994,37.27,6,2.459190476,3.954976341,9,1,0,20.8,27.8,13.9,21.92,1.44,11.68,27.85571142,53.965073,10.392213,7.300314916,0.085886058,0,0.343544231,0.057257372,26.77176639,52.81261197,9.602293085,9.494804729,0.680759584,0.028663561,0.537441777,0.071658904,9/16/2024
10/21/2024,S34,11:00,Broad Run at Bradley Forest,38.697913,-77.484825,24-3363,PF04,13.98,1.71,0,7.97,1.99,0,0,5.94,5.69,0,0,0,3.57,1.17,4.04,4,3.91,2.48,0,1.57,0.83,0,0,0,0,4.69,0,0,1.03,0,0,0,0,0,0,0,0,0,8.48,0,29,300,,9.74,,,,0.04,<0.01,0.07,35.8,3.36,10.3,21,31.9,,12.4,5.5,96.6,,,,,,,,,,,,0,68.49,294.93,17.32,10,17,0,0,2,0,2,17.16,21.30777778,1021.7,0,14.60571429,12.19366667,0.566666667,23.79,0,2.412047619,5.616850277,10,1,0,13.8,24.2,3.4,22.18,0.26,11.22,27.85571142,53.965073,10.392213,7.300314916,0.085886058,0,0.343544231,0.057257372,26.77176639,52.81261197,9.602293085,9.494804729,0.680759584,0.028663561,0.537441777,0.071658904,10/21/2024
11/18/2024,S34,10:27,Broad Run at Bradley Forest,38.697913,-77.484825,24-3574,PF04,14.06,0.6,0,8.12,0.41,0,0,6.47,5.92,0,0,0,3.03,1.33,0.63,1.28,5.86,2.42,9,1.25,0,1.01,0,0.23,0,4.94,0,0,0,0,0,0,0,0,0,0,0,0,0,0,47.9,507,,8.98,,,,<0.01,0.01,0.01,58.6,2.91,15.4,33.1,78.7,,10,1.2,,,,,,,,,,,,,26.79,26.82,198.85,14.58,2,23,2,0,2,0,2,12.71333333,17.24444444,678.5,0,9.804285714,15.449,0.653666667,26.65,1,-5.644714286,1.736034695,11,0,0,8.1,15.1,1.2,9.09,0.16,4.625,27.85571142,53.965073,10.392213,7.300314916,0.085886058,0,0.343544231,0.057257372,26.77176639,52.81261197,9.602293085,9.494804729,0.680759584,0.028663561,0.537441777,0.071658904,11/18/2024
12/9/2024,S34,11:45,Broad Run at Bradley Forest,38.697913,-77.484825,24-3688,PF04,14.89,-0.19,0,9.35,0.37,0,0,5.53,3.5,0,0,0,2.39,0.47,0,0,1.65,1.11,0,1,0,0,0,0,0,0,0,0,0,0,0,0,0,0,0,0,4.6,0.44,0,0,32,144,,9.81,,,,<0.01,<0.01,<0.01,39,3.22,11.4,20.4,41,,5,2.2,,,,,,,,,,,,,4.73,48.96,142.95,14.58,7,6,0,0,2,0,2,5.853333333,13.20333333,442.4,0,5.604285714,8.590333333,0.605333333,20.63,0,-2.986047619,5.699429591,12,0,0,9.7,18.6,0.7,15.86,0.96,8.41,27.85571142,53.965073,10.392213,7.300314916,0.085886058,0,0.343544231,0.057257372,26.77176639,52.81261197,9.602293085,9.494804729,0.680759584,0.028663561,0.537441777,0.071658904,12/9/2024
1/17/2025,S34,9:00:00 AM,Broad Run at Bradley Forest,38.697913,-77.484825,25-0019,PF04,3.02,0.16,34.44,0,0,0,0,5.87,6.88,0,0,0,2.97,0,0,2.24,4.14,0,-4.97,0.68,0,0,0,0,0,3.38,0,0,0,0,0,0,0,0,0,0,3.56,0,5.3,0,218,965,,15.7,,7.8,,0.03,<0.01,0.55,64.3,2.78,18.2,107,47.1,,2.2,2.3,,,,,,,,,,,,,1.62,67.42,166.59,19.06,8,8,0,0,2,0,2,0.926666667,6.041111111,115,0,4.717142857,4.889,0.574,12.77,0,-0.171857143,13.79014113,1,0,0,-3.3,2.7,-9.4,4.08,0.5,2.29,27.85571142,53.965073,10.392213,7.300314916,0.085886058,0,0.343544231,0.057257372,26.77176639,52.81261197,9.602293085,9.494804729,0.680759584,0.028663561,0.537441777,0.071658904,1/17/2025
2/18/2025,S34,11:30:00 AM,Broad Run at Bradley Forest,38.697913,-77.484825,25-0126,PF04,9.99,0.93,0,0,0.17,0,0,3.48,3.84,0,0,0,1.85,0.71,0,0,2.79,1.38,0,0,0,0,0,0,0,2.19,0,0,0,0,0,0,0,0,0,0,1.68,0,3.21,0,113,339,,12.2,,7.7,,0.03,<0.01,0.76,27.7,2.29,8.87,56.8,14.3,,4,12.7,,,,,,,,,,,,,41.58,98.94,238.71,23.5,10,10,2,0,4,0,4,1.333333333,2.004444444,8.1,0,5.534285714,5.838666667,0.469666667,15.54,0,-0.304380952,16.94564969,2,0,0,1,6.2,-4.3,7.01,2.25,4.63,27.85571142,53.965073,10.392213,7.300314916,0.085886058,0,0.343544231,0.057257372,26.77176639,52.81261197,9.602293085,9.494804729,0.680759584,0.028663561,0.537441777,0.071658904,2/18/2025
3/19/2025,S34,8:45:00 AM,Broad Run at Bradley Forest,38.697913,-77.484825,25-0360,PF04,5.22,0.29,0,3.72,0.23,0,0,3.42,4,0,0,0,1.49,0.29,0,1.11,5.5,1.63,0,0.45,0.41,0,0,0.39,0,6.56,0,0,0,0,0,0,-0.65,0,0,0,1.41,0,2.73,0,126,606,,,,7.7,,0.04,<0.01,0.14,48.4,2.35,14.6,64.9,38.3,,,2.6,,,,,,,,,,,,,4.1,29.45,187.65,16.82,3,16,0,0,1,0,1,5.94,2.541111111,21.2,0,11.12,10.129,1.225333333,22.43,0,0.991,2.907493336,3,0,0,10.7,20.2,1.1,18.98,0.91,9.945,27.85571142,53.965073,10.392213,7.300314916,0.085886058,0,0.343544231,0.057257372,26.77176639,52.81261197,9.602293085,9.494804729,0.680759584,0.028663561,0.537441777,0.071658904,3/19/2025
4/16/2025,S34,11:00:00 AM,Broad Run at Bradley Forest,38.697913,-77.484825,25-0938,PF04,10.4,0.1,0,0,-0.02,0,0,4.99,5.16,0,0,0,2.62,0,0,0.62,7.96,1.28,0,0,0,0,0,0,0,5.52,-0.6,0,0,0,0,0,0,0,0,0,0,0,0,-0.03,91,445,,8.3,,7.5,,0.1,0.01,0.18,37,2.46,10.7,45.7,29.2,,19.4,8,,,,,,,,,,,,,34.37,91.61,207.74,29.86,9,10,1,1,3,1,3,12.39666667,6.114444444,110.6,0,9.831428571,13.56666667,1.540333333,29.44,1,-3.735238095,6.752579853,4,1,0,12.7,19.9,5.4,15.38,0.92,8.15,27.85571142,53.965073,10.392213,7.300314916,0.085886058,0,0.343544231,0.057257372,26.77176639,52.81261197,9.602293085,9.494804729,0.680759584,0.028663561,0.537441777,0.071658904,4/16/2025
5/19/2025,S34,9:18:00 AM,Broad Run at Bradley Forest,38.697913,-77.484825,25-1386,PF04 ,23,0.45,0,65.29,0.45,1.22,0,36.86,6.15,0,0,0,15.83,3.94,0,149.76,13.28,26.86,0,4.59,1.07,4.99,0,2.14,0,31.89,0,0,0,0,0,0,0,0,0.3,0,3.59,0,0,0.56,53.2,266,,6.75,,7.4,,0.05,0.02,0.43,24.4,2.24,7.78,28,15,,20.6,6.6,,,,,,,,,,,,,54.64,125.91,234.71,29.61,10,7,3,1,6,2,6,19.71666667,12.69444444,406.4,0,17.48285714,18.64,1.254,30.18,2,-1.157142857,6.754828326,5,1,0,19.3,25.3,13.3,18.36,2.23,10.295,27.85571142,53.965073,10.392213,7.300314916,0.085886058,0,0.343544231,0.057257372,26.77176639,52.81261197,9.602293085,9.494804729,0.680759584,0.028663561,0.537441777,0.071658904,5/19/2025
6/16/2025,S34,8:50:00 AM,Broad Run at Bradley Forest,38.697913,-77.484825,25-1760,PF04,14.07,0.82,0,0,0,0,0,4.05,2.8,0,0,0,3.03,0,0,0,0,1.97,0,0,0,0,0,0,0,4.46,0,0,0,0,0,0,1.08,0,0,0,0,0,0,0,27.3,157,,,,6.8,,0.12,0.02,0.17,14,2.85,4.75,14.5,5.85,,20,51.7,,,,,,,,,,,,,57.76,134.82,345.24,31.74,12,6,3,1,6,1,6,20.07,17.02444444,662.1,1,20.06285714,17.686,0.968,30.18,3,2.376857143,7.622978627,6,1,41.16,18.7,20.4,17,2.2,0.13,1.165,27.85571142,53.965073,10.392213,7.300314916,0.085886058,0,0.343544231,0.057257372,26.77176639,52.81261197,9.602293085,9.494804729,0.680759584,0.028663561,0.537441777,0.071658904,6/16/2025
7/9/2025,S34,9:11:00 AM,Broad Run at Bradley Forest,38.697913,-77.484825,25-1917,PF04,8.3,0.1,0,5.25,0.05,0,0,4.33,3.85,0,0,0,2.02,0.13,0.03,0.43,6.06,1.27,0,1.4,0.13,0.06,0,0.74,0,3.91,0.22,0,0,0,0,0,0,0,0,0,0.45,0,0.5,0,29.6,245,,7.42,,7.4,,0.03,<0.01,0.3,18.8,2,6.17,19.2,11.5,,27.1,6,,,,,,,,,,,,,24.68,237.53,471.87,46.72,12,5,1,0,9,4,9,25.63666667,20.44222222,947.1,14,24.41857143,21.247,0.576333333,34.92,10,3.171571429,11.17946063,7,1,3.31,29,35.4,22.6,28.87,0.35,14.61,27.85571142,53.965073,10.392213,7.300314916,0.085886058,0,0.343544231,0.057257372,26.77176639,52.81261197,9.602293085,9.494804729,0.680759584,0.028663561,0.537441777,0.071658904,7/9/2025
8/13/2025,S34,12:30PM,Broad Run at Bradley Forest,38.697913,-77.484825,25-2378,PF04,8.8,0.11,0,6.32,0,0,0,4.96,5,0,0,0,2.59,0,0,0,5.31,1.71,0,1.55,0,0,0,0,0,3.99,0,0,0,0,0,0,0,0,0,0,0,0,0,0,43.1,340,,7.24,,7.6,,0.03,<0.01,0.02,35.4,2.4,10.3,29.2,38.9,,26.2,5.6,,,,,,,,,,,,,0,84.15,443.11,43.89,8,11,0,0,2,1,2,25.60333333,23.90555556,1251.5,11,20.30285714,21.17933333,0.565,28.31,5,-0.87647619,3.97321288,8,1,0,27.3,32.2,22.3,20.06,0.46,10.26,27.85571142,53.965073,10.392213,7.300314916,0.085886058,0,0.343544231,0.057257372,26.77176639,52.81261197,9.602293085,9.494804729,0.680759584,0.028663561,0.537441777,0.071658904,8/13/2025
9/9/2025,S34,10:00:00 AM,Broad Run at Bradley Forest,38.697913,-77.484825,25-2704,PF04,9.5,,,8.22,0.05,,,5.67,5.02,,,,3.09,,,,7.95,1.73,,2.23,,,,,,3.25,,,,,,,,,,,,,,0.1,51.9,430,,6.89,,7.4,,0.01,<0.01,<0.01,55.3,2.33,15.1,39.5,85.8,,20.5,12.1,,,,,,,,,,,,,4.5,22.13,360.97,13.3,5,13,0,0,1,0,1,22.42666667,24.78888889,1331,5,23.89857143,21.20333333,0.777666667,31.06,4,2.695238095,1.04370382,9,1,0,16.4,24.6,8.2,21.02,0.42,10.72,27.85571142,53.965073,10.392213,7.300314916,0.085886058,0,0.343544231,0.057257372,26.77176639,52.81261197,9.602293085,9.494804729,0.680759584,0.028663561,0.537441777,0.071658904,9/9/2025
10/6/2025,S34,10:45,Broad Run at Bradley Forest,38.697913,-77.484825,25-2991,PF04,11.8,0.22,0,6.84,0.1,0,0,5.67,3.94,0,0,0,3.22,0,0.09,0,6.33,2.05,0,1.56,0,0,0,0,0,4.06,0,0,0,0,0,0,0,0,0,0,0,0,0,0,45.1,382,,7.85,,7.4,,0.01,<0.01,0.01,48.1,2.64,12.3,34.6,67.6,,19.8,6,88.2,,,0,,,,,,,,,0,52.77,187.17,22.96,7,7,0,0,2,0,3,20.43666667,23.15666667,1184.1,1,17.21285714,18.28833333,0.801333333,31.15,6,-1.07547619,2.885446095,10,1,0,18.8,27.4,10.3,23.88,0.56,12.22,27.85571142,53.965073,10.392213,7.300314916,0.085886058,0,0.343544231,0.057257372,26.77176639,52.81261197,9.602293085,9.494804729,0.680759584,0.028663561,0.537441777,0.071658904,10/6/2025
10/9/2025,S35,10:50:38 AM,Occoquan Reservoir Near Dam Bottom,38.6962667,-77.2828833,25-3112,RE02B,19.09,1.55,0,17.64,0.42,0,0,12.82,7.46,0,0,0,4.83,0,0.07,0,8.45,2.25,0,2.75,0,0,0,0,0,6.6,0,0,0,0,0,0,0,0,0,0,0,0,0,0,41.2,320,53,0.19,0.11,6.6,,1.64,<0.01,0.64,32.8,6.88,6.72,28.7,34.5,,20.6,6.8,92,6.9,432,0,,2.35,,7.4,0.05,0.02,2.58,12.2,2,55.47,206.47,24.5,9,9,0,0,1,0,1,20.16333333,22.72444444,1145.2,0,16.14,15.193,1.086333333,27.67,1,0.947,3.651023498,10,1,0.37,14.9,21.9,7.9,13.18,1.3,7.24,22.32091691,49.65616046,0.028653295,0.601719198,18.7965616,3.094555874,1.977077364,3.524355301,41.40205003,39.10830765,0.229374238,0.422908752,7.347143574,8.243136693,1.4192531,1.827825962,10/9/2025
10/9/2025,S35,10:37,Occoquan Reservoir Near Dam Surface,38.6962667,-77.2828833,25-3098,RE02S,20.22,1.67,0,15.71,0.49,0,0,13.45,6.47,0,0,0,5.72,0.34,0.07,0,13.63,1.8,0,2.57,0,0,0,2.18,0,5.22,0,0,0,0,0,0,0,0,0,0,0,0,0,0,43.1,346,1,3.1,1.33,7,,0.15,<0.01,1.49,34.4,7.43,6.95,30.4,44.5,,22.1,3.1,76.1,5.4,430,0,40,1.73,,5.9,0.02,<0.01,1.93,3.5,2,55.47,206.47,24.5,9,9,0,0,1,0,1,20.16333333,22.72444444,1145.2,0,16.14,15.193,1.086333333,27.67,1,0.947,3.651023498,10,1,0.37,14.9,21.9,7.9,13.18,1.3,7.24,22.32091691,49.65616046,0.028653295,0.601719198,18.7965616,3.094555874,1.977077364,3.524355301,41.40205003,39.10830765,0.229374238,0.422908752,7.347143574,8.243136693,1.4192531,1.827825962,10/9/2025
10/23/2025,S35,9:33,Occoquan Reservoir Near Dam Bottom,38.6962667,-77.2828833,25-3288,RE02B,25.54,2.18,0,22.02,0.66,0,0,13.16,7.81,0,0,0,5.14,0,0,0,9.92,2.26,0,2.74,0,0,0,0,0,4.18,0,0,0,0,0,0,0,0,0,0,0,0,0,0,52,438,53,3.47,1.9,7.2,,0.16,<0.01,2.14,41.7,8.76,7.99,36.3,59.8,,18.5,8.1,97.5,5.1,433,0,,2.31,,6,0.04,<0.01,2.57,7.5,8.22,32.84,180.66,7.76,7,9,0,0,0,0,0,17.34666667,20.77555556,969.8,0,15.83,13.396,1.024333333,19.26,0,2.434,2.451478053,10,1,0,13.2,19.6,6.7,16.5,1.22,8.86,22.32091691,49.65616046,0.028653295,0.601719198,18.7965616,3.094555874,1.977077364,3.524355301,41.40205003,39.10830765,0.229374238,0.422908752,7.347143574,8.243136693,1.4192531,1.827825962,10/23/2025
10/23/2025,S35,9:23:08 AM,Occoquan Reservoir Near Dam Surface,38.6962667,-77.2828833,25-3274,RE02S,23.52,1.92,0,19.75,0.52,0,0,12.11,8,0,0,0,4.41,0.34,0,0,7.99,2.33,0,2.67,0,0,0,1.48,0,4.8,0,0,0,0,0,0,0,0,0,0,0,0,0,0,45.6,362,1,4.27,1.55,7.2,,0.02,<0.01,1.7,35.9,7.59,7.16,31.2,47.9,,18.9,3.9,101.1,5.3,433,0,38,2.01,,6.8,0.03,<0.01,2.28,3.5,8.22,32.84,180.66,7.76,7,9,0,0,0,0,0,17.34666667,20.77555556,969.8,0,15.83,13.396,1.024333333,19.26,0,2.434,2.451478053,10,1,0,13.2,19.6,6.7,16.5,1.22,8.86,22.32091691,49.65616046,0.028653295,0.601719198,18.7965616,3.094555874,1.977077364,3.524355301,41.40205003,39.10830765,0.229374238,0.422908752,7.347143574,8.243136693,1.4192531,1.827825962,10/23/2025
7/25/2025,S36,10:47:12 AM,Occoquan Reservoir Near Dam Surface,38.6962667,-77.3883333,25-2107,RE02,10.9,0.15,0,5.12,0.04,0,0,4.19,2.62,0,0,0,1.98,0,0,0.36,5.62,1.16,0,0.92,0.14,0,0,0,0,3.6,0,0,0,0,0,0,0,0,0,0,0,0,0,0,17,130,1,8.77,0.16,7.4,,0.02,<0.01,0.13,12.2,3.31,3.51,12.9,8.26,,28.1,6.9,42.6,8.2,425,0,27,0.71,102,8.7,0.05,<0.01,1.22,6,3.07,156.37,536.85,33.05,12,5,0,0,5,3,5,26.95333333,22.72333333,1145.1,16,21.23,21.58633333,1.033,36.58,6,-0.356333333,7.243935206,7,1,0,26.8,31.8,21.8,21.49,1.42,11.455,17.28784404,76.77752294,0,4.759174312,0,0,0.143348624,1.032110092,28.14113597,67.383821,0.014343087,3.384968445,0.114744693,0,0.207974756,0.753012048,7/25/2025
7/25/2025,S36,11:16:39 AM,Occoquan Reservoir Near Dam Bottom,38.6962667,-77.3883333,25-2122,RE02,11.73,0.29,0,6.73,0.1,0,0,6.01,3.33,0,0,0,2.53,0.26,0,0.79,6.58,1.77,0,1.71,0,0,0,0,0,4.38,0,0,0,0,0,0,0,0,0,0,0,0,0,0,41.3,255,57,3.64,0.73,6.4,,0.18,0.02,0.63,21.1,3.77,5.53,22.7,14.2,,18.5,6.6,58.9,7.9,433,0,,1.28,,7.9,0.05,0.02,1.32,8.6,3.07,156.37,536.85,33.05,12,5,0,0,5,3,5,26.95333333,22.72333333,1145.1,16,21.23,21.58633333,1.033,36.58,6,-0.356333333,7.243935206,7,1,0,26.8,31.8,21.8,21.49,1.42,11.455,17.28784404,76.77752294,0,4.759174312,0,0,0.143348624,1.032110092,28.14113597,67.383821,0.014343087,3.384968445,0.114744693,0,0.207974756,0.753012048,7/25/2025
8/13/2025,S36,10:02:47AM,Occoquan Reservoir Near Dam Bottom,38.6962667,-77.3883333,25-2410,RE02,11.35,0.3,0,7.56,0.09,0,0,5.7,3.83,0,0,0,3.08,0,0,0.84,8.37,2.17,0,2.09,0,0,0,0.91,0,4.07,1.15,0,0,0,0,0,0,0,0,0,0,0,0,0,,,,,,,,,,,,,,,,,,,,,,,,,,,,,,,0,94.14,410.99,35.16,7,11,0,0,3,2,3,25.59666667,23.90777778,1251.7,10,19.42571429,20.45066667,0.987333333,28.22,4,-1.024952381,4.603272917,8,1,0,27.3,31.7,22.9,18.47,1.16,9.815,17.28784404,76.77752294,0,4.759174312,0,0,0.143348624,1.032110092,28.14113597,67.383821,0.014343087,3.384968445,0.114744693,0,0.207974756,0.753012048,8/13/2025
8/13/2025,S36,9:50:19AM,Occoquan Reservoir Near Dam Surface,38.6962667,-77.3883333,25-2396,RE02,12.77,0.5,0,8.27,0.15,0,0,6.22,3.73,0,0,0,3.01,0,0,0,8.09,1.49,0,2.22,0,0,0,0.81,0,4.06,0,0,0,0,0,0,0,0,0,0.12,0,0,0,0,22.2,176,1,8.91,0.38,7.6,,<0.01,<0.01,0.26,16.5,3.82,4.2,16.1,13.3,,27.5,5,46.5,7.1,426,0,35,0.71,119,7.3,0.04,0.01,1.03,4.2,0,94.14,410.99,35.16,7,11,0,0,3,2,3,25.59666667,23.90777778,1251.7,10,19.42571429,20.45066667,0.987333333,28.22,4,-1.024952381,4.603272917,8,1,0,27.3,31.7,22.9,18.47,1.16,9.815,17.28784404,76.77752294,0,4.759174312,0,0,0.143348624,1.032110092,28.14113597,67.383821,0.014343087,3.384968445,0.114744693,0,0.207974756,0.753012048,8/13/2025
8/28/2025,S36,10:22:04 AM,Occoquan Reservoir Near Dam Bottom,38.6962667,-77.3883333,25-2630,RE02B,9.46,0.36,0,6.26,0.1,0,0,4.8,3.41,0,0,0,2.37,0,0,0,3.98,1.81,0,1.76,0,0,0,1.38,0,5.59,0,0,0,0,0,0,0,0,0,0,0,0,0,0,29.2,206,55,0.31,0.48,6.3,,0.3,0.02,0.43,18.3,3.61,4.87,19.5,10.2,,21.4,6.2,53.4,7.4,431,0,,1.02,,7.6,0.12,0.05,1.22,10.8,1.52,36.9,349.16,13.77,6,12,0,0,2,0,1,23.93,24.85777778,1337.2,7,18.01714286,18.99333333,1.059,28.51,4,-0.976190476,1.942786943,8,1,0,19.6,25.7,13.4,21.91,1.59,11.75,17.28784404,76.77752294,0,4.759174312,0,0,0.143348624,1.032110092,28.14113597,67.383821,0.014343087,3.384968445,0.114744693,0,0.207974756,0.753012048,8/28/2025
8/28/2025,S36,10:07:00 AM,Occoquan Reservoir Near Dam Surface,38.6962667,-77.3883333,25-2616,RE02S,11.36,0.44,0,8.6,0.15,0,0,6.91,3.84,0,0,0,2.72,0,0,0,6.59,1.87,1.51,2.06,0,0,0,1.65,0,4.89,0,0,0,0,0,0,0,0,0,0,0,0,0,0,24.1,188,1,7.53,0.26,7.2,,0.01,<0.01,0.19,18.2,4.03,4.59,17.5,14.1,,26,5.2,50.2,6.6,427,0,31,0.55,123,7.9,0.03,0.02,0.87,3.5,1.52,36.9,349.16,13.77,6,12,0,0,2,0,1,23.93,24.85777778,1337.2,7,18.01714286,18.99333333,1.059,28.51,4,-0.976190476,1.942786943,8,1,0,19.6,25.7,13.4,21.91,1.59,11.75,17.28784404,76.77752294,0,4.759174312,0,0,0.143348624,1.032110092,28.14113597,67.383821,0.014343087,3.384968445,0.114744693,0,0.207974756,0.753012048,8/28/2025
9/11/2025,S36,9:59:00 AM,Occoquan Reservoir Near Dam Bottom,38.6962667,-77.3883333,25-2811,RE02B,8.85,0.27,,6.26,0.07,,,4.89,3.38,,,,2.51,,,0.52,6.11,1.44,,2.04,,,,1.2,,4.7,,,,,,,,,,,,,,,28.3,255,55,0.1,0.08,6.8,,0.78,0.01,0.02,19.3,3.96,5,16.6,8.97,,20.6,14.8,65.7,7.7,432,0,,1.31,,9,0.16,0.06,1.44,19.7,16.22,38.83,336.76,10.03,7,13,0,0,1,0,0,22.18333333,24.67111111,1320.4,4,23.07714286,20.268,1.212333333,28.72,3,2.809142857,1.915827906,9,1,3.31,18,20.8,15.3,5.57,0.69,3.13,17.28784404,76.77752294,0,4.759174312,0,0,0.143348624,1.032110092,28.14113597,67.383821,0.014343087,3.384968445,0.114744693,0,0.207974756,0.753012048,9/11/2025
9/11/2025,S36,9:46:00 AM,Occoquan Reservoir Near Dam Surface,38.6962667,-77.3883333,25-2797,RE02S,14.84,0.89,,12.71,0.18,,,10.05,5.45,,,,3.22,,,,6.73,2.29,,2.47,,,,0.41,,5.82,,,,,,,,,,,,,,,31.5,246,1,4.23,0.71,7,,0.07,<0.01,0.58,24,5.11,5.54,21.7,23.7,,24,3.2,59.7,6,429,0,46,1.08,169,6.6,0.04,0.02,1.4,2.8,16.22,38.83,336.76,10.03,7,13,0,0,1,0,0,22.18333333,24.67111111,1320.4,4,23.07714286,20.268,1.212333333,28.72,3,2.809142857,1.915827906,9,1,3.31,18,20.8,15.3,5.57,0.69,3.13,17.28784404,76.77752294,0,4.759174312,0,0,0.143348624,1.032110092,28.14113597,67.383821,0.014343087,3.384968445,0.114744693,0,0.207974756,0.753012048,9/11/2025
10/2/2025,S36,10:32:52 AM,Occoquan Reservoir Near Dam Bottom,38.6962667,-77.3883333,25-3016,RE02B,14.03,1.01,0,11.78,0.25,0,0,9.16,5.8,0,0,0,3.58,0,0,0.36,6.9,1.96,0,2.13,0,0,0,2.77,0,7.24,0,0,0,0,0,0,0,0,0,0,0,0,0,0,37.6,279,52,0.05,0.2,6.8,,1.83,0.03,0.33,29.6,6.13,6.33,26.9,26.6,,20.8,9.4,84.2,7.5,431,0,,2.26,,7.9,0.1,0.04,2.46,26.9,15.43,68.04,210.89,23.94,8,5,0,0,1,0,1,20.96333333,23.55111111,1219.6,1,12.31,17.728,1.018333333,29.37,2,-5.418,3.83799639,10,1,0,16.3,23.9,8.6,19.84,0.88,10.36,17.28784404,76.77752294,0,4.759174312,0,0,0.143348624,1.032110092,28.14113597,67.383821,0.014343087,3.384968445,0.114744693,0,0.207974756,0.753012048,10/2/2025
10/2/2025,S36,10:10:00 AM,Occoquan Reservoir Near Dam Surface,38.6962667,-77.3883333,25-3002,RE02S,16.29,1.48,0,15.58,0.4,0,0,11.39,6.92,0,0,0,3.95,0,0,0.09,11.92,2.18,0,2.3,0,0,0,1.13,0,6.1,0,0,0,0,0,0,0,0,0,0,0,0,0,0,39.4,310,1,5.01,0.94,7.2,,0.06,<0.01,1.25,31.6,6.74,6.63,28.4,36,,23.3,2.8,66.1,5.7,429,0,44,1.68,,5.8,0.02,0.02,1.79,2.3,15.43,68.04,210.89,23.94,8,5,0,0,1,0,1,20.96333333,23.55111111,1219.6,1,12.31,17.728,1.018333333,29.37,2,-5.418,3.83799639,10,1,0,16.3,23.9,8.6,19.84,0.88,10.36,17.28784404,76.77752294,0,4.759174312,0,0,0.143348624,1.032110092,28.14113597,67.383821,0.014343087,3.384968445,0.114744693,0,0.207974756,0.753012048,10/2/2025
2/1/2024,S37,17:00,Occoquan High Dam,38.6938889,-77.2772222,24-0212,ST01,0.11,-0.51,0,2.85,-0.81,-0.67,-0.97,2.37,1.94,-0.87,-10.87,-0.7,1.31,-1.02,-1.12,8.31,3.26,1.44,-6.02,1.02,-0.15,0.55,0,0.45,0,1.64,-0.17,-1.62,-0.49,-0.09,0.09,-0.21,-0.47,-1.5,-0.55,0.09,-1.6,-0.3,-3.56,-0.32,46.2,242,,12.4,,6.9,1148,0.03,0.04,0.43,13.2,2.69,3.94,26,7.98,122.75,6.5,28.4,,,,,,,,,,,,,55.46,188.56,188.56,69.61,11,5,2,1,5,3,5,2.48,2.561290323,11.1,0,6.614285714,5.369666667,0.507666667,18.9,0,1.244619048,35.11577379,2,0,0.34,2.2,6.1,-1.8,2.65,0.17,1.41,22.75329136,39.23869491,0.028620492,0.515168861,15.82713223,17.48712078,1.917572982,2.232398397,45.4512894,35.20773639,0.128939828,0.32234957,7.191977077,8.832378223,1.053008596,1.812320917,2/1/2024
2/20/2024,S37,15:51,Occoquan High Dam,38.6938889,-77.2772222,24-0350,ST01,2.13,0.84,0,5.71,0.8,1.67,0.54,4.29,4.07,0.6,8.09,0.61,2.29,-0.77,1.2,4.59,4.35,2.03,0,1.32,0.63,1.13,0,0.14,0,1.98,0.18,0.08,0.4,0.11,0.08,0.24,0.96,0.84,0.24,0,1.44,-1.74,0,0,56.1,,,,,,,0.04,0.02,1.15,24.8,3.57,6.44,31.2,23,,,6.4,,,,,,,,,,,,,26.23,89.04,222.14,41.08,9,12,1,0,3,1,3,4.986666667,3.532,14.9,0,6.437142857,6.654333333,0.720333333,18.9,0,-0.217190476,13.3807544,2,0,0,2.8,9.2,-3.5,7.91,0.81,4.36,22.75329136,39.23869491,0.028620492,0.515168861,15.82713223,17.48712078,1.917572982,2.232398397,45.4512894,35.20773639,0.128939828,0.32234957,7.191977077,8.832378223,1.053008596,1.812320917,2/20/2024
4/15/2024,S37,10:15,Occoquan High Dam,38.6938889,-77.2772222,24-0796,ST01,6.16,0.52,0,0,0,0,0,4.7,3.64,2.08,0,0,2.11,-0.83,2.92,3.99,6.01,2.32,0,1.71,0,0,0,0.77,0,2.51,0,0,0,0,-0.2,0,0,0,0.62,0,0,0,0,0,26.3,195,,11.2,,7.5,233.4,0.03,<0.01,0.35,16.3,2.43,4.58,16.6,14,122.27,,4.9,,,,,,,,,,,,,9.9,115.08,305.77,25.13,9,7,0,0,5,1,5,10.75,7.411111111,111.9,0,17.00714286,12.43433333,1.331,23.13,0,4.572809524,9.255019704,4,1,0,19,28.2,9.7,28.34,3.08,15.71,22.75329136,39.23869491,0.028620492,0.515168861,15.82713223,17.48712078,1.917572982,2.232398397,45.4512894,35.20773639,0.128939828,0.32234957,7.191977077,8.832378223,1.053008596,1.812320917,4/15/2024
5/20/2024,S37,13:25,Occoquan High Dam,38.6938889,-77.2772222,24-1320,ST01,13.6,0.2,0,18.1,-0.27,0,0.49,13.3,5.5,0,0,0,4.7,0.04,-0.57,5.16,8.37,3.04,0,2.43,0.15,0,0,0.26,0,2.42,0,0,0,0,0,0,0,0,0,0,0,0,0,0.47,44.3,305,,11.1,,,502.3,0.02,<0.01,0.65,31.4,5.1,7.58,27.2,36.5,122.45,21.2,2.6,67.9,,,,,,,,,,,,29.92,93.92,292,21.13,11,8,1,0,3,0,3,16.78,12.67888889,349.1,2,9.414285714,13.964,1.182333333,31.63,5,-4.549714286,6.725866514,5,1,0,18.3,22.5,14.2,9.1,0.87,4.985,22.75329136,39.23869491,0.028620492,0.515168861,15.82713223,17.48712078,1.917572982,2.232398397,45.4512894,35.20773639,0.128939828,0.32234957,7.191977077,8.832378223,1.053008596,1.812320917,5/20/2024
6/18/2024,S37,11:23,Occoquan High Dam,38.6938889,-77.2772222,24-1745,ST01,22.06,2.72,0,0,1.32,0,2.53,14.6,9.03,0,0,0,5.5,0.16,3.32,5.94,13.71,2.2,0,2.48,0.35,0,0,1.37,0,6.96,0,0,0,0.31,0,0,0,0,0,0,3.17,0,0,0,,358,,10,,,0,,,,,,,,,121.8,26.8,,,,,,,,,,,,,,2.13,90.06,287.13,27.35,8,8,0,0,3,1,3,21.82333333,16.79666667,652.3,0,20.79714286,18.413,1.703666667,27.43,2,2.384142857,4.891109542,6,1,0,26.3,31.3,21.3,19.64,4.64,12.14,22.75329136,39.23869491,0.028620492,0.515168861,15.82713223,17.48712078,1.917572982,2.232398397,45.4512894,35.20773639,0.128939828,0.32234957,7.191977077,8.832378223,1.053008596,1.812320917,6/18/2024
7/15/2024,S37,9:30,Occoquan High Dam,38.6938889,-77.2772222,24-2127,ST01,14.43,2.35,0,18.92,1.16,0,0,15.62,8.06,-0.08,0,0,5.97,0.19,1.88,2.11,7.93,2.22,0,2.87,0.34,0,0,1.24,0,8.14,0,1.61,0,0,0.46,-0.76,0,0,0,0,4.11,0,5.52,0.77,47.1,258,,13.3,,,0,0.02,0.01,0.91,36.2,6.49,8.22,30.8,40.5,121.03,31,3.2,76.7,,,,,,,,,,,,30.85,51.46,222.34,16.59,6,11,2,0,3,0,3,26.46666667,21.59111111,1045.5,17,26.54142857,26.18933333,3.324666667,36.64,16,0.352095238,1.964922106,7,1,0,30.1,36,24.2,40.12,4.36,22.24,22.75329136,39.23869491,0.028620492,0.515168861,15.82713223,17.48712078,1.917572982,2.232398397,45.4512894,35.20773639,0.128939828,0.32234957,7.191977077,8.832378223,1.053008596,1.812320917,7/15/2024
8/21/2024,S37,12:45,Occoquan High Dam,38.6938889,-77.2772222,24-2442,ST01,17.32,2.5,0,24.98,1.73,0,0,19.36,8.39,1.9,0,0,5.64,1.29,2.5,5.88,11.6,3.14,-3.93,3.75,0.81,0,0,0.62,0.67,9.22,1.73,0,0,0.26,0.93,0,0,0,0,0,9.6,0,0,0,,276,,9.86,,,0,0.07,<0.01,1.65,42.3,8.94,8.82,35.8,,121.32,26.9,5.9,77.4,,,,,,,,,,,,5.53,96.54,233.71,36.58,12,5,0,0,2,1,2,25.72333333,25.20555556,1368.5,10,20.07,21.532,2.04,38.47,10,-1.462,4.483559354,8,1,0,17.3,22.9,11.7,15.59,2.75,9.17,22.75329136,39.23869491,0.028620492,0.515168861,15.82713223,17.48712078,1.917572982,2.232398397,45.4512894,35.20773639,0.128939828,0.32234957,7.191977077,8.832378223,1.053008596,1.812320917,8/21/2024
9/16/2024,S37,13:30,Occoquan High Dam,38.6938889,-77.2772222,24-2905,ST01,24.83,3.16,0,26.57,1.77,0,0,18.61,9.51,0,0,0,6.43,0,3.03,3.25,17.63,3.49,0,4.52,0,0,0,0,0,9.68,0,0,0,0,0,0,0,0,0,0,10.38,0,11.24,0,48.8,190,,3.9,,,0,0.27,<0.01,1.65,41,7.99,8.41,32.8,53,121.32,23.6,2.4,73.2,,,,,,,,,,,,0,62.75,211.84,42.79,6,13,0,0,1,1,1,21.8,24.95222222,1345.7,4,22.03142857,19.446,1.467666667,35.99,5,2.585428571,3.226884706,9,1,0,21,27.2,14.7,19.22,1.6,10.41,22.75329136,39.23869491,0.028620492,0.515168861,15.82713223,17.48712078,1.917572982,2.232398397,45.4512894,35.20773639,0.128939828,0.32234957,7.191977077,8.832378223,1.053008596,1.812320917,9/16/2024
10/21/2024,S37,13:30,Occoquan High Dam,38.6938889,-77.2772222,24-3365,ST01,28.93,3.19,44.74,21.59,2.36,0,0,16.81,7.67,0,0,0,5.89,1.17,3.49,4.73,11.23,2.66,0,4.18,0,0,0,0,0,6.61,0,0,0,0,0,0,0,0,0,0,9.66,0,9.12,0.53,47.4,345,,5.76,,,,0.01,<0.01,1.89,41.9,8.33,8.61,31.8,57.9,,17.9,3.8,76.5,,,,,,,,,,,,0,63.73,241.33,16.86,9,18,0,0,1,0,1,17.40333333,21.42888889,1030.1,0,14.53142857,11.33766667,0.746333333,22.79,0,3.193761905,5.621086055,10,1,0,14.5,24.1,4.9,22.44,0.52,11.48,22.75329136,39.23869491,0.028620492,0.515168861,15.82713223,17.48712078,1.917572982,2.232398397,45.4512894,35.20773639,0.128939828,0.32234957,7.191977077,8.832378223,1.053008596,1.812320917,10/21/2024
11/18/2024,S37,14:40,Occoquan High Dam,38.6938889,-77.2772222,24-3576,ST01,21.6,2.09,0,18.61,0.73,0,0,15.43,5.65,0,0,0,4.82,0,0.57,0.58,10.05,2.7,8.26,2.55,0,0,0,0,0,6.95,0,0,0,0,0,0,0,0,0,0,0,0,0,0,43.5,390,,7.67,,,,0.02,<0.01,1.58,39,7.69,8,29.6,53.1,,15.8,6,,,,,,,,,,,,,17.55,17.56,162.44,11.52,2,23,1,0,1,0,1,13.18,17.51333333,692.1,0,9.241428571,14.778,0.987666667,25.42,1,-5.536571429,1.188252808,11,0,0,8.9,15.1,2.6,9.71,0.62,5.165,22.75329136,39.23869491,0.028620492,0.515168861,15.82713223,17.48712078,1.917572982,2.232398397,45.4512894,35.20773639,0.128939828,0.32234957,7.191977077,8.832378223,1.053008596,1.812320917,11/18/2024
12/9/2024,S37,14:30,Occoquan High Dam,38.6938889,-77.2772222,24-3690,ST01,28.31,1.07,0,20.35,0.79,0,0,12.08,6.56,0,0,0,5.69,0.63,0,3.11,5.59,0.82,0,3.74,0,0,0,0,0,6.74,0,0,0,0,0,0,0,0,0,0,5.17,0,4.11,0,45.6,308,,8.44,,,0,<0.01,<0.01,1.35,41.5,8.32,8.36,31.4,58,120.92,9.8,3.6,,,,,,,,,,,,,0,45.49,133.07,13.63,7,10,0,0,2,0,2,6.54,13.63,454.4,0,5.887142857,8.527333333,0.949,20.41,0,-2.640190476,5.334610273,12,0,1.16,10.3,18.6,2,16.13,1.56,8.845,22.75329136,39.23869491,0.028620492,0.515168861,15.82713223,17.48712078,1.917572982,2.232398397,45.4512894,35.20773639,0.128939828,0.32234957,7.191977077,8.832378223,1.053008596,1.812320917,12/9/2024
1/17/2025,S37,11:27:00 AM,Occoquan High Dam,38.6938889,-77.2772222,25-0021,ST01,17.3,2.18,0,0,1.72,0,0,14.58,10.68,0,-2.66,0,5.82,1.26,0,1.79,11.19,3.53,-3,3.22,0,0,0,0,0,0,0,0,0,0,0,0,0,0,0,0,3.57,0,5.2,0,47.5,447,,13.7,,7.6,,0.04,<0.01,1.64,42.8,8.29,8.97,31.7,63.7,,3.3,3.3,,,,,,,,,,,,,1.09,69.61,160.57,18.67,10,5,0,0,3,0,3,1.506666667,6.612222222,122.2,0,5.041428571,5.079333333,0.797333333,13.22,0,-0.037904762,13.7045544,1,0,0,-3.1,2,-8.3,3.49,0.7,2.095,22.75329136,39.23869491,0.028620492,0.515168861,15.82713223,17.48712078,1.917572982,2.232398397,45.4512894,35.20773639,0.128939828,0.32234957,7.191977077,8.832378223,1.053008596,1.812320917,1/17/2025
2/18/2025,S37,1:45:00 PM,Occoquan High Dam,38.6938889,-77.2772222,25-0128,ST01,10.82,1.22,0,0,0.21,0,0,5.83,3.95,0,0,0,2.6,0.77,0.56,3.55,0,1.86,0,0.77,0,0.2,0,0,0,2.34,0,0,0,0,0,0,-0.03,0,0,0,1.91,0,3.18,0,160,475,,10.7,,7.5,,0.02,0.02,1.11,30.2,3.94,8.16,85.5,22.1,,4.6,8.8,,,,,,,,,,,,,60.53,119,262.01,22.62,10,10,4,0,6,0,6,1.65,2.523333333,9,0,5.49,5.878,0.677333333,15.35,0,-0.388,20.24498129,2,0,0,1.6,6.6,-3.4,7.48,2.69,5.085,22.75329136,39.23869491,0.028620492,0.515168861,15.82713223,17.48712078,1.917572982,2.232398397,45.4512894,35.20773639,0.128939828,0.32234957,7.191977077,8.832378223,1.053008596,1.812320917,2/18/2025
3/19/2025,S37,10:00:00 AM,Occoquan High Dam,38.6938889,-77.2772222,25-0362,ST01,5.21,0.55,0,4.3,0.3,0,0,4.01,3.2,0,0,0,1.85,0,0.44,2.62,6.03,2.02,0,0.91,0,0.22,0,0.71,0,3.93,0,0,0,0,0,0,-0.62,0,0,0,1.24,0,2.52,0,111,464,,,,7.6,,0.04,<0.01,1.07,27.8,3.6,7.27,61.2,20.7,,,5.2,,,,,,,,,,,,,14.64,49.28,226.28,22.23,3,16,1,0,3,0,3,6.21,2.927777778,21.8,0,10.66571429,10.37566667,1.439,22.41,0,0.290047619,4.749574325,3,0,0,11.6,20.5,2.6,20.75,1.88,11.315,22.75329136,39.23869491,0.028620492,0.515168861,15.82713223,17.48712078,1.917572982,2.232398397,45.4512894,35.20773639,0.128939828,0.32234957,7.191977077,8.832378223,1.053008596,1.812320917,3/19/2025
4/16/2025,S37,1:10:00 PM,Occoquan High Dam,38.6938889,-77.2772222,25-0940,ST01,13.55,0.32,0,0,0.05,0,0,8.9,4.71,0,0,0,3.07,0,0,2.32,6.36,2.44,-4.3,2.91,0,0,0,0,0,4.25,0,0,0,0,0,0,0.06,0,0,0,0,0,0,0,88.2,419,,,,8.3,,<0.01,<0.01,0.89,32.2,4.2,8.2,45.7,30.5,,,5.9,,,,,,,,,,,,,48.14,129.62,271.65,43.9,10,6,1,1,5,1,5,12.59333333,6.385555556,114.6,0,9.884285714,13.91833333,1.893,31.86,2,-4.034047619,9.312896659,4,1,0,13.2,20.3,6.1,16.74,1.28,9.01,22.75329136,39.23869491,0.028620492,0.515168861,15.82713223,17.48712078,1.917572982,2.232398397,45.4512894,35.20773639,0.128939828,0.32234957,7.191977077,8.832378223,1.053008596,1.812320917,4/16/2025
5/19/2025,S37,10:39:00 AM,Occ High Dam,38.6938889,-77.2772222,25-1388,ST01 ,9.29,0.54,0,0,0,0,0,4.63,3.63,0,0,0,2.52,0.49,0,1.6,3.31,1.88,0,1.26,0,0.67,0,1.2,0,3.91,0,0,0,0,0,0,0,0,0,0,0,0,0,0,36.2,183,,7.59,,7.2,588.3,0.06,0.02,0.57,16.5,3.94,4.78,20.4,11.1,122.5,21.9,6.5,,,,,,,,,,,,,101.64,205.51,358.16,64.64,10,7,2,1,5,2,5,19.97,12.94,419,2,18.19142857,19.125,1.717666667,32.51,8,-0.933571429,10.74562092,5,1,0,20.3,26.1,14.5,20.55,3.19,11.87,22.75329136,39.23869491,0.028620492,0.515168861,15.82713223,17.48712078,1.917572982,2.232398397,45.4512894,35.20773639,0.128939828,0.32234957,7.191977077,8.832378223,1.053008596,1.812320917,5/19/2025
6/16/2025,S37,12:25:00 PM,Occoquan High Dam,38.6938889,-77.2772222,25-1762,ST01,16.74,0.85,0,0,0.63,0,0,6.7,4,0,0,0,3.23,0.5,0,2.28,6.47,1.99,0,2.01,0,0,0,1.48,0,4.06,0,0,0,0,0,0,0,0,0,0,0,0,0,0,32.1,222,,,,7,,0.14,0.02,0.79,20.7,3.68,5.49,19.3,15.1,,23.2,5.1,,,,,,,,,,,,,31.08,129.43,440.31,21.73,12,6,2,0,6,0,6,20.16666667,17.21555556,676.4,4,19.13428571,17.524,1.246666667,32.51,3,1.610285714,7.385870806,6,1,32.84,18.6,20.2,17.1,1.91,0.29,1.1,22.75329136,39.23869491,0.028620492,0.515168861,15.82713223,17.48712078,1.917572982,2.232398397,45.4512894,35.20773639,0.128939828,0.32234957,7.191977077,8.832378223,1.053008596,1.812320917,6/16/2025
7/9/2025,S37,10:43:00 AM,Occoquan High Dam,38.6938889,-77.2772222,25-1919,ST01,15.77,0.52,0,10.28,0.18,0,0,7.95,3.98,0,0,0,3.21,0.23,0,1.64,7.2,1.7,0,0,0.15,0,0,0.99,0,5.45,0,0,0,0,0,0,0.44,0,0,0,0,0,0,0,31.1,233,,12.3,,8.5,,0.01,<0.01,0.55,20.3,3.85,5.17,21.8,16.3,,30.9,3.8,,,,,,,,,,,,,27.79,150.38,492.77,32.84,12,5,1,0,7,1,7,25.45,20.50333333,952.6,15,20.52714286,19.714,1.125,36.41,10,0.813142857,7.628081566,7,1,2.97,28.6,34.5,22.7,24.94,0.82,12.88,22.75329136,39.23869491,0.028620492,0.515168861,15.82713223,17.48712078,1.917572982,2.232398397,45.4512894,35.20773639,0.128939828,0.32234957,7.191977077,8.832378223,1.053008596,1.812320917,7/9/2025
7/23/2025,S37,1:05:00 PM,Occoquan High Dam,38.6938889,-77.2772222,25-2091,ST01,12.23,0.19,0,5.59,0.06,0,0,4.5,2.9,0,0,0,2.2,0.31,0,0.24,5.84,1.45,0,1.62,0,0,0,0,0,4.31,0,0,0,0,0,0,0,0,0,0,0,0,0,0,18.5,144,,9.22,,7.3,273.4,<0.01,<0.01,0.08,12.7,3.24,3.62,13.6,8.16,122.3,28,4.7,,,,,,,,,,,,,27.82,133.61,513.78,27.24,12,5,1,0,5,1,5,27,22.50333333,1125.3,18,17.83,19.87,1.263666667,36.41,8,-2.04,6.724207348,7,1,0,25.1,30,20.2,21.48,1.69,11.585,22.75329136,39.23869491,0.028620492,0.515168861,15.82713223,17.48712078,1.917572982,2.232398397,45.4512894,35.20773639,0.128939828,0.32234957,7.191977077,8.832378223,1.053008596,1.812320917,7/23/2025
8/13/2025,S37,10:30AM,Occoquan High Dam,38.6938889,-77.2772222,25-2380,ST01,11.21,0.43,0,8.03,0.09,0,0,6.31,3.46,0,0,0,3.13,0,0,0.5,6.18,1.65,0,1.72,0,0,0,0,0,4.26,0,0,0,0,0,0,0,0,0,0,0.47,0,0,0,21.6,147,,9.8,,7.7,0,0.02,<0.01,0.18,15.5,3.63,4.01,15.5,11.7,121.89,27.4,5.5,,,,,,,,,,,,,0,106.13,389.65,49.79,8,11,0,0,3,1,3,25.33333333,23.76555556,1238.9,11,16.64142857,17.70566667,1.191666667,25.64,1,-1.064238095,5.994126174,8,1,0,27,30.8,23.2,14.59,1.43,8.01,22.75329136,39.23869491,0.028620492,0.515168861,15.82713223,17.48712078,1.917572982,2.232398397,45.4512894,35.20773639,0.128939828,0.32234957,7.191977077,8.832378223,1.053008596,1.812320917,8/13/2025
8/26/2025,S37,1:15:00 PM,Occoquan High Dam,38.6938889,-77.2772222,25-2603,ST01,11.57,0.49,0,8.95,0.14,0,0,6.41,4.13,0,0,0,2.89,0,0,0,4.72,1.67,0,1.88,0,0,0,0.8,0,5.29,0,0,0,0,0,0,0,0,0,0,0,0,0,0,23.7,132,,8.43,,7.4,0,0.02,<0.01,0.19,17.7,4.02,4.48,17.4,14.1,121.7,27,6,66.7,,,0,,0.36,,,0.04,0.02,0.61,3.7,2.92,88.09,371.48,49.79,6,12,0,0,2,1,4,24.15333333,24.50222222,1305.2,9,10.20714286,15.795,1.106333333,24.15,0,-5.587857143,5.577081355,8,1,0,21.2,28.3,14.1,23.39,2.08,12.735,22.75329136,39.23869491,0.028620492,0.515168861,15.82713223,17.48712078,1.917572982,2.232398397,45.4512894,35.20773639,0.128939828,0.32234957,7.191977077,8.832378223,1.053008596,1.812320917,8/26/2025
9/8/2025,S37,12:00:00 PM,Occoquan High Dam,38.6938889,-77.2772222,25-2706,ST01,14.25,0.8,,11.59,0.18,,,8.85,4.09,,,,4.01,,0.05,,15.98,1.87,,3.04,,,,,,4.28,,,,,,,,,,,,,,,27.4,179,,4.76,,6.8,0,0.06,<0.01,0.27,19.9,4.48,4.87,18.4,16.4,120.68,24.4,3.7,72.4,,,0,,0.82,,,0.03,0.01,0.97,3.2,19.71,44.83,320.05,11.65,6,15,1,0,1,0,3,22.45,24.66888889,1320.2,4,22.75285714,18.101,1.407,26.46,2,4.651857143,2.476658748,9,1,0.04,17.3,24.5,10.2,19.28,1.23,10.255,22.75329136,39.23869491,0.028620492,0.515168861,15.82713223,17.48712078,1.917572982,2.232398397,45.4512894,35.20773639,0.128939828,0.32234957,7.191977077,8.832378223,1.053008596,1.812320917,9/8/2025
9/23/2025,S37,12:30:00 PM,Occoquan High Dam,38.6938889,-77.2772222,25-2883,ST01,15.73,1.13,0,14.7,0.36,0,0,10.38,7.1,0,0,0,3.67,0,0,0,10.07,2.39,0,2.35,0,0,0,0,0,6.03,0,0,0,0,0,0,0,0,0,0,0,0,0,0,37.6,279,,3.66,,7,0,<0.01,<0.01,1.24,28.7,6.1,6.2,26.2,33.7,120.4,23.3,2.5,66,,,0,,1.78,,,0.02,0.01,1.84,3,26.51,55.51,281.43,24.5,7,12,1,0,2,0,2,20.49,23.89,1250.1,1,14.39571429,19.05566667,1.448666667,27.67,3,-4.659952381,2.913044239,9,1,0,20.9,25.3,16.5,12.04,1.42,6.73,22.75329136,39.23869491,0.028620492,0.515168861,15.82713223,17.48712078,1.917572982,2.232398397,45.4512894,35.20773639,0.128939828,0.32234957,7.191977077,8.832378223,1.053008596,1.812320917,9/23/2025
10/7/2025,S37,12:45,Occ High Dam,38.6938889,-77.2772222,25-3086,ST01,16.75,1.38,0,15.21,0.4,0,0,10.6,6.91,0,0,0,4.48,0.28,0,0,11.56,1.8,0,1.92,0,0,0,1.03,0,5.82,0,0,0,0,0,0,0,0,0,0,0,0,0,0,42.2,298,,4.96,,7,0,0.15,<0.01,1.48,33,7.17,6.76,29.3,41.9,120.02,23.6,3,72.4,,,0,,1.74,,,0.01,<0.01,1.9,2,0,61.57,234.68,24.5,9,8,0,0,1,0,1,20.12666667,22.86888889,1158.2,1,14.27285714,15.61466667,1.105666667,27.67,2,-1.341809524,3.943087695,10,1,0,20.8,27.3,14.3,17.42,1.08,9.25,22.75329136,39.23869491,0.028620492,0.515168861,15.82713223,17.48712078,1.917572982,2.232398397,45.4512894,35.20773639,0.128939828,0.32234957,7.191977077,8.832378223,1.053008596,1.812320917,10/7/2025
10/21/2025,S37,12:30,Occ High Dam,38.6938889,-77.2772222,25-3263,ST01,20.05,1.59,0,16.03,0.46,0,0,11.4,6.9,0,0,0,4.02,0,0,0,9.46,2.01,0,2.25,0,0,0,1.58,0,4.9,0,0,0,0,0,0,0,0,0,0,1.58,0,1.57,0,43.1,352,,5.78,,7.2,0,0.02,<0.01,1.7,34.6,7.38,7,30.4,44.8,119.22,19.9,4.8,76.3,,,0,,1.95,,,0.03,<0.01,2.1,8.4,9.04,32.38,180.2,7.76,7,9,0,0,0,0,0,17.87333333,21.05111111,994.6,0,12.97142857,13.01166667,1.102666667,19.26,0,-0.040238095,2.488535929,10,1,0,12.2,19.9,4.4,16.11,0.74,8.425,22.75329136,39.23869491,0.028620492,0.515168861,15.82713223,17.48712078,1.917572982,2.232398397,45.4512894,35.20773639,0.128939828,0.32234957,7.191977077,8.832378223,1.053008596,1.812320917,10/21/2025
4/15/2024,S38,14:25,Hooes Run at Old Bridge Rd,38.68,-77.2894444,24-0794,FLOAT B1,4.19,0.47,0,0,0,0,-0.13,4.8,7.92,2.13,0,0,2.76,0,6.24,7.22,7.58,5.6,0,0.94,0.15,0,0,1.33,0,1.89,-0.09,0,0,-0.2,0.11,0.18,0,0,0,0,0,0,0,0,28.8,152,,9.54,,7.2,,0.01,<0.01,0.29,8.83,2.21,2.36,16.6,8.23,,,1,,,,,,,,,,,,,9.96,116.06,310.71,25.69,8,7,0,0,4,1,4,10.87666667,7.447777778,114.7,0,17.38142857,12.64133333,1.354333333,23.4,0,4.740095238,9.180993566,4,1,0,19.6,28.4,10.7,29.08,3.57,16.325,71.60847167,24.38465942,0.028620492,0.601030338,2.14653692,0,0.973096737,0.25758443,73.80184827,20.96855076,0.007163837,0.788022065,3.481624758,0.107457554,0.51579626,0.3295365,4/15/2024
3/19/2025,S38,11:30:00 AM,Hooes Run,38.68,-77.2894444,25-0365,FLOAT B1,6.6,0.31,0,7.04,0.22,0,0,5.95,7.66,0,0,0,3.51,0.51,0,1.13,8.38,3.02,0,2.1,0.46,0,0,1.92,0,5.34,1.21,0,0,0.55,0,0,0,0,0.49,0,1.12,0,2.47,0,173,598,,,,7.4,,0.03,0.01,0.39,20.3,2.55,4.66,103,9.51,,,52.4,,,,,,,,,,,,,8.19,40.85,221.61,21.65,3,16,0,0,2,0,2,6.276666667,3.032222222,22.6,0,10.76142857,10.51933333,1.475666667,22.45,0,0.242095238,3.88332594,3,0,0,11.7,20.5,2.8,20.81,2.05,11.43,71.60847167,24.38465942,0.028620492,0.601030338,2.14653692,0,0.973096737,0.25758443,73.80184827,20.96855076,0.007163837,0.788022065,3.481624758,0.107457554,0.51579626,0.3295365,3/19/2025
6/16/2025,S38,1:50:00 PM,Hooes Run,38.68,-77.2894444,25-1765,FLOATB1,19.24,0,0,0,0.49,0,0,8.17,7.37,0,0,0,4.55,0.64,0,0,9.65,3.18,0,2.55,0.35,0,0,0,0,6.66,0,0,0,0,0,0,0.6,0,0,0,3.19,0,2.83,0,38.4,171,,,,7.1,,0.09,0.01,0.31,11.5,1.96,2.53,20.4,<5.00,,20.9,3.5,,,,,,,,,,,,,34.73,127.86,429.98,21.88,12,6,2,0,6,0,6,20.36333333,17.38111111,689.5,3,20.97,18.32433333,1.229333333,32.21,3,2.645666667,6.977607189,6,1,19.22,18.8,20.4,17.2,2.14,0.34,1.24,71.60847167,24.38465942,0.028620492,0.601030338,2.14653692,0,0.973096737,0.25758443,73.80184827,20.96855076,0.007163837,0.788022065,3.481624758,0.107457554,0.51579626,0.3295365,6/16/2025
7/9/2025,S38,11:00:00 AM,Hooes Run at Old Bridge Rd,38.68,-77.2894444,25-1938,FLOAT B1 ,13.481,0,0,14.873,0,0,0,10.656,13.28,0,0,0,5.687,0,0,2.095,13.798,3.73,0,3.404,0,0,0,1.543,0,7.508,0,0,0,0,0,0,0,0,0,0,0,0,0,0,35.9,200,,7.48,,7.1,,0.06,0.02,0.28,14.9,2.59,3.49,23.1,5.62,,25.3,1.1,,,,,,,,,,,,,27.11,141.41,469.31,22.69,13,5,1,0,7,0,7,25.81666667,20.72,971.6,16,22.36714286,21.92666667,1.043,40.62,11,0.44047619,6.449224688,7,1,1.59,28.8,34.9,22.7,26.71,0.77,13.74,71.60847167,24.38465942,0.028620492,0.601030338,2.14653692,0,0.973096737,0.25758443,73.80184827,20.96855076,0.007163837,0.788022065,3.481624758,0.107457554,0.51579626,0.3295365,7/9/2025
7/23/2025,S38,12:18:00 PM,Hooes Run at Old Bridge Rd,38.68,-77.2894444,25-2094,ST05,12.53,0.13,0,11.94,0,0,0,8.65,9.18,0,0,0,6.52,0,0,0,9.9,2.75,0,2.36,0,0,0,2.98,0,7.86,0,0,0,0,0,0,0,0,0,0,1.79,0,2.1,0,33.6,178,,8.05,,7.1,,0.02,0.02,0.19,13.4,2.67,3.25,21.2,<5.00,,25.2,2,,,,,,,,,,,,,27.59,154.2,503.79,38.23,13,4,1,0,5,1,5,27.26666667,22.71222222,1144.1,18,18.78285714,21.845,1.101666667,40.62,9,-3.062142857,7.058823529,7,1,0,25.4,30.9,19.9,24.06,1.34,12.7,71.60847167,24.38465942,0.028620492,0.601030338,2.14653692,0,0.973096737,0.25758443,73.80184827,20.96855076,0.007163837,0.788022065,3.481624758,0.107457554,0.51579626,0.3295365,7/23/2025
8/13/2025,S38,10:00AM,Hooes Run at Old Bridge Rd,38.68,-77.2894444,25-2395,ST05,9.77,0.09,0,12.03,0.05,0,0,8.88,8.94,0,0,0,3.83,0.61,0,0,11.99,2.86,0,2.28,0,0,0,1.89,0,8.06,1.02,0,0,0,0,0,0.63,0,0.34,0,0,0,0,0,44.5,186,,6.72,,7.1,,0.04,<0.01,0.25,16.3,2.91,3.74,25.2,<5.00,,23.9,1.2,,,,,,,,,,,,,0,96.59,377.1,41.31,8,11,0,0,2,1,2,25.52333333,24,1260,10,18.19571429,19.37333333,0.993333333,27.23,3,-1.177619048,4.985719202,8,1,0,27.2,31.4,23,17,1.14,9.07,71.60847167,24.38465942,0.028620492,0.601030338,2.14653692,0,0.973096737,0.25758443,73.80184827,20.96855076,0.007163837,0.788022065,3.481624758,0.107457554,0.51579626,0.3295365,8/13/2025
8/26/2025,S38,11:30:00 AM,Hooes Run at Old Bridge Rd,38.68,-77.2894444,25-2607,ST05,6.22,0,0,6.7,0,0,0,5.85,8.4,0,0,0,3.01,0,0,0.52,6.26,2.88,0,0,0,0,0,0.54,0,6.34,0,0,0,0,0,0,0,0,0,0,0,0,0,0,51.5,160,,6.38,,6.8,,0.07,<0.01,0.34,14.3,2.74,3.17,29.6,5.71,,19.9,5.4,40.1,,,0,,,,,,,,,3.2,84.75,371.65,41.31,7,12,0,0,3,1,3,24.35666667,24.76,1328.4,9,11.45285714,17.688,0.897666667,27.23,2,-6.235142857,4.791383989,8,1,0,21.1,28.5,13.7,23.81,1.61,12.71,71.60847167,24.38465942,0.028620492,0.601030338,2.14653692,0,0.973096737,0.25758443,73.80184827,20.96855076,0.007163837,0.788022065,3.481624758,0.107457554,0.51579626,0.3295365,8/26/2025
9/9/2025,S38,11:30:00 AM,Hooes Run at Old Bridge Rd,38.68,-77.2894444,25-2707,ST05,12.51,0.17,,11.47,,0.2,,10.47,8.96,,,,5.18,0.46,,,9.8,2.76,,2.98,,,,,,5.58,,,,,,,,,,,,,,,58.8,213,,7.73,,6.8,,0.04,0.01,0.44,16.3,3.07,3.72,33.3,7.3,,17.9,2.8,,,,,,,,,,,,,20.36,53.71,321.41,15.44,7,13,1,0,3,0,3,22.38,24.79777778,1331.8,4,21.62285714,19.222,1.166333333,26.19,1,2.400857143,2.794194153,9,1,0,17,23.9,10,19.66,1.22,10.44,71.60847167,24.38465942,0.028620492,0.601030338,2.14653692,0,0.973096737,0.25758443,73.80184827,20.96855076,0.007163837,0.788022065,3.481624758,0.107457554,0.51579626,0.3295365,9/9/2025
9/23/2025,S38,11:00:00 AM,Hooes Run at Old Bridge Rd,38.68,-77.2894444,25-2884,ST05,7.06,0.13,0,8.56,0.03,0,0,6.55,9.31,0,0,0,3.45,0.24,0,0,10.15,2.62,0,1.87,0,0,0,0,0,7.51,0,0,0,0,0,0,0,0,0,0,0,0,0,0,46.8,20,,6.29,,6.9,,0.02,0.01,0.44,15.8,3.26,3.62,28.3,8.68,,20.4,1.4,,,,,,,,,,,,,26.48,54.6,295.37,24.77,7,12,1,0,2,0,2,20.41333333,24.01333333,1261.2,1,13.73285714,18.85233333,1.262666667,26.22,2,-5.11947619,2.896193221,9,1,0,20.7,25.1,16.3,11.41,1.15,6.28,71.60847167,24.38465942,0.028620492,0.601030338,2.14653692,0,0.973096737,0.25758443,73.80184827,20.96855076,0.007163837,0.788022065,3.481624758,0.107457554,0.51579626,0.3295365,9/23/2025
10/7/2025,S38,11:00,Hooes Run at Old Bridge Rd,38.68,-77.2894444,25-3085,ST05,6.99,0.2,0,7.82,0.05,0,0,6.19,8.51,0,0,0,2.4,0.3,0,0,6.52,2.62,0,1.45,0,0,0,0.95,0,5.11,0,0,0,0,0,0,0,0,0,0,0,0,0,0,52.9,251,,5.72,,6.7,,,0.01,,18.5,3.92,4.27,32.8,14.3,,17.7,2.6,55.7,,,0,,,,,,,,,0.23,64.68,242.42,24.77,9,8,0,0,2,0,2,20.06333333,22.94333333,1164.9,1,15.06142857,15.21666667,0.973333333,26.22,2,-0.155238095,4.25060241,10,1,0,21.1,27.7,14.4,18.51,0.99,9.75,71.60847167,24.38465942,0.028620492,0.601030338,2.14653692,0,0.973096737,0.25758443,73.80184827,20.96855076,0.007163837,0.788022065,3.481624758,0.107457554,0.51579626,0.3295365,10/7/2025
10/21/2025,S38,11:30,Hooes Run at Old Bridge Rd,38.68,-77.2894444,25-3264,ST05,19.57,0,0,17.06,0,0,0,15.7,12.39,0,0,0,7.5,0,0.06,0,17.35,3.32,0,6.05,0,0,0,0,0,7.18,0,0,0,0,0,0,0,0,0,0,0,0,0,0,42.8,224,,8.64,,7.2,,0.01,0.02,0.29,17,4.13,3.95,27.5,9.23,,13.6,1.3,44.7,,,0,,,,,,,,,8.89,32.01,173.18,7.54,7,9,0,0,0,0,0,17.94,21.11777778,1000.6,0,13.66428571,13.30266667,0.994333333,19.45,0,0.361619048,2.406284454,10,1,0,12.2,20.2,4.1,16.87,0.6,8.735,71.60847167,24.38465942,0.028620492,0.601030338,2.14653692,0,0.973096737,0.25758443,73.80184827,20.96855076,0.007163837,0.788022065,3.481624758,0.107457554,0.51579626,0.3295365,10/21/2025
11/18/2024,S39,12:55,Mill Run above Beach Rd,38.654415,-77.7829487,24-3579,FLOATK1,4.86,0.39,0,0,0.35,0,0,2.24,13.07,0,0,0,1.17,0.95,0.54,1.13,1.55,1.54,0,0.2,0,0,0,0,0,1.39,0,0,0,0,0,0,0,0,0,0,0,0,0,0,9.57,140,,9.53,,,,<0.01,0.01,0.03,14.3,2.54,5.8,7.84,<5.00,,12.2,7.2,,,,,,,,,,,,,18.45,19.35,247.95,12.72,2,23,1,0,1,0,1,12.68333333,16.96555556,651.4,0,10.56,16.24033333,0.749666667,27.25,2,-5.680333333,1.191478007,11,0,0,7.8,15.7,-0.1,9.99,0.21,5.1,8.139868157,30.78245916,46.46030381,14.3307538,0.028661508,0,0.057323015,0.200630553,7.526342198,31.15188875,45.81750412,14.35022579,0.143358899,0,0.100351229,0.910329009,11/18/2024
2/18/2025,S4,11:45:00 AM,Dead Run Center Trib,38.916168,-77.456154,25-0132,FLOATD5,106.99,1.1,0,399.71,0.12,0,0,252.6,31.73,0,0,0,105.53,38.45,0,714.14,69.59,274.95,0,30.16,2.94,24.04,0,13.08,0,107.99,0,0,0,0,0,0,0,0,0.4,0,3.3,0,5.57,0,141,624,,13.3,,7.8,,<0.01,<0.01,0.28,30.2,3.26,4.6,78.3,9.24,,0.7,2.4,,,,,,,,,,,,,44.79,93.59,223.26,17.7,9,10,2,0,4,0,5,1.13,2.09,7.9,0,5.271428571,5.57,0.817,13.37,0,-0.298571429,16.80251346,2,0,0,-0.2,4.5,-4.9,5.79,2.52,4.155,53.92100744,41.15626789,0.400686892,4.207212364,0,0,0.314825415,0,62.62546602,31.64611414,0.616575853,3.728133066,0.06452538,0.781474046,0.5377115,0,2/18/2025
4/21/2025,S4,9:25:10 AM,Dead Run Central Branch,38.916168,-77.456154,25-0944,FLOATD5,382.55,0.04,9.34,1679.6,0,0.82,0,892.76,46.95,0,17.7,0,343.81,48.05,0,#VALUE!,199.05,383.78,-3.33,118.82,5.72,121.17,0,126.72,0,404.48,20.55,0,0,0,0,0,0.2,0,0,0,1.55,0.05,1.68,0,79.6,489,,8.29,,7,,0.02,<0.01,<0.01,27.1,4.41,4.63,56.5,7.04,,13.6,4.8,,,,,,,,,,,,,4.26,56.28,166.6,17.1,8,10,0,0,2,0,2,12.41,6.816666667,129.1,0,17.68714286,13.30366667,1.991666667,26.99,0,4.38347619,4.230412668,4,1,0,18.4,23.6,13.2,16.69,5.24,10.965,53.92100744,41.15626789,0.400686892,4.207212364,0,0,0.314825415,0,62.62546602,31.64611414,0.616575853,3.728133066,0.06452538,0.781474046,0.5377115,0,4/21/2025
5/19/2025,S4,9:25:00 AM,Dead Run Central Branch,38.916168,-77.456154,25-1390,FLOATD5 ,238.03,0.48,7.72,1029.92,0,2.22,0,534.78,24.98,0,29.77,0,194.64,30.44,0.84,1718.38,144.92,260.69,0,71.44,5.02,53.4,0,34.47,0,183.13,5.29,0,0,1.41,0,0,0,0,0.45,0,0,0,0,0,68.2,493,,7.87,,7.1,,0.04,0.01,0.1,30.7,4.6,4.75,57.6,<5.00,,16.2,4.1,,,,,,,,,,,,,52.38,112.7,193.27,35.32,11,7,2,1,5,1,6,19.42666667,12.47222222,390.2,0,17.54,18.30066667,1.712666667,30.7,1,-0.760666667,6.158245601,5,1,0,19.1,25.2,13,18.89,2.84,10.865,53.92100744,41.15626789,0.400686892,4.207212364,0,0,0.314825415,0,62.62546602,31.64611414,0.616575853,3.728133066,0.06452538,0.781474046,0.5377115,0,5/19/2025
7/15/2025,S4,8:30:00 AM,Dead Run Central Branch,38.916168,-77.456154,25-2057,Float D5 ,218.799,0.221,7.07,992.178,0,1.699,0,466.837,18.141,0,31.231,0,174.639,21.221,0,1950.453,113.464,172.962,0.939,49.304,3.365,44.735,0,21.59,0,135.419,3.237,0,0,0,0.525,0,0,0,0,0,0.856,0,0.979,0,46.3,436,,6.79,,7.5,,0.02,0.02,0.11,33,4.8,5.14,45.6,<5.00,,25.1,3.1,,,,,,,,,,,,,38.09,167.45,394.87,35.26,14,5,2,0,6,2,8,26.16,21.33888889,1021.7,17,23.68714286,22.58,1.110333333,37.55,10,1.107142857,7.415854739,7,1,4.13,26.9,32,21.9,16.48,0.14,8.31,53.92100744,41.15626789,0.400686892,4.207212364,0,0,0.314825415,0,62.62546602,31.64611414,0.616575853,3.728133066,0.06452538,0.781474046,0.5377115,0,7/15/2025
8/20/2024,S40,11:45,Cedar Creek at Carriage Ford Rd,38.645881,-77.587022,24-2440,FLOAT F1,-2.09,0.7,0,4.16,1.13,0,1.59,1.64,6.14,1.82,0,0,0.01,0,2.47,4.49,0.98,1.98,-2.14,0.97,0.75,2.4,0,-0.27,0,5.07,1.48,0,0,0,0.93,0,0,0,0,0,9.59,0,9.81,0,,213,,10.2,,,,0.02,<0.01,<0.01,43.1,1.96,17.5,12.6,,,21.9,6.5,168.9,,,,,,,,,,,,5.96,111.54,285.54,38.18,13,5,0,0,3,1,4,25.84,25.23444444,1371.1,9,24.38857143,25.19266667,0.828,43.62,11,-0.804095238,4.427478896,8,1,2.46,22.7,28.9,16.5,18.4,2.84,10.62,6.038923869,9.101316543,78.39152833,6.210646823,0.028620492,0,0.171722954,0.057240985,4.098595586,21.38865004,57.34451132,16.17225566,0.408426483,0,0.551734021,0.035826884,8/20/2024
10/21/2024,S41,12:37,Cedar Run Below Biosolids,38.6366834,-77.6255308,24-3368,FLOATH1,9.45,1.5,0,5.93,1.84,0,0,3.73,4.07,0,0,0,2.62,0,3.39,0,2.12,1.67,24.25,1.35,0.86,3.34,0,0.26,0,2.13,0,0,0,0,0,0,0,0,1.29,0,0,0,0,0,24.9,254,,11,,,,<0.01,0.01,0.07,29.2,3.03,8.88,14.3,32.7,,11.6,1.6,108.9,,,,,,,,,,,,0,61.14,282.33,15.87,11,15,0,0,2,0,2,17.26666667,21.31888889,1022.1,0,15.62285714,13.16033333,0.718666667,26.94,0,2.46252381,4.645778982,10,1,0,14.2,25,3.4,25.38,0.43,12.905,9.730967373,39.46765884,42.15798512,7.269605037,0.286204923,0,0.772753291,0.314825415,6.255374033,37.64689023,44.99856692,10.06735454,0.164803669,0,0.673545428,0.193465176,10/21/2024
5/19/2025,S42,12:05:00 PM,Furrs Run,38.5785,-77.63583,25-1392,FLOATN1 ,6.41,0.35,0,0,0,0,0,0,2.79,0,0,0,1.88,0.55,0,0,5.72,2.08,0,1.67,0,0,0,1.24,0,3.68,0,0,0,0,0,0.21,0.47,0,0,0,0,0,0,0,8.92,103,,6.11,,6.8,,0.21,<0.01,0.12,12.5,1.89,3.45,6.72,6.3,,22.5,5.8,,,,,,,,,,,,,68.16,104.91,208,25.9,8,7,3,1,5,1,5,19.92333333,12.87777778,417.8,0,18.56714286,21.40866667,1.745333333,32.21,2,-2.84152381,4.900351882,5,1,0,19,25.7,12.3,20.78,1.69,11.235,5.713465403,27.0456503,62.18776916,3.043353431,0,0,2.0097617,0,6.264783886,27.40305354,58.28256039,5.856211024,0.035839725,0,1.985520751,0.172030679,5/19/2025
7/15/2025,S43,8:50:00 AM,Dead Run Central downstream of Perimeter Rd,38.915354,-77.450777,25-2058,Float D9 ,218.783,0.186,8.296,1013.515,0,2.101,0,485.851,16.776,0,42.047,0,169.44,19.45,0,2562.281,122.543,157.278,1.004,52.439,2.708,73.573,0,26.006,0,107.492,3.726,0,0,0,0.447,0,0,0,0,0,3.205,0,3.425,0,45,454,,6.74,,7.5,,0.02,0.02,0.12,38.6,5.39,5.57,46,<5.00,,25.1,18.7,,,,,,,,,,,,,38.09,167.45,394.87,35.26,14,5,2,0,6,2,8,26.16,21.33888889,1021.7,17,23.68714286,22.58,1.110333333,37.55,10,1.107142857,7.415854739,7,1,4.13,26.9,32,21.9,16.48,0.14,8.31,64.26934097,35.04297994,0,0.687679083,0,0,0,0,62.71939251,32.75306254,0.537287771,3.35983953,0.035819185,0.25789813,0.336700337,0,7/15/2025
12/9/2024,S5,10:25,N. Fork Dead Run,38.916108,-77.456773,24-3692,FLOAT D4,25.12,-0.15,0,20.17,0.38,0,0,14.13,9.35,0,0,0,6.43,0,0.86,2.14,6.07,3.73,0,1.72,0,0,0,0,0,4.05,0,0,0,0,0,0,0,0,0,0,0,0,4.23,0,76.5,532,,13.3,,7,,<0.01,<0.01,0.06,51,6.13,9.54,51.1,18.8,,3.6,1.4,,,,,,,,,,,,,0,45.67,129.57,15.36,6,10,0,0,1,0,2,6.406666667,13.44555556,446.1,0,5.325714286,8.546,1.189,20.55,0,-3.220285714,5.344020594,12,0,0,10.2,18.5,1.8,15.69,1.59,8.64,53.27798454,40.99627827,0.486687661,4.924133982,0,0,0.314915545,0,62.68539084,31.56838862,0.55169449,3.740058752,0.071648635,0.823959304,0.558859354,0,12/9/2024
2/18/2025,S5,11:40:00 AM,N. Fork Dead Run,38.916108,-77.456773,25-0131,FLOATD4,30.76,1.07,0,40.15,0.12,0,0,28.79,6.9,0,0,0,13.62,2.47,0.5,5.68,7.95,14.35,1.8,1.55,0.21,0,0,0.67,0,5.94,0.53,0,0,0,0,0,0.06,0,0,0,2.22,0,3.89,0,604,2120,,15,,7.9,,<0.01,<0.01,0.45,71.3,5.32,12,327,14.2,,0.4,2.7,,,,,,,,,,,,,44.79,93.59,223.26,17.7,9,10,2,0,4,0,5,1.13,2.09,7.9,0,5.271428571,5.57,0.817,13.37,0,-0.298571429,16.80251346,2,0,0,-0.2,4.5,-4.9,5.79,2.52,4.155,53.27798454,40.99627827,0.486687661,4.924133982,0,0,0.314915545,0,62.68539084,31.56838862,0.55169449,3.740058752,0.071648635,0.823959304,0.558859354,0,2/18/2025
7/15/2025,S5,8:15:00 AM,Dead Run North Branch,38.916108,-77.456773,25-2056,Float D4 ,14.906,0,0,14.689,0,0,0,11.611,21.244,0,0,0,5.278,0.971,0,1.225,9.498,6.812,0,1.957,0,0,0,1.414,0,6.414,0,0,0,0,0.214,0,0,0,0,0,0,0,0,0,114,657,,7.18,,7.4,,0.02,0.03,0.32,35.1,4.19,5.65,71.1,5.26,,25.4,3.8,,,,,,,,,,,,,38.09,167.45,394.87,35.26,14,5,2,0,6,2,8,26.16,21.33888889,1021.7,17,23.68714286,22.58,1.110333333,37.55,10,1.107142857,7.415854739,7,1,4.13,26.9,32,21.9,16.48,0.14,8.31,53.27798454,40.99627827,0.486687661,4.924133982,0,0,0.314915545,0,62.68539084,31.56838862,0.55169449,3.740058752,0.071648635,0.823959304,0.558859354,0,7/15/2025
6/17/2024,S6,13:05,Dead Run at Stonecroft Blvd,38.915588,-77.456784,24-1754,FLOAT D3,0.85,1.42,0,0,0,0,0,-0.04,0,0,0,0,0,1.03,2.77,0,0,1,0,0,0,0,0,0,0,0,0,0,0,0,0,0,0,0,0,0,0,0,0,0,204,958,,7.03,,,,0.08,0.01,0.17,58,7.1,10.6,112,14,,29.1,8,,,,,,,,,,,,,2.87,54.67,207,12.82,9,6,0,0,2,0,2,22.02333333,16.65,649.1,1,25.01714286,21.616,2.152666667,33.79,3,3.401142857,2.529145078,6,1,0,24.4,30.2,18.6,25.44,5.71,15.575,55.6766055,38.44610092,0.516055046,4.902522936,0,0,0.458715596,0,62.52418835,31.79961299,0.487350391,3.79846628,0.071669175,0.795527843,0.523184978,0,6/17/2024
4/21/2025,S6,9:50:14 AM,Dead Run at Stonecroft Blvd,38.915588,-77.456784,25-0943,FLOATD3,56.13,0.02,0,184.55,-0.01,0,0,105.65,14.26,0,0,0,42.47,5.2,0,127.75,29.62,40.36,0,10.8,0,4.27,0,6.46,0,25.56,0.83,0,0,0,0,0,0,0,0,0,0,0,0,0,383,1510,,6.87,,7.2,,0.05,<0.01,0.02,56.3,7.19,10.5,204,8.69,,14.6,2.7,,,,,,,,,,,,,4.26,56.28,166.6,17.1,8,10,0,0,2,0,2,12.41,6.816666667,129.1,0,17.68714286,13.30366667,1.991666667,26.99,0,4.38347619,4.230412668,4,1,0,18.4,23.6,13.2,16.69,5.24,10.965,55.6766055,38.44610092,0.516055046,4.902522936,0,0,0.458715596,0,62.52418835,31.79961299,0.487350391,3.79846628,0.071669175,0.795527843,0.523184978,0,4/21/2025
7/7/2025,S7,8:35:00 AM,Dead Run Central A​,38.91554,-77.4544,25-1925,FLOATD7 ,230.159,0,0,1109.444,0,1.624,0,493.166,17.58,0,26.64,0,184.74,20.654,0,1798.481,127.5,170.76,0,51.207,3.284,49.688,0,24.369,0,116.819,4.871,0,0,0,0.545,0,0,0,0,0,0,0,0,0,44.1,456,,7.8,,7.1,,0.03,0.01,0.05,34.9,4.87,5.36,43.8,<5.00,,22.5,7.1,,,,,,,,,,,,,20.07,169.29,387.81,35.26,14,5,1,0,6,2,8,25.25333333,19.65444444,890.2,13,26.44571429,22.115,1.139666667,37.55,9,4.330714286,7.654985304,7,1,0.29,27.1,31.9,22.3,20.9,1.34,11.12,59.40906483,38.26735513,0,2.323580034,0,0,0,0,62.11024299,32.53530213,0.544763816,3.669987814,0.064511505,0.616443266,0.458748477,0,7/7/2025
7/7/2025,S8,9:00:00 AM,Dead Run Central B​,38.915255,-77.452584,25-1926,FLOATD8 ,260.893,0,0,1237.007,0,2.004,0,575.316,18.235,0,35.809,0,204.558,22.166,0,2523.543,142.869,192.431,0,60.586,3.857,73.603,0,31.131,0,133.988,6.241,0,0,0,0,0,0,0,0,0,0,0,0,0,43.2,465,,7.4,,7.2,,0.03,0.01,0.09,37.1,5.3,5.74,45.1,<5.00,,22,2.1,,,,,,,,,,,,,20.07,169.29,387.81,35.26,14,5,1,0,6,2,8,25.25333333,19.65444444,890.2,13,26.44571429,22.115,1.139666667,37.55,9,4.330714286,7.654985304,7,1,0.29,27.1,31.9,22.3,20.9,1.34,11.12,62.57879656,36.4756447,0,0.945558739,0,0,0,0,62.43549312,32.59030963,0.544724771,3.562213303,0.043004587,0.408543578,0.415711009,0,7/7/2025
2/18/2025,S9,12:35:00 PM,Dead Run Pond Trib,38.915014,-77.456013,25-0133,FLOATD6,12.16,1.03,0,0,0.12,0,0,5.62,2.35,0,0,0,2.84,1.26,0,0,0,0,7.49,0.33,0,0,0,0.65,0,2.59,0,0,0,0.76,0,0,0,0,0,0.91,2.31,0,3.55,0,24,269,,14.6,,7.2,,<0.01,0.01,2.07,23.3,1.98,5.94,16.8,20.8,,3.6,1.4,,,,,,,,,,,,,44.79,93.59,223.26,17.7,9,10,2,0,4,0,5,1.13,2.09,7.9,0,5.271428571,5.57,0.817,13.37,0,-0.298571429,16.80251346,2,0,0,-0.2,4.5,-4.9,5.79,2.52,4.155,59.64459731,35.79822299,0.515907137,3.640011465,0,0,0.401261106,0,62.40860215,31.96415771,0.566308244,3.799283154,0.071684588,0.716845878,0.47311828,0,2/18/2025
