SampleID,SampleTime,SiteDescription,Latitude,Longitude,Site,SITEID,PFBA,PFMPA,3:3 FTCA,PFPeA,PFMBA,4:2 FTS,NFDHA,PFHxA,PFBS,HFPO-DA,5:3 FTCA,PFEESA,PFHpA,PFPeS,ADONA,6:2 FTS,PFOA,PFHxS,7:3 FTCA,PFNA,PFHpS,8:2 FTS,N-MeFOSAA,PFDA,N-EtFOSAA,PFOS,PFUnDA,9Cl-PF3ONS,PFNS,PFDoDA,PFOSA,PFDS,PFTrDA,11Cl-PF3OUdS,PFTeDA,PFDoDS,N-MeFOSE,N-MeFOSA,N-EtFOSE,N-EtFOSA,CL,COND25,DO,PH,NH3_N,OP,OX_N,SCA,SK,SMG,SNA,SO4,WTEMP,TSS,TALK,Sum_PFAS,Sum_PFCAs,Sum_PFSAs,Sum_Precursors,SampleDate,PPT_7D,PPT_30D,PPT_90D,PPT_MAX1D_30D,WET_DAYS_30D,DRY_SPELL_30D,HEAVY_RAIN_DAYS_7D_10MM,HEAVY_RAIN_DAYS_7D_25MM,HEAVY_RAIN_DAYS_30D_10MM,HEAVY_RAIN_DAYS_30D_25MM,HEAVY_RAIN_DAYS_30D_P90,TMEAN_30D,TMEAN_90D,GDD_90D,HEAT_DAYS_30D,VPDMAX_MEAN_7D,VPDMAX_MEAN_30D,VPDMIN_MEAN_30D,VPDMAX_MAX_30D,HIGH_VPD_DAYS_30D,VPD_CONTRAST_7D_30D,ARIDITY_PROXY_30D,MONTH,GROWING_SEASON,PPT_DAY,TMEAN_DAY,TMAX_DAY,TMIN_DAY,VPDMAX_DAY,VPDMIN_DAY,VPDMEAN_DAY,Developed_1KM,Forest_1KM,Agriculture_1KM,Wetlands_1KM,Water_1KM,Barren_1KM,Shrubland_1KM,Grassland_1KM,Developed_2KM,Forest_2KM,Agriculture_2KM,Wetlands_2KM,Water_2KM,Barren_2KM,Shrubland_2KM,Grassland_2KM,Date
24-0207,9:10,Bull Run Marina,38.7416667,-77.3883333,RE30,S27,7.65,0.135718564,0.201739127,17.59,0.11463359,0.125340858,0.064273908,14.19,10.48,0.222024599,0.489419239,0.025528598,6.49,0.082545981,0.168680292,13.3,11.97,8.55,0.697624839,2.96,0.085452789,1.1,0.59,1.15,0.07813164,6.67,0.110878467,0.146014269,0.014891798,0.026182853,0.045552831,0.013965089,0.058085192,0.02286142,0.051301047,0.004707668,0.445838079,0.026844047,0.179620275,0.058640815,99.1,426,11,7.2,0.02,0.02,1.42,30.3,3.9,7.34,52.9,21.2,6.5,11.4,67.54461696,106.3864979,62.49679971,26.09596761,17.79373055,1/31/2024,53.39,179.5,179.5,58.71,11,6,1,1,4,3,4,2.203333333,2.203333333,11.2,0,6.788571429,5.267666667,0.452333333,18.33,0,1.520904762,34.07580839,1,0,0,4.4,6.1,2.6,3.86,1.21,2.535,8.366762178,76.07449857,1.06017192,3.266475645,10.0286533,0,0.372492837,0.830945559,13.78593448,68.70026525,5.778191985,3.333572299,7.548928239,0,0.415800416,0.437307334,1/31/2024
24-0208,8:30,Occoquan River at Ravenwood Bridge,38.7175,-77.3941667,RE35,S31,0.676241954,0.135955953,0.201602404,0.79,0.118586164,0.127257243,0.066802061,1.14,1.78,0.215927965,0.480891106,0.024762905,0.74,0.080858055,0.159785275,1.46,1.52,0.81,0.749070499,0.375368092,0.082221498,0.083256937,0.040084144,0.340615961,0.73,0.68,0.117667364,0.156569787,0.021034276,0.020874613,0.046027798,0.013417579,0.061337654,0.022702229,0.050533608,0.006354747,0.407207853,0.031004236,0.171430473,0.05249668,26.5,153,11.5,6.8,0.05,0.04,0.37,10.2,2.42,3.48,14.6,6.76,5.8,17.6,37.564758,14.78794711,6.087181361,3.677921075,5.022844676,1/31/2024,56.1,187.89,187.89,67,11,6,2,1,5,3,5,2.246666667,2.246666667,11.4,0,6.817142857,5.326333333,0.425666667,18.47,0,1.490809524,35.27567432,1,0,0,4.3,6.2,2.3,3.9,1.1,2.5,25.03580636,54.02463478,0.257805786,8.507590948,11.17158407,0,0.773417359,0.229160699,21.37842098,63.43315661,0.644791517,3.70396905,9.413956154,0.00716435,0.472847113,0.945694226,1/31/2024
24-0214,12:00,UOSA Tributary,38.796984,-77.457145,PF01,S19,22.99,1.26,0.200395664,22.12,0.114769651,0.113822686,0.066852579,21.51,13.07,0.207369415,0.484961035,0.027537604,8.25,0.085249908,0.164041153,15.36,18.21,3.33,0.720141104,4.33,0.083675742,0.073702076,0.4,1.53,0.72,5.22,0.120633837,0.132719247,0.016981178,0.03179431,0.050097345,0.012704246,0.064637428,0.024895962,0.056007869,0.006236165,0.438872172,0.029739607,0.163056191,0.052527734,136,832,10.9,7.2,0.02,0.04,6.45,65.1,13.4,9.15,74.5,58,10.2,5.6,98.09042677,141.8434219,100.5878431,22.01000005,19.24557876,2/1/2024,50.09,174.35,174.35,50.03,11,5,1,1,5,3,5,2.143333333,2.222580645,11.7,0,6.288571429,5.204666667,0.495333333,18.76,0,1.083904762,33.49878314,2,0,0,1.7,5.9,-2.5,2.63,0.27,1.45,53.44431688,29.19058553,2.755453502,9.529276693,4.936854191,0,0.057405281,0.086107922,63.31182796,24.19354839,1.433691756,9.11827957,1.82078853,0,0.086021505,0.035842294,2/1/2024
24-0215,12:00,Bull Run upstream of UOSA,38.797648,-77.458343,PF02A,S18,7.21,0.132327988,0.20183356,11.91,0.117052186,0.11977208,0.06939866,8.16,6.05,0.215003351,0.444896145,0.4,3.73,2.29,0.167534648,24.07,10.3,7.95,31.98,1.61,0.73,0.08208376,0.037433776,3.11,3.03,5.47,5.71,0.134296768,2.14,7.79,0.046620492,2.67,35.04,0.024302418,5.04,4.04,17.94,0.03220496,2.69,0.051603496,94.6,562,11.8,7.1,0.01,0.01,0.73,33.8,2.2,9.28,50.5,28,7.5,3.8,70.67653781,212.9363643,99.85938017,31.89859919,81.17838493,2/1/2024,50.09,174.35,174.35,50.03,11,5,1,1,5,3,5,2.143333333,2.222580645,11.7,0,6.288571429,5.204666667,0.495333333,18.76,0,1.083904762,33.49878314,2,0,0,1.7,5.9,-2.5,2.63,0.27,1.45,49.3547462,31.25896186,2.781760826,10.89761973,5.534843705,0,0.057355893,0.114711787,62.72401434,24.70250896,1.577060932,9.0609319,1.82078853,0,0.078853047,0.035842294,2/1/2024
24-0216,8:40,South Run,38.7544227,-77.6752321,PF03,S23,0.683273809,0.137947085,0.207652299,1.09,0.116512734,0.129930905,0.071886785,1.16,1.44,0.211436473,0.410185271,0.028493766,0.71,0.082180558,0.169189181,0.188131866,2.31,2.79,0.642024979,0.87,0.093455874,0.070022374,0.035569093,0.329493325,0.065859054,4.38,0.108271775,0.134130667,0.018127121,0.026256903,0.050990766,0.009981068,0.073808105,0.024076727,0.057670606,0.27,0.405388637,0.030199915,0.174680026,0.048836923,29,188,12.2,6.9,0.02,0.02,0.47,13.2,1.96,4.72,13.5,7.15,4.1,7.9,42.75915967,19.85566467,7.673234341,9.270445782,2.911984545,2/1/2024,49.83,187.06,187.06,69.78,11,5,1,1,4,2,4,1.986666667,2.058064516,11.1,0,6.402857143,5.271333333,0.418333333,18.72,0,1.13152381,35.48627798,2,0,0,1.6,5.9,-2.7,2.56,0.17,1.365,31.20526768,15.4881191,49.84254223,3.263670198,0.14314343,0,0.057257372,0,29.91109837,30.84313163,32.06194436,3.061370806,2.609693146,0,0.157728707,1.35503298,2/1/2024
24-0217,18:00,Broad Run at Bradley Forest,38.697913,-77.484825,PF04,S34,0.666455028,0.138816958,0.235363031,1.49,0.117433301,0.134999762,0.073161496,1.74,3.23,0.220002291,0.537679639,0.024396866,0.85,0.0809742,0.176064067,0.189992132,1.97,0.68,0.697888028,0.37135251,0.080564991,0.088546329,0.39,0.34970423,0.06743305,1.34,0.121728606,0.152134409,0.018559984,0.027695771,0.047333689,0.014614255,0.069074232,0.022619914,0.050907579,0.005767569,0.432415807,0.030127094,0.172965464,0.051503027,53.1,317,13.6,7.2,0.03,0.02,0.67,22.3,2.24,7.07,27.9,14.6,5.4,8.4,56.98952754,17.15827531,7.963168214,5.649632188,3.545474907,2/1/2024,50.27,181.6,181.6,50.07,11,5,1,1,5,3,5,2.006666667,2.077419355,11.2,0,6.178571429,5.18,0.389666667,18.39,0,0.998571429,35.05791506,2,0,0,1.1,6,-3.7,2.65,0.21,1.43,27.85571142,53.965073,10.392213,7.300314916,0.085886058,0,0.343544231,0.057257372,26.77176639,52.81261197,9.602293085,9.494804729,0.680759584,0.028663561,0.537441777,0.071658904,2/1/2024
24-0212,17:00,Occoquan High Dam,38.6938889,-77.2772222,ST01,S37,0.694923875,0.126370993,0.199127844,2.85,0.118371759,0.117771686,0.067827393,2.37,1.94,0.223437131,0.480580106,0.021423277,1.31,0.076794054,0.163559007,8.31,3.26,1.44,0.721640089,1.02,0.076514286,0.080790366,0.032576613,0.326737605,0.074813492,1.64,0.12712672,0.143382172,0.017930356,0.028993027,0.051560852,0.012023582,0.063230766,0.023809392,0.052688544,0.005008153,0.461166445,0.026554796,0.159033059,0.051381482,46.2,242,12.4,6.9,0.03,0.04,0.43,13.2,2.69,3.94,26,7.98,6.5,28.4,40.79315699,28.96714892,12.34844329,5.396885272,11.22182036,2/1/2024,55.46,188.56,188.56,69.61,11,5,2,1,5,3,5,2.48,2.561290323,11.1,0,6.614285714,5.369666667,0.507666667,18.9,0,1.244619048,35.11577379,2,0,0.34,2.2,6.1,-1.8,2.65,0.17,1.41,22.75329136,39.23869491,0.028620492,0.515168861,15.82713223,17.48712078,1.917572982,2.232398397,45.4512894,35.20773639,0.128939828,0.32234957,7.191977077,8.832378223,1.053008596,1.812320917,2/1/2024
24-0213,12:30,Bull Run at Rt 28,38.8030556,-77.4497222,ST45,S15,5.55,0.12799966,0.213884498,12.14,0.116457276,0.12730692,0.06275026,9.52,6.94,0.220744386,0.448890523,0.027070018,4.5,0.077747574,0.163369444,17.74,9.24,4.44,0.66260677,1.88,0.078549209,0.072825439,0.39,0.312655936,0.72,3.89,0.123278989,0.146163004,0.018202544,0.027984236,0.051756958,0.011957963,0.06369852,0.020790839,0.048351177,0.005327479,0.44457326,0.029714759,0.176253204,0.052825116,106,568,11.7,7.3,0.01,0.02,2.46,43.3,5.49,9.23,58.1,36.9,7.8,4.3,80.78940904,80.88373596,43.65042579,15.65580863,21.57750154,2/1/2024,50.09,174.35,174.35,50.03,11,5,1,1,5,3,5,2.143333333,2.222580645,11.7,0,6.288571429,5.204666667,0.495333333,18.76,0,1.083904762,33.49878314,2,0,0,1.7,5.9,-2.5,2.63,0.27,1.45,42.10074413,40.98454493,3.14825415,7.126502576,6.410990269,0,0.085861477,0.143102461,59.5553962,30.46253137,1.039799211,6.905700968,1.821441377,0,0.179275726,0.035855145,2/1/2024
24-0353,13:50,Cannon Branch at Cannon Branch Cemetery,38.7433333,-77.5133667,FLOAT A1,S26,24.37,1.44,0.240185782,8.85,0.37,0.137097413,0.069473894,5.86,4.16,0.96,0.492724672,0.024176581,3.54,9.3,0.175490999,2.94,8.26,10.13,8.53,14.22,8.93,0.078209329,0.03771802,0.330200425,34.23,38.1,0.114720055,0.142548518,18.88,0.025542892,0.047805032,23.78,0.061972055,0.024509507,0.050001963,10.74,0.441474925,33.76,0.166465412,9.55,136,795.1432604,9.371808111,7.678633663,0.02,0.049825734,0.72,68.6,1.68,13.5,85.2,97.1,18.16555395,6.2,107.5568164,283.5603175,67.49243739,124.2112346,91.85664548,2/20/2024,31.05,89.58,232.19,42.15,9,12,1,1,2,2,2,4.5,3.034,16.3,0,6.117142857,6.394333333,0.567,18.67,0,-0.277190476,14.00927905,2,0,0,1.9,8.9,-5.2,7.61,0.57,4.09,94.15305245,2.120951562,1.633705933,0.515907137,1.54772141,0,0.028661508,0,90.70717203,3.396145303,2.414559003,2.794296769,0.67349717,0,0.014329727,0,2/20/2024
24-0346,11:30,Bull Run upstream of UOSA,38.797717,-77.45866,PF02,S17,13.01,1.15,0.224100689,13.91,0.41,0.116123284,0.063254776,10.52,7.06,0.84,0.479717534,0.025886915,4.48,1.64,0.15779331,11.33,9.38,8.09,0.694370868,2.55,3.72,0.085514796,0.038949842,4.07,0.076722619,31.85,13.1,0.138496955,12.24,0.025442933,0.049509476,0.014614075,0.064819491,0.02534108,0.056088674,0.005744077,0.419840848,2.06,0.161145147,0.051179615,102,632,13.6,7.7,0.01,0.02,2.9,50.3,7.09,10.1,59.2,57.9,7,5.3,86.95725986,154.384657,72.7263511,64.8100831,16.8482228,2/20/2024,32.77,89.21,213.47,41.53,9,12,1,1,2,2,2,4.596666667,3.144,16,0,6.418571429,6.617333333,0.635333333,18.76,0,-0.198761905,13.48126133,2,0,0,2,9,-5,7.85,0.61,4.23,48.61150873,31.5774406,2.776982537,11.30833095,5.553965073,0,0.057257372,0.114514744,62.57255464,24.81547832,1.59082766,9.10784665,1.820136152,0,0.057327123,0.035829452,2/20/2024
24-0351,15:00,South Run,38.7544227,-77.6752321,PF03,S23,3.98,0.132987338,0.208946267,3.01,0.115034792,0.112886844,0.066746453,2.3,2.98,0.207763982,0.451521052,0.024358759,1.6,0.26,0.163950011,0.19047725,7.45,7.58,0.735649128,3.91,0.084205364,0.078004948,0.71,0.327881131,0.77,24.14,1.13,0.135981403,0.43,0.020876379,0.046603455,0.016022696,0.060803644,0.024482751,0.055408713,0.005975427,2.75,0.029594109,0.158590689,0.053417857,34.6,220.8094526,8.101233267,7.254719936,0.01,0.041455165,0.41,18.5,1.81,5.84,16.2,10.4,21.04242918,4.3,51.1651975,66.50817044,24.092992,35.6810264,6.734152045,2/20/2024,30.67,89.46,226.69,38.86,9,12,1,0,2,1,2,4.403333333,2.954,14.9,0,6.574285714,6.761666667,0.5,18.72,0,-0.187380952,13.23046586,2,0,0,1.7,9.1,-5.8,8.01,0.41,4.21,31.20526768,15.4881191,49.84254223,3.263670198,0.14314343,0,0.057257372,0,29.91109837,30.84313163,32.06194436,3.061370806,2.609693146,0,0.157728707,1.35503298,2/20/2024
24-0352,12:50,Broad Run at Bradley Forest,38.697913,-77.484825,PF04,S34,6.38,0.131829015,0.24063646,2.76,0.11803669,0.123521348,0.064024769,1.97,3.12,0.206413389,0.451854014,0.023267198,1.26,0.081988383,0.181976931,0.8,2.89,1.26,0.621420791,1.03,0.085508166,0.078182061,0.036945106,0.339128032,0.77,2.03,0.109170204,0.138729453,0.37,0.027578828,0.051111303,0.012228668,0.063825667,0.025722665,0.058116235,0.006381165,2.68,0.44,0.163010475,0.054882541,48.7,290.650827,8.423498938,7.369497415,0.01,0.02518857,0.39,23.4,2.39,7.14,26.2,19,19.95302207,4.7,57.03304964,31.25548956,17.13768467,7.153825699,6.963979188,2/20/2024,28.83,86.99,218.32,40.58,9,12,1,0,2,1,2,4.36,2.934,14.9,0,6.208571429,6.518666667,0.424666667,18.39,0,-0.310095238,13.34475353,2,0,0,1.3,9,-6.4,7.65,0.4,4.025,27.85571142,53.965073,10.392213,7.300314916,0.085886058,0,0.343544231,0.057257372,26.77176639,52.81261197,9.602293085,9.494804729,0.680759584,0.028663561,0.537441777,0.071658904,2/20/2024
24-0347,9:50,Cub Run upstream of US 50,38.909257,-77.466674,PF05,S10,28.36,0.129625195,0.182332953,103.7920966,0.116876646,0.131558268,0.07374434,59.00525599,7.59,0.229221372,0.374840239,0.02429537,25.52,5.26,0.168276389,335.5324119,23.63,33.64284602,0.740020255,7.14,0.94,6.91,0.037910889,0.96,0.071998892,32.58,0.111739816,0.132137803,0.39,0.02861524,0.049131487,0.015254281,0.069162614,0.02589776,0.060767687,0.005191877,2.7,0.43,0.160832544,0.047747336,99.2,986,11.5,7.7,0.01,0.045431053,0.56,103,6.92,31.5,69.7,233,6.1,21.3,152.2414447,677.3697898,248.9241398,80.60562311,347.8400269,2/20/2024,27.72,72.69,190.05,35.07,8,13,1,0,2,1,2,4.756666667,3.41,16.3,0,6.374285714,6.678,0.925666667,17.83,0,-0.303714286,10.88499551,2,0,0,2.2,9.1,-4.7,7.96,0.68,4.32,73.93174649,14.85517637,0.68827072,9.664468024,0.143389733,0,0.716948666,0,69.40619621,23.88841079,0.839070568,4.410499139,0.157773953,0.860585198,0.437464142,0,2/20/2024
24-0350,15:51,Occoquan High Dam,38.6938889,-77.2772222,ST01,S37,2.13,0.84,0.228763397,5.71,0.8,1.67,0.065043863,4.29,4.07,0.222197398,8.09,0.61,2.29,0.077551003,1.2,4.59,4.35,2.03,0.688631886,1.32,0.63,1.13,0.035219229,0.353241384,0.074767366,1.98,0.119527149,0.133327935,0.4,0.023765298,0.050084682,0.014107545,0.96,0.84,0.052781338,0.004883041,0.448092621,0.027251656,0.171850114,0.053663049,56.1,335.6156249,9.648847823,7.424175344,0.04,0.02,1.15,24.8,3.57,6.44,31.2,23,18.75955101,6.4,55.60346949,52.77474995,23.23931517,10.78986952,18.74556526,2/20/2024,26.23,89.04,222.14,41.08,9,12,1,0,3,1,3,4.986666667,3.532,14.9,0,6.437142857,6.654333333,0.720333333,18.9,0,-0.217190476,13.3807544,2,0,0,2.8,9.2,-3.5,7.91,0.81,4.36,22.75329136,39.23869491,0.028620492,0.515168861,15.82713223,17.48712078,1.917572982,2.232398397,45.4512894,35.20773639,0.128939828,0.32234957,7.191977077,8.832378223,1.053008596,1.812320917,2/20/2024
24-0431,9:11,Bull Run Marina,38.7416667,-77.3883333,RE30,S27,13.11,0.88,0.238049282,12.67,0.36,0.119649448,0.067226942,10.52,7.05,0.89,0.361216957,0.025717617,4.37,0.083223121,0.171703239,8.61,8.35,3.46,0.648666703,2.16,0.084285448,0.073273151,0.77,0.330577327,0.066447756,3.47,0.132167289,0.143580746,0.39,0.025775567,0.049128935,0.01751064,0.068295626,0.020989842,0.059346224,0.004522934,2.9,0.028876308,0.167664501,0.056422384,102,582,12.9,7.8,0.969519495,0.133909203,2.61,44.9,6.4,9.75,59.1,45.6,6.4,4.9,87.6011627,83.00431799,53.03616203,14.74983035,15.21832561,2/22/2024,2.71,89.85,215.96,41.43,8,13,0,0,2,1,2,5.26,3.2,15.2,0,7.615714286,6.972333333,0.677,18.33,0,0.643380952,12.88664722,2,0,0,3.3,9.6,-3,7.19,0.38,3.785,8.366762178,76.07449857,1.06017192,3.266475645,10.0286533,0,0.372492837,0.830945559,13.78593448,68.70026525,5.778191985,3.333572299,7.548928239,0,0.415800416,0.437307334,2/22/2024
24-0438,14:05,Occoquan River at Ravenwood Bridge,38.7175,-77.3941667,RE35,S31,3.63,0.138408272,0.196031207,2.37,0.121866363,0.138841313,0.069513268,1.55,2.95,0.85,0.424449899,0.028397806,1.05,0.074927166,0.175403614,0.84,1.99,0.89,0.638704041,0.73,0.080160765,0.081478944,0.038885691,0.329890756,0.063620631,1.15,0.116348033,0.135583186,0.41,0.02804095,0.053447775,0.015740219,0.065663788,0.021601046,0.054209857,0.005022243,2.86,0.027504198,0.159929133,0.049482326,31.1,222,12.1,6.7,0.02,0.046114041,0.47,17.5,1.83,5.72,17.8,16.1,5.4,6.7,56.26655475,24.60315249,12.17442802,5.76143243,6.667292039,2/22/2024,3.06,91.53,223.32,41.1,8,13,0,0,3,1,3,5.306666667,3.232692308,15.3,0,7.532857143,6.889,0.619,18.47,0,0.643857143,13.28639861,2,0,0,3.3,9.5,-3,7.16,0.34,3.75,25.03580636,54.02463478,0.257805786,8.507590948,11.17158407,0,0.773417359,0.229160699,21.37842098,63.43315661,0.644791517,3.70396905,9.413956154,0.00716435,0.472847113,0.945694226,2/22/2024
24-0513,10:05,UOSA Tributary,38.796984,-77.457145,PF01,S19,29.15,2.52,6.46,21.19,1.1,0.128045314,0.056867999,19.66,10.54,0.88,0.479169782,0.023862018,5.95,0.081129578,0.67,1.95,13.08,2,0.822843452,2.99,0.08781847,0.077816204,0.74,0.326744967,0.81,2.71,0.126848948,0.142012315,0.36,0.023179746,0.049931777,0.014665958,0.065228652,0.023199402,0.059723586,0.005565691,2.75,0.38,0.170741422,0.052330839,95.9,715,10.9,7.9,0.04,0.04,7.86,63.8,18.2,7.53,61.5,75.2,13.6,2.7,98.6356452,128.7077261,96.2417259,15.98825343,16.47774679,3/18/2024,0.76,81.88,292.83,23.85,10,7,0,0,3,0,3,8.013333333,5.092207792,51.8,0,18.40571429,10.23933333,0.775333333,28.28,0,8.166380952,7.996614363,3,0,0,13.5,22.4,4.7,21.7,2.59,12.145,53.44431688,29.19058553,2.755453502,9.529276693,4.936854191,0,0.057405281,0.086107922,63.31182796,24.19354839,1.433691756,9.11827957,1.82078853,0,0.086021505,0.035842294,3/18/2024
24-0514,10:00,Bull Run upstream of UOSA,38.797717,-77.45866,PF02,S17,14.72,0.128516125,4.2,11.33,0.114240691,0.12816536,0.06542666,8.43,5.56,0.215547541,0.431813954,0.023759468,4.69,0.35,0.72,9.84,7.09,5,0.69430346,2.25,0.086634827,0.080088061,0.83,0.322769303,0.06670036,4.52,0.124765191,0.140985282,0.62,0.029724071,0.046688897,0.015836465,0.061474216,0.023015258,0.056579011,0.73,3.05,0.45,0.174709785,0.051259366,54.9,451,11.3,7.7,0.01,0.048701672,0.2,39.9,1.77,10.3,32.4,51.1,10.8,2.3,78.28005772,87.46300335,49.34806861,17.0702313,21.04470344,3/18/2024,0.76,81.88,292.83,23.85,10,7,0,0,3,0,3,8.013333333,5.092207792,51.8,0,18.40571429,10.23933333,0.775333333,28.28,0,8.166380952,7.996614363,3,0,0,13.5,22.4,4.7,21.7,2.59,12.145,48.61150873,31.5774406,2.776982537,11.30833095,5.553965073,0,0.057257372,0.114514744,62.57255464,24.81547832,1.59082766,9.10784665,1.820136152,0,0.057327123,0.035829452,3/18/2024
24-0512,12:45,Bull Run at Rt 28,38.8030556,-77.4497222,ST45,S15,13.94,1.09,0.231558553,13.46,0.39,0.129951679,0.069202006,11.22,7.01,0.93,0.441018375,0.027042466,4.47,0.076446345,0.68,7.01,8.93,3.16,0.798358025,2.22,0.074631239,0.072634217,0.038517989,0.33868967,0.8,3.79,0.121800385,0.14441358,0.36,0.027847296,0.04973465,0.013685913,0.061432716,0.026184135,0.062391803,0.006905144,2.78,0.38,0.157311293,0.05195069,69.2,547,11.2,7.8,0.02,0.02,2.8,48.4,7.43,9.37,42.3,59.8,14.4,1.9,84.95715812,85.64170817,56.33216187,14.68930882,14.62023748,3/18/2024,0.76,81.88,292.83,23.85,10,7,0,0,3,0,3,8.013333333,5.092207792,51.8,0,18.40571429,10.23933333,0.775333333,28.28,0,8.166380952,7.996614363,3,0,0,13.5,22.4,4.7,21.7,2.59,12.145,42.10074413,40.98454493,3.14825415,7.126502576,6.410990269,0,0.085861477,0.143102461,59.5553962,30.46253137,1.039799211,6.905700968,1.821441377,0,0.179275726,0.035855145,3/18/2024
24-0612,8:20,Bull Run Marina,38.7416667,-77.3883333,RE30,S27,13.89,1.17,0.192366433,13.49,0.116240097,0.134799927,0.061087727,11.33,7.12,0.214845499,0.411791126,0.024357843,4.43,0.078374781,0.168303667,5.46,0.441157001,0.63,0.752445307,1.91,0.0833838,1.72,0.037696903,0.78,0.06505201,0.372747075,0.109119878,0.132760275,0.018790194,0.021602523,0.5,0.013824145,0.068815274,0.026850434,0.05341121,1.02,0.409495615,0.026790841,3.85,0.05095214,67.5,479,11.8,6.9,0.05,0.01,2.3,43.4,6.61,9.3,40.2,50.1,11.3,15,84.35591735,71.38706173,47.81034598,9.521088548,14.05562719,3/21/2024,1.09,80.79,296.75,22.95,9,5,0,0,3,0,3,8.73,5.29125,54.7,0,18.37142857,10.95633333,0.975,28.5,1,7.415095238,7.373817275,3,0,0,9.8,20.6,-1,20.47,3.01,11.74,8.366762178,76.07449857,1.06017192,3.266475645,10.0286533,0,0.372492837,0.830945559,13.78593448,68.70026525,5.778191985,3.333572299,7.548928239,0,0.415800416,0.437307334,3/21/2024
24-0794,14:25,Hooes Run at Old Bridge Rd,38.68,-77.2894444,FLOAT B1,S38,4.19,0.47,0.247059653,0.333686003,0.117976388,0.122315674,0.070740373,4.8,7.92,2.13,0.549203629,0.025070908,2.76,0.07976389,6.24,7.22,7.58,5.6,0.671001596,0.94,0.085081195,0.071583101,0.037181373,1.33,0.070405193,1.89,0.117017514,0.135403467,0.0166109,0.024064122,0.040885294,0.012034642,0.065394024,0.024572803,0.051837302,0.006429762,0.436087576,0.027966343,0.167317939,0.049787541,28.8,152,9.54,7.2,0.01,0.032195667,0.29,8.83,2.21,2.36,16.6,8.23,18.61877397,1,28.64724098,56.7264782,22.77997535,15.79496757,18.15153528,4/15/2024,9.96,116.06,310.71,25.69,8,7,0,0,4,1,4,10.87666667,7.447777778,114.7,0,17.38142857,12.64133333,1.354333333,23.4,0,4.740095238,9.180993566,4,1,0,19.6,28.4,10.7,29.08,3.57,16.325,71.60847167,24.38465942,0.028620492,0.601030338,2.14653692,0,0.973096737,0.25758443,73.80184827,20.96855076,0.007163837,0.788022065,3.481624758,0.107457554,0.51579626,0.3295365,4/15/2024
24-0798,16:15,Unnamed Tributary to Rocky Branch,38.784617,-77.579383,FLOAT C1,S20,9.01,0.47,0.19883974,7.98,0.117075855,0.119039166,0.07862559,7.69,3.44,2.16,0.380318029,0.025579796,5.28,0.079494188,2.45,2.93,7.67,2.78,0.639374868,2.61,0.082393483,3.41,0.034184448,1.16,0.070932816,6.06,0.124338181,0.142628194,0.019993195,0.027015391,0.04599899,0.014874162,0.74,0.025759258,0.055109548,0.00655632,0.438806271,0.027950354,0.163075088,0.050844945,90.7,550,9.58,7.3,0.05,0.057624256,1.01,55.5,1.83,22.7,42.1,49.2,15.40548961,17.1,147.0577596,68.80880788,42.93353897,12.6772786,13.19799031,4/15/2024,4.56,88.19,285.92,20.7,8,7,0,0,5,0,5,10.43666667,6.872222222,104.2,0,16.56857143,11.922,1.285333333,21.71,0,4.646571429,7.397248784,4,1,0,19.5,28.3,10.6,27.93,2.92,15.425,76.28333811,17.03470032,0.028677947,4.072268426,0.200745627,0.229423573,0.8603384,1.2905076,72.70578122,18.16032667,0.537287771,5.61644817,0.143276739,0.107457554,2.005874346,0.723547532,4/15/2024
24-0788,9:05,UOSA Tributary,38.796984,-77.457145,PF01,S19,35.02,4.14,0.213655447,28.73,1.37,0.12119264,0.061122432,25.69,13.92,1.1,0.378214502,0.026283878,7.4,0.080174306,0.9,1.01,16.08,2.36,0.747590455,3.41,0.089887588,1.63,0.037373185,1.49,0.067531365,4.26,0.126729809,0.149036873,0.018254838,0.023102502,0.046824041,0.012498744,0.059018675,0.021472637,0.058371651,0.006438929,0.430696181,0.029261299,0.156183289,0.058502244,88.5,753,9.39,7.3,0.04,0.03,7.62,63.1,19.1,7.62,59.4,84.6,15.55957734,6,85.44302819,151.5294175,123.5972226,20.94404779,6.98814708,4/15/2024,4.73,92.24,288.21,22.72,9,7,0,0,5,0,5,10.45666667,7.033333333,105.8,0,17.00714286,12.025,1.256333333,22.39,0,4.982142857,7.670686071,4,1,0,19.6,28.3,11,27.86,3.26,15.56,53.44431688,29.19058553,2.755453502,9.529276693,4.936854191,0,0.057405281,0.086107922,63.31182796,24.19354839,1.433691756,9.11827957,1.82078853,0,0.086021505,0.035842294,4/15/2024
24-0789,9:00,Bull Run upstream of UOSA,38.797717,-77.45866,PF02,S17,6.82,0.131156188,0.277833877,0.32849501,0.115626147,0.128621082,0.076191377,9.15,5.66,0.92,0.390387991,0.025425563,4.49,0.078619486,1.07,9.57,8.75,5.42,0.773661149,3.51,0.090147564,1.75,0.038135458,1.2,0.066112,7.77,0.103734661,0.138533467,0.020644991,0.031595479,0.045399466,0.010922087,0.064906997,0.024509281,0.054692001,0.005900204,0.415848038,0.026912536,0.177555701,0.050809076,49.6,513,8.92,7.3,0.02,0.047013535,0.06,43.5,1.89,10.9,29.8,57.4,17.29965327,2.2,83.15515614,69.77237688,34.75020648,19.24470264,15.77746775,4/15/2024,4.73,92.24,288.21,22.72,9,7,0,0,5,0,5,10.45666667,7.033333333,105.8,0,17.00714286,12.025,1.256333333,22.39,0,4.982142857,7.670686071,4,1,0,19.6,28.3,11,27.86,3.26,15.56,48.61150873,31.5774406,2.776982537,11.30833095,5.553965073,0,0.057257372,0.114514744,62.57255464,24.81547832,1.59082766,9.10784665,1.820136152,0,0.057327123,0.035829452,4/15/2024
24-0793,10:20,Cub Run upstream of US 50,38.909257,-77.466674,PF05,S10,24.67,0.135793818,0.219226368,86.54,0.120212029,0.134050374,0.065530007,52.86,8.16,1.05,0.45479109,0.027537732,22.22,4.62,0.85,282.39,21.5,43.11,0.656717297,6.46,0.78,6.86,0.039299925,1.41,0.064450696,29.56,0.110910388,0.14354569,0.018280153,0.026556748,0.044558608,0.011536032,0.059134141,0.020387603,0.047960383,0.006066485,0.427624672,0.027418074,0.171844381,0.053194219,57.4,918,7.77,7.6,0.06,0.01,0.34,101,3.79,33.4,49.2,263,20.46881528,5.6,137.7301327,596.1266269,216.1605675,86.4573537,293.5087057,4/15/2024,5.46,82.72,246.28,19.66,9,7,0,0,4,0,5,10.47666667,7.137777778,109.2,0,16.22285714,11.717,1.759,21.32,0,4.505857143,7.059827601,4,1,0,20.2,28.1,12.3,27.74,4.92,16.33,73.93174649,14.85517637,0.68827072,9.664468024,0.143389733,0,0.716948666,0,69.40619621,23.88841079,0.839070568,4.410499139,0.157773953,0.860585198,0.437464142,0,4/15/2024
24-0796,10:15,Occoquan High Dam,38.6938889,-77.2772222,ST01,S37,6.16,0.52,0.230383868,0.322430182,0.116753647,0.12661642,0.07018246,4.7,3.64,2.08,0.410322579,0.024621482,2.11,0.082349304,2.92,3.99,6.01,2.32,0.727095044,1.71,0.084016478,0.084357845,0.035714471,0.77,0.067151741,2.51,0.115362526,0.142268413,0.018632474,0.028005721,0.045995366,0.015549638,0.054078926,0.023807013,0.053395751,0.006655211,0.437534251,0.028934024,0.169326086,0.05557558,26.3,195,11.2,7.5,0.03,0.050678501,0.35,16.3,2.43,4.58,16.6,14,18.62304356,4.9,50.80860744,43.0171165,22.67002675,8.867900014,11.47918973,4/15/2024,9.9,115.08,305.77,25.13,9,7,0,0,5,1,5,10.75,7.411111111,111.9,0,17.00714286,12.43433333,1.331,23.13,0,4.572809524,9.255019704,4,1,0,19,28.2,9.7,28.34,3.08,15.71,22.75329136,39.23869491,0.028620492,0.515168861,15.82713223,17.48712078,1.917572982,2.232398397,45.4512894,35.20773639,0.128939828,0.32234957,7.191977077,8.832378223,1.053008596,1.812320917,4/15/2024
24-0797,12:17,Bull Run at Rt 28,38.8030556,-77.4497222,ST45,S15,17.77,2.21,0.215773574,18.88,0.43,0.13105084,0.065545915,16.57,8.6,2.08,0.500228054,0.024989024,5.96,0.078373075,2.25,6.46,11.66,3.92,0.74642198,3.08,0.087097185,0.072108518,0.037846436,1.82,0.065285969,5.19,0.112832749,0.138912817,0.01567103,0.024447363,0.046365227,0.014692925,0.054749781,0.022199264,0.053103376,0.00641992,0.429139601,0.025022362,0.171118758,0.058036092,66.6,561,10.2,7.6,0.05,0.01,3.14,51.2,9.11,9.53,42.5,67.2,16.59004052,4.5,86.81499762,110.0774318,78.62513327,18.09835524,13.35394333,4/15/2024,4.73,92.24,288.21,22.72,9,7,0,0,5,0,5,10.45666667,7.033333333,105.8,0,17.00714286,12.025,1.256333333,22.39,0,4.982142857,7.670686071,4,1,0,19.6,28.3,11,27.86,3.26,15.56,42.10074413,40.98454493,3.14825415,7.126502576,6.410990269,0,0.085861477,0.143102461,59.5553962,30.46253137,1.039799211,6.905700968,1.821441377,0,0.179275726,0.035855145,4/15/2024
24-0874,8:53,Bull Run Marina,38.7416667,-77.3883333,RE30-bottom,S27,17.24,1.73,0.220012442,16.75,0.31,0.120464857,0.069592516,14.2,8.76,1.87,0.424080117,0.026556472,5.52,0.076518236,1.89,3.51,12.28,3.48,0.596414399,2.75,0.083424385,0.076568913,0.03606931,1.74,0.070200025,5.69,0.111244018,1.62,0.017776014,0.026016299,0.047547827,0.015641384,0.059577929,0.022797308,0.054424628,0.006320757,0.418518914,0.0316314,0.150610831,0.047331146,61.9,510,9.41,7.4,0.09,0.045976084,2.41,45.1,7.55,9.55,38,56.6,18.21807884,12.4,85.00141903,102.1493401,72.77126287,19.79903456,9.579042698,4/18/2024,8.95,109.97,294.05,21.99,8,7,0,0,5,0,5,11.00666667,7.911111111,133.3,0,20.32285714,12.86633333,1.460333333,30.05,2,7.45652381,8.547112619,4,1,0,17.9,22.9,12.9,13.15,0.66,6.905,8.366762178,76.07449857,1.06017192,3.266475645,10.0286533,0,0.372492837,0.830945559,13.78593448,68.70026525,5.778191985,3.333572299,7.548928239,0,0.415800416,0.437307334,4/18/2024
24-0876,8:51,Bull Run Marina,38.7416667,-77.3883333,RE30-mid,S27,12.93,1.23,0.227632881,14.81,0.115083968,1.04,0.068706961,12.38,8.28,2.13,0.483696727,0.026420622,4.83,0.07833619,1.72,3.6,11.26,3.58,0.720948788,3.85,0.08065132,3.36,0.038721168,1.64,0.078943369,7.3,0.120865924,1.59,0.020126736,0.028936641,0.048896876,0.013883115,0.066387902,0.024459236,0.051136685,0.006146886,0.452558364,0.027041641,0.165927804,0.053529372,59,478,9.82,7.2,0.44,0.01,1.42,43,5.93,9.65,34.6,46.9,16.92923017,51.7,89.66867586,98.52903918,63.31241112,21.00002411,14.21660395,4/18/2024,8.95,109.97,294.05,21.99,8,7,0,0,5,0,5,11.00666667,7.911111111,133.3,0,20.32285714,12.86633333,1.460333333,30.05,2,7.45652381,8.547112619,4,1,0,17.9,22.9,12.9,13.15,0.66,6.905,8.366762178,76.07449857,1.06017192,3.266475645,10.0286533,0,0.372492837,0.830945559,13.78593448,68.70026525,5.778191985,3.333572299,7.548928239,0,0.415800416,0.437307334,4/18/2024
24-0870,8:47,Bull Run Marina,38.7416667,-77.3883333,RE30-surface,S27,11.9,1.17,0.260175079,11.38,0.31,0.122945741,0.069819341,10.73,6.41,0.87,0.432220385,0.024920818,4.49,0.081393006,0.7,2.6,10.4,3.09,0.653184129,2.66,0.080909491,1.48,0.040631502,0.324042374,0.06769393,4.62,0.109393041,0.139148068,0.017499953,0.027140011,0.046883579,0.009405626,0.061146825,0.026040341,0.06061908,0.005674307,0.408021371,0.027516229,0.165713201,0.054162267,62.8,512,9.09,7.6,0.03,0.05190039,2.41,45.7,7.76,9.58,38.8,57.6,18.38164053,10.9,76.40512945,76.12629969,53.62234133,14.50499161,7.998966754,4/18/2024,8.95,109.97,294.05,21.99,8,7,0,0,5,0,5,11.00666667,7.911111111,133.3,0,20.32285714,12.86633333,1.460333333,30.05,2,7.45652381,8.547112619,4,1,0,17.9,22.9,12.9,13.15,0.66,6.905,8.366762178,76.07449857,1.06017192,3.266475645,10.0286533,0,0.372492837,0.830945559,13.78593448,68.70026525,5.778191985,3.333572299,7.548928239,0,0.415800416,0.437307334,4/18/2024
24-0882,9:37,Occoquan River at Ravenwood Bridge,38.7175,-77.3941667,RE35-bottom,S31,2.12,0.12834601,0.238844874,0.302604948,0.112098858,0.126414278,0.077161381,1.9,2.11,0.94,0.465407804,0.022178429,0.99,0.077614592,1.23,1.22,2.73,1.19,0.765719144,0.86,0.082853353,1.62,0.035890631,0.333743917,0.057305988,1.42,0.117849525,0.130962754,0.01991336,0.024299364,0.047204396,0.015463372,0.062838717,0.02186296,0.049538794,0.005668292,0.446469514,0.028407591,1.07,0.049414227,22.1,189,9.66,7,0.02,0.046234525,0.18,16.1,1.63,5.47,13.4,12.8,15.77071698,8,55.31845014,23.24607707,9.731320133,5.096517111,8.418239828,4/18/2024,9.86,112.11,297.37,23.69,9,6,0,0,5,0,5,11.10333333,7.987777778,135.7,0,20.43285714,12.93633333,1.461,30.38,2,7.49652381,8.666288747,4,1,0,18.2,23,13.3,13.53,0.79,7.16,25.03580636,54.02463478,0.257805786,8.507590948,11.17158407,0,0.773417359,0.229160699,21.37842098,63.43315661,0.644791517,3.70396905,9.413956154,0.00716435,0.472847113,0.945694226,4/18/2024
24-0884,9:42,Occoquan River at Ravenwood Bridge,38.7175,-77.3941667,RE35-surface,S31,2.78,0.4,0.223859976,0.319779411,0.117882137,1.1,0.073488787,2.26,2.86,1.93,0.47995197,0.02148225,1.21,0.080277626,2.16,2.32,3.59,0.57,0.697079832,0.9,0.07946966,0.075530322,0.036205863,0.86,0.069747027,1.74,0.112479197,0.136294423,0.016866298,0.027426181,0.043287127,0.017528424,0.063039451,0.022249346,0.056137569,0.004656863,0.448960146,0.029193938,2.31,0.052112797,19,169,10.6,6.8,0.06,0.049140427,0.27,14.7,1.8,4.75,11.8,11.7,13.7172309,6.9,45.70976155,30.29498662,12.69674395,5.54882489,12.04941778,4/18/2024,9.86,112.11,297.37,23.69,9,6,0,0,5,0,5,11.10333333,7.987777778,135.7,0,20.43285714,12.93633333,1.461,30.38,2,7.49652381,8.666288747,4,1,0,18.2,23,13.3,13.53,0.79,7.16,25.03580636,54.02463478,0.257805786,8.507590948,11.17158407,0,0.773417359,0.229160699,21.37842098,63.43315661,0.644791517,3.70396905,9.413956154,0.00716435,0.472847113,0.945694226,4/18/2024
24-1327,10:35,Sand Branch at Pleasant Valley Rd,38.9165611,-77.4720556,FLOAT D1,S3,6.358,0.39,0.244391186,8.57,0.109705035,0.112635399,0.062955118,6.8,3.82,1.92,0.400945352,0.027776249,2.74,1,1.6,0.88,2.16,10.54,0.701851152,0.75,0.085341619,0.080590643,0.035282528,0.8,0.69,7.94,0.110524496,1.57,0.019692393,0.023916809,0.042546686,0.011168163,0.065285248,0.66,0.045437893,0.005655691,0.437604962,0.026661808,0.159926227,0.050710557,37.4,1020,9.05,7.508772459,0.05,0.02,0.69,123,3.98,42.2,42.8,359,17.5,16.7,143.7,62.04860521,28.92286948,25.67963412,7.446101617,5/20/2024,28.26,83.34,239.38,15.92,12,8,1,0,4,0,5,16.78666667,12.49333333,344.8,2,10.53714286,14.926,1.613,34.47,3,-4.388857143,5.583545491,5,1,0,18.6,24,13.3,12.69,0.64,6.665,62.05612829,26.00229095,1.288659794,6.500572738,0,3.035509737,1.116838488,0,57.09885387,32.57163324,1.489971347,4.505730659,0.150429799,3.08739255,0.830945559,0.26504298,5/20/2024
24-1322,13:00,UOSA Tributary,38.796984,-77.457145,PF01,S19,8.55,0.134296727,0.200414345,0.319534149,0.117234454,0.115289914,0.067272054,8.86,12.11,0.224020484,0.453346975,0.026283375,3.21,0.081391973,0.175348145,5.61,8.76,2.99,0.741344752,2.15,0.079384176,0.069749356,0.037442401,0.337049877,0.068649211,0.84,0.112637206,0.136098387,0.017377188,0.023292471,0.047900152,0.011909383,0.058201279,0.027389212,0.061682977,0.006942195,0.435268695,0.029757301,0.166948326,0.54,89.7,796,8.78,7.767409865,0.04,0.01,6.99,64.7,22,7.34,61.4,91.6,21.7,10.7,87,58.00345714,32.69392914,16.32677589,8.982752112,5/20/2024,26.25,86.26,257.1,15.99,14,8,1,0,4,0,4,16.85666667,12.48333333,345.2,1,10.62428571,15.45266667,1.13,35.7,4,-4.828380952,5.582208033,5,1,0,18.2,23.4,13,11.72,0.58,6.15,53.44431688,29.19058553,2.755453502,9.529276693,4.936854191,0,0.057405281,0.086107922,63.31182796,24.19354839,1.433691756,9.11827957,1.82078853,0,0.086021505,0.035842294,5/20/2024
24-1323,12:55,Bull Run upstream of UOSA,38.797717,-77.45866,PF02,S17,6.66,0.135730532,0.177582797,14.79,0.12068744,0.129398511,0.066884355,8.09,4.27,0.202388432,0.474504099,0.025225087,3.71,0.25,0.161498894,2.04,8.01,3.61,0.644140932,3.38,0.085484165,0.080552035,0.036820639,0.337617657,0.069770272,3.82,0.112153112,0.13779572,0.020601575,0.025101304,0.050162517,0.011429223,0.066377535,0.027456018,0.047943165,0.004881578,0.395241732,0.02530912,0.1523911,0.56,49,424,8.65,7.410996887,0.05,0.02,0.36,38,2.32,9.71,30.4,44.2,19.5,4,79.6,63.01512954,45.48561074,12.26287337,5.266645435,5/20/2024,26.25,86.26,257.1,15.99,14,8,1,0,4,0,4,16.85666667,12.48333333,345.2,1,10.62428571,15.45266667,1.13,35.7,4,-4.828380952,5.582208033,5,1,0,18.2,23.4,13,11.72,0.58,6.15,48.61150873,31.5774406,2.776982537,11.30833095,5.553965073,0,0.057257372,0.114514744,62.57255464,24.81547832,1.59082766,9.10784665,1.820136152,0,0.057327123,0.035829452,5/20/2024
24-1324,15:32,South Run,38.7544227,-77.6752321,PF03,S23,3.31,0.131024251,0.186703261,0.32004908,0.11829674,0.126020641,0.058752427,4.82,3.46,0.223405782,0.457258554,0.02699726,2.12,0.4,0.173052776,6.69,11.69,7.54,0.700495989,2.88,0.62,0.088800388,0.038256329,0.335474705,0.075708661,17.99,0.103389821,0.144849519,0.019139372,0.023002965,0.045525662,0.012753502,0.054955115,0.019461222,0.04908074,0.00490552,0.453065292,0.026895069,0.180653614,0.056513692,38.8,274,9.42,7.4821164,0.04,0.02,0.48,31.1,1.47,7.91,21.6,14.5,17.8,20.6,85.6,65.77448795,25.95527342,30.23810639,9.581108139,5/20/2024,29.87,91.05,257.07,15.29,13,8,0,0,3,0,4,16.6,12.28111111,332,2,10.44,15.156,1.051333333,35.35,3,-4.716,6.007521774,5,1,0.11,17.5,22.6,12.4,10.31,0.51,5.41,31.20526768,15.4881191,49.84254223,3.263670198,0.14314343,0,0.057257372,0,29.91109837,30.84313163,32.06194436,3.061370806,2.609693146,0,0.157728707,1.35503298,5/20/2024
24-1325,10:58,Broad Run at Bradley Forest,38.697913,-77.484825,PF04,S34,2.27,0.133980712,0.25910546,0.301366806,0.114039727,0.115962526,0.071437945,2.4,2.96,0.227386391,0.443158008,0.02193791,0.88,0.077511128,0.161927981,0.194159985,3.77,1.31,0.772639186,0.91,0.089463825,0.084596388,0.034257398,0.335377001,0.076748915,0.84,0.11287668,0.136979819,0.023304479,0.026079864,0.046215165,0.016112604,0.061449018,0.021625213,0.051893822,0.007201576,0.441805871,0.026033579,0.168176823,0.5,37.8,244,8.27,7.148747463,0.06,0.02,0.24,23,2.05,7.18,22.2,15,18.6,6.9,56.4,20.49481181,11.36706363,5.504136554,3.623611621,5/20/2024,27.8,104.94,293.58,33.24,13,8,0,0,3,1,4,16.76,12.34,339.2,1,9.614285714,14.24166667,0.770666667,32.63,3,-4.627380952,7.368519602,5,1,0,17.8,22.8,12.8,10.28,0.39,5.335,27.85571142,53.965073,10.392213,7.300314916,0.085886058,0,0.343544231,0.057257372,26.77176639,52.81261197,9.602293085,9.494804729,0.680759584,0.028663561,0.537441777,0.071658904,5/20/2024
24-1326,10:00,Cub Run upstream of US 50,38.909257,-77.466674,PF05,S10,17.82,0.132144378,0.17222313,66.21,0.115762105,0.12589533,0.067616834,34.48,2.1,0.217203119,0.487764122,0.025123129,16.13,2.12,0.171011881,0.201113252,19.33,22.18,0.68314423,5.28,0.97,2.1,0.039966613,0.331143324,0.072258736,26.87,0.110010135,0.136151363,0.017942354,0.025744746,0.046917541,0.011447776,0.067671794,0.025963531,0.054684377,0.006210373,0.446933212,0.029756963,0.162240405,0.58,52.4,705,10.6,7.61193167,0.08,0.02,0.37,69.9,6.1,21.2,43.7,154,16.5,18.7,123.6,220.1540448,160.0871609,54.46283853,5.604045367,5/20/2024,28.26,83.34,239.38,15.92,12,8,1,0,4,0,5,16.78666667,12.49333333,344.8,2,10.53714286,14.926,1.613,34.47,3,-4.388857143,5.583545491,5,1,0,18.6,24,13.3,12.69,0.64,6.665,73.93174649,14.85517637,0.68827072,9.664468024,0.143389733,0,0.716948666,0,69.40619621,23.88841079,0.839070568,4.410499139,0.157773953,0.860585198,0.437464142,0,5/20/2024
24-1320,13:25,Occoquan High Dam,38.6938889,-77.2772222,ST01,S37,13.6,0.134910605,0.238148327,18.1,0.12090558,0.120699849,0.065860535,13.3,5.5,0.213715114,0.441339428,0.025799513,4.7,0.080862641,0.166225201,5.16,8.37,3.04,0.735693917,2.43,0.089797585,0.081756901,0.037091246,0.317922483,0.070325162,2.42,0.108846758,0.140794604,0.016753229,0.022052064,0.047714529,0.016228183,0.071344208,0.027203956,0.050494423,0.005930561,0.462233154,0.02854363,0.172318396,0.47,44.3,305,11.1,7.679720491,0.02,0.052026584,0.65,31.4,5.1,7.58,27.2,36.5,21.2,2.6,67.9,81.20151178,61.32647612,11.36337027,8.511665388,5/20/2024,29.92,93.92,292,21.13,11,8,1,0,3,0,3,16.78,12.67888889,349.1,2,9.414285714,13.964,1.182333333,31.63,5,-4.549714286,6.725866514,5,1,0,18.3,22.5,14.2,9.1,0.87,4.985,22.75329136,39.23869491,0.028620492,0.515168861,15.82713223,17.48712078,1.917572982,2.232398397,45.4512894,35.20773639,0.128939828,0.32234957,7.191977077,8.832378223,1.053008596,1.812320917,5/20/2024
24-1321,13:39,Bull Run at Rt 28,38.8030556,-77.4497222,ST45,S15,13.91,0.13036207,0.211072961,19.04,0.113219279,0.124327902,0.062939456,13.96,6.22,0.215893771,0.421901337,0.026943574,5.06,0.078417641,0.171389819,6.15,10.57,3.17,0.722556253,2.91,0.08746845,0.080878781,0.032834263,0.327085028,0.065677415,2.89,0.118534598,0.144885335,0.020421175,0.026397021,0.050036518,0.016589272,0.061911307,0.027020909,0.058282301,0.00509569,0.437549443,0.028398107,0.172883535,0.049836543,62.3,527,9.33,7.578682496,0.04,0.02,2.8,46.4,8.62,8.89,40.6,59.5,20.6,10.6,81.6,87.97080975,66.2857916,12.68684205,8.998176104,5/20/2024,26.25,86.26,257.1,15.99,14,8,1,0,4,0,4,16.85666667,12.48333333,345.2,1,10.62428571,15.45266667,1.13,35.7,4,-4.828380952,5.582208033,5,1,0,18.2,23.4,13,11.72,0.58,6.15,42.10074413,40.98454493,3.14825415,7.126502576,6.410990269,0,0.085861477,0.143102461,59.5553962,30.46253137,1.039799211,6.905700968,1.821441377,0,0.179275726,0.035855145,5/20/2024
24-1428,7:57,Bull Run Marina,38.7416667,-77.3883333,RE30,S27,11.46,0.130505857,0.177361831,16.46,0.113533277,0.128823654,0.068565111,14.57,4.67,0.208137312,0.460179079,0.027117522,4.82,0.95,0.155465782,123.41,11.15,3.23,0.672614019,3.26,0.083635808,0.071554056,0.039985234,0.332518327,0.066333738,3.63,0.107860385,0.143733746,0.019379377,0.025131401,0.045233557,0.012884928,0.068720697,0.026298481,0.05065987,0.005303984,0.42053875,0.026803436,0.173755883,0.056009911,61,486,9.7,7.908196698,0.03,0.035853863,2.29,41.4,7.98,8.7,38.4,48.8,24.4,14.5,81.3,201.528645,62.54892981,12.79835385,126.1813614,5/23/2024,19.56,109.55,300.31,31.26,13,5,1,0,4,1,4,17.59666667,13.01333333,370.5,1,11.49285714,15.09766667,1.07,33.74,4,-3.604809524,7.256088137,5,1,0,25.3,31.2,19.4,22.68,2.33,12.505,8.366762178,76.07449857,1.06017192,3.266475645,10.0286533,0,0.372492837,0.830945559,13.78593448,68.70026525,5.778191985,3.333572299,7.548928239,0,0.415800416,0.437307334,5/23/2024
24-1435,12:24,Occoquan River at Ravenwood Bridge,38.7175,-77.3941667,RE35,S31,3.75,0.135061107,0.199915712,3.86,0.117840256,0.127670214,0.066731703,3.9,0.110961982,0.231756839,0.480263671,0.026385778,1.52,0.078138708,0.175679544,0.196918459,4.48,1.79,0.698690998,1.43,0.087591983,0.07544734,0.036825548,0.322951448,0.065017989,0.378444584,0.118038286,0.141687483,0.018401071,0.022919287,0.048653348,0.011607903,0.059134289,0.022885935,0.05597048,0.006794346,0.443369032,0.029374576,0.164941171,0.65,30.6,265,10.4,7.819688385,0.02,0.047713521,0.05,22.6,2.15,7.25,19,19.3,26.1,7.1,57.5,26.13607107,19.77191515,2.672899773,3.691256143,5/23/2024,20.05,100.38,294.7,25.89,12,5,1,0,3,1,3,17.64666667,13.09555556,374.8,1,11.10428571,14.88133333,1.075,32.72,5,-3.777047619,6.745363319,5,1,0,25.2,31.1,19.3,22.04,2.1,12.07,25.03580636,54.02463478,0.257805786,8.507590948,11.17158407,0,0.773417359,0.229160699,21.37842098,63.43315661,0.644791517,3.70396905,9.413956154,0.00716435,0.472847113,0.945694226,5/23/2024
24-1752,10:20,Sand Branch at Pleasant Valley Rd,38.9165611,-77.4720556,FLOAT D1,S3,4.53,1.41,0.227815014,6.01,0.92,0.117455596,0.06580502,4.28,4.03,0.201262297,0.400387865,0.026080198,1.19,1.22,2.62,4.05,1.34,6.48,0.743516002,0.366735138,0.086243614,0.078566916,0.038188262,0.327677887,0.07399722,8.99,0.123180932,0.141439734,0.020132019,0.02580294,0.049510447,0.014345838,0.05388024,0.021338875,0.058970041,0.005707424,0.439684601,0.026806804,0.153021704,0.053202109,25.4,1260,8.68,7.776364702,0.04,0.01,0.21,165,2.32,60.6,37.6,518,22.8,9,172.7689645,51.01075474,20.63624718,21.0352877,9.339219856,6/17/2024,2.87,54.67,207,12.82,9,6,0,0,2,0,2,22.02333333,16.65,649.1,1,25.01714286,21.616,2.152666667,33.79,3,3.401142857,2.529145078,6,1,0,24.4,30.2,18.6,25.44,5.71,15.575,62.05612829,26.00229095,1.288659794,6.500572738,0,3.035509737,1.116838488,0,57.09885387,32.57163324,1.489971347,4.505730659,0.150429799,3.08739255,0.830945559,0.26504298,6/17/2024
24-1755,11:40,Sand Branch at Willard Rd,38.925514,-77.486961,FLOAT D2,S1,3.76,1.43,0.227696279,0.315011889,0.114534475,0.133999961,0.060359494,2.25,2.95,0.216541761,0.446072412,0.025150374,0.455181829,0.076877699,2.79,4.06,0.440622439,2.34,0.729926888,0.383702458,0.085179143,0.086383356,0.039556923,0.341585045,0.066741681,2.04,0.104508003,0.128002339,0.020068882,0.028159254,0.045029026,0.014523148,0.06896767,0.02453657,0.057282479,0.005959936,3.03,0.026248177,0.152789865,0.054728804,23.6,1270,8.88,7.800025292,0.03,0.049076055,0.2,170,1.66,61.7,37,532,23.6,7.4,169.4713983,29.62592826,9.74955554,7.710298092,12.16607463,6/17/2024,2.01,54.11,203.89,12.17,8,6,0,0,2,0,3,21.9,16.55222222,641.4,1,24.45285714,20.92533333,1.876333333,33.24,4,3.52752381,2.585860839,6,1,0,24.2,30.1,18.4,24.76,4.95,14.855,29.02208202,42.38600516,2.896472613,1.864066533,0.028677947,21.39374821,1.347863493,1.061084026,46.84833274,34.4209394,3.234134098,1.556113302,0.050197203,9.946217282,0.817497311,3.126568663,6/17/2024
24-1754,13:05,Dead Run at Stonecroft Blvd,38.915588,-77.456784,FLOAT D3,S6,0.676988338,1.42,0.191618408,0.321858188,0.118356469,0.129482248,0.067686048,0.232118468,0.113357153,0.214322093,0.450044935,0.026295955,0.454598294,1.03,2.77,0.198499835,0.433316338,1,0.732241157,0.37618481,0.088152387,0.074187404,0.038266841,0.340586063,0.071532696,0.373067496,0.121931965,0.133652852,0.019864894,0.029388031,0.050679936,0.014506587,0.069083732,0.020824703,0.056764165,0.005263022,0.460429249,0.028879286,0.165565251,0.052923138,204,958,7.03,7.759418636,0.08,0.01,0.17,58,7.1,10.6,112,14,29.1,8,111.0222998,13.17251844,4.651174862,2.824985049,5.696358528,6/17/2024,2.87,54.67,207,12.82,9,6,0,0,2,0,2,22.02333333,16.65,649.1,1,25.01714286,21.616,2.152666667,33.79,3,3.401142857,2.529145078,6,1,0,24.4,30.2,18.6,25.44,5.71,15.575,55.6766055,38.44610092,0.516055046,4.902522936,0,0,0.458715596,0,62.52418835,31.79961299,0.487350391,3.79846628,0.071669175,0.795527843,0.523184978,0,6/17/2024
24-1747,10:35,UOSA Tributary,38.796984,-77.457145,PF01,S19,50.64,8.15,0.208101128,48.19,2.98,0.115908784,0.068943805,39.52,15.88,0.227304899,0.415916844,0.023869884,11.82,0.078028826,3.32,5.7,15.52,2.24,0.658211827,4.45,0.085074187,0.086161506,0.037324153,1.9,0.067887595,8.14,0.109086947,0.141460399,0.016778434,0.0264391,0.044746021,0.013483739,0.065458805,0.02602585,0.053008586,0.006051137,0.438898589,0.028909662,0.166355013,0.051690329,85.8,806,9.72,8.020752207,0.05,0.068198852,14.6,79.8,21.7,10.5,60.1,129,26.6,14.2,90.52758384,221.711126,183.4239934,26.65077246,11.63636015,6/17/2024,0.85,78.98,241.52,13.62,8,10,0,0,4,0,4,21.92333333,16.64555556,648.9,1,25.05142857,21.557,1.437666667,34.01,3,3.494428571,3.663775108,6,1,0,24.4,30.6,18.1,26.48,4.02,15.25,53.44431688,29.19058553,2.755453502,9.529276693,4.936854191,0,0.057405281,0.086107922,63.31182796,24.19354839,1.433691756,9.11827957,1.82078853,0,0.086021505,0.035842294,6/17/2024
24-1748,15:15,Bull Run upstream of UOSA,38.797717,-77.45866,PF02,S17,58.2,9.31,0.19899831,52.91,3.61,0.137049983,0.062121716,42.42,16.88,0.218656483,0.436865394,0.027407225,12.63,0.079790185,2.56,5.5,15.46,2.49,0.704637997,3.86,0.093622804,0.067459566,0.034341649,1.49,0.067706744,6.44,0.115067734,0.144712794,1.78,0.030077897,1.52,0.013616676,0.06946412,0.02678922,0.05044858,0.004946871,3.03,0.026140833,0.170021504,0.054689089,90,619,10.2,8.2893713,0.04,0.066000507,16.7,74.3,24.9,8.52,63.4,113,27.2,11.6,88.44650474,242.9246334,200.1550583,27.98088578,14.78868927,6/17/2024,0.85,78.98,241.52,13.62,8,10,0,0,4,0,4,21.92333333,16.64555556,648.9,1,25.05142857,21.557,1.437666667,34.01,3,3.494428571,3.663775108,6,1,0,24.4,30.6,18.1,26.48,4.02,15.25,48.61150873,31.5774406,2.776982537,11.30833095,5.553965073,0,0.057257372,0.114514744,62.57255464,24.81547832,1.59082766,9.10784665,1.820136152,0,0.057327123,0.035829452,6/17/2024
24-1749,11:00,South Run,38.7544227,-77.6752321,PF03,S23,5.08,1.36,0.238444274,0.32777599,0.88,0.132345601,0.066447722,4.72,5.51,0.210533652,0.449244583,0.026672424,2.29,0.65,2.54,4.05,7.11,7.89,0.704363058,2.37,0.084291753,0.079838753,0.040270339,0.322033268,0.072690906,18.41,2.57,0.137452279,0.018018791,0.024948047,0.04507086,0.012573394,0.060549195,0.02040946,0.053956711,0.006658656,3.39,0.031848664,4.03,0.050771272,45.5,288,5.18,7.003637363,0.05,0.02,0.16,25.2,2.42,9.28,15.8,7.13,21.9,4.1,70.48056418,76.06720965,27.16926321,32.76607676,16.13186968,6/17/2024,1.61,50.13,213.13,9.53,10,6,0,0,0,0,1,21.54,16.39111111,626.9,1,24.26571429,21.081,1.29,33.01,6,3.184714286,2.377970685,6,1,0,23.9,30.5,17.3,26.36,2.77,14.565,31.20526768,15.4881191,49.84254223,3.263670198,0.14314343,0,0.057257372,0,29.91109837,30.84313163,32.06194436,3.061370806,2.609693146,0,0.157728707,1.35503298,6/17/2024
24-1750,10:00,Broad Run at Bradley Forest,38.697913,-77.484825,PF04,S34,10.65,1.49,0.183559766,9.68,0.93,0.127988799,0.067221501,7.49,6.43,0.214391638,0.41826176,0.024064059,2.78,0.076747572,2.44,0.190542577,5.4,1.3,0.689145192,1.35,0.084732815,0.08305634,0.038515928,1.32,0.069115295,7.35,0.122960806,0.138721474,0.018051451,0.021426451,0.050312378,0.013650075,0.066648478,0.030945287,0.051543851,0.005537011,0.415445617,0.02964168,3.54,0.048092853,43.7,439,8.28,7.631338028,0.03,0.045235321,0.02,42.4,2.22,11.6,30.2,41.1,25,6.1,104.9286781,65.43032065,41.35257959,15.47244974,8.605291325,6/17/2024,0.48,69.15,262.63,14.59,8,10,0,0,2,0,4,21.68666667,16.49888889,638.3,1,23.46428571,19.766,0.927,32.19,3,3.698285714,3.49843165,6,1,0,23.9,30.3,17.5,24.58,2.69,13.635,27.85571142,53.965073,10.392213,7.300314916,0.085886058,0,0.343544231,0.057257372,26.77176639,52.81261197,9.602293085,9.494804729,0.680759584,0.028663561,0.537441777,0.071658904,6/17/2024
24-1751,9:45,Cub Run upstream of US 50,38.909257,-77.466674,PF05,S10,9.36,1.47,0.216666631,21.9,0.94,0.130209697,0.071203162,14.37,4.62,0.231080787,0.413050251,0.024699479,5.32,1.34,2.87,31.51,3.64,9.07,0.634169841,0.73,0.087546958,2.37,0.038181331,0.346143541,0.07407563,13.41,1.99,0.139602217,0.019183393,0.030001776,0.051089815,0.014047151,0.069274942,0.026175925,0.051173154,0.00580332,3.22,0.027074482,0.163768524,0.056217492,36.8,1210,7.27,7.656843792,0.04,0.01,0.16,150,2.74,53.1,43.3,442,24.2,5.4,176.6539837,131.0504395,60.21659341,28.75705844,42.07678764,6/17/2024,2.87,54.67,207,12.82,9,6,0,0,2,0,2,22.02333333,16.65,649.1,1,25.01714286,21.616,2.152666667,33.79,3,3.401142857,2.529145078,6,1,0,24.4,30.2,18.6,25.44,5.71,15.575,73.93174649,14.85517637,0.68827072,9.664468024,0.143389733,0,0.716948666,0,69.40619621,23.88841079,0.839070568,4.410499139,0.157773953,0.860585198,0.437464142,0,6/17/2024
24-1746,13:05,Bull Run at Rt 28,38.8030556,-77.4497222,ST45,S15,46.3,7.98,0.189026906,45.97,2.9,0.123645199,0.080825449,38.43,16.65,0.20797404,0.44022791,0.024126905,12.31,0.49,2.5,5.17,19.96,2.19,0.812131058,4.28,0.082070818,0.081592179,0.036474926,1.98,0.069697988,9.02,0.116373626,0.139316368,0.017386918,0.023515935,0.04869509,0.014086198,0.06433528,0.021067643,0.052613829,0.007349123,0.443269282,0.031039044,0.178807572,0.056486472,83.5,819,10.2,8.286417296,0.04,0.051845518,13.2,81.7,20,11.5,58.1,135,27.6,13,97.63605737,219.4921358,180.3668387,28.65540397,10.46989311,6/17/2024,0.85,78.98,241.52,13.62,8,10,0,0,4,0,4,21.92333333,16.64555556,648.9,1,25.05142857,21.557,1.437666667,34.01,3,3.494428571,3.663775108,6,1,0,24.4,30.6,18.1,26.48,4.02,15.25,42.10074413,40.98454493,3.14825415,7.126502576,6.410990269,0,0.085861477,0.143102461,59.5553962,30.46253137,1.039799211,6.905700968,1.821441377,0,0.179275726,0.035855145,6/17/2024
24-1745,11:23,Occoquan High Dam,38.6938889,-77.2772222,ST01,S37,22.06,2.72,0.24275133,0.307835049,1.32,0.12825179,2.53,14.6,9.03,0.224547522,0.432704043,0.027329631,5.5,0.080875478,3.32,5.94,13.71,2.2,0.654315325,2.48,0.084976628,0.073328131,0.039426741,1.37,0.067304475,6.96,0.119323084,0.149655948,0.016614979,0.026837073,0.043941785,0.014044943,0.065908408,0.023466361,0.058020096,0.006398773,3.17,0.027445715,0.156055448,0.051617349,39.4079834,358,10,7.747307323,1.191318068,0.150080708,3.398177036,40.18328893,7.356249919,8.944326292,29.83007662,69.31762429,26.8,19.8462288,75.75897117,100.0329761,64.33792371,18.59336274,17.10168965,6/18/2024,2.13,90.06,287.13,27.35,8,8,0,0,3,1,3,21.82333333,16.79666667,652.3,0,20.79714286,18.413,1.703666667,27.43,2,2.384142857,4.891109542,6,1,0,26.3,31.3,21.3,19.64,4.64,12.14,22.75329136,39.23869491,0.028620492,0.515168861,15.82713223,17.48712078,1.917572982,2.232398397,45.4512894,35.20773639,0.128939828,0.32234957,7.191977077,8.832378223,1.053008596,1.812320917,6/18/2024
24-1840,9:42,Bull Run Marina,38.7416667,-77.3883333,RE30,S27,41.57,6.71,0.193529881,0.317754269,2.62,0.123963372,0.067938201,33.69,15.67,0.20747074,0.513338673,0.025679924,10.56,0.28,2.61,5.27,15.88,2.62,0.757916566,3.11,0.092247628,0.069019363,0.035268837,2.44,0.067119341,9.55,1.61,0.131892537,0.018465387,0.029253335,0.047008376,0.012206843,0.06604296,0.018102333,0.061396838,0.005083113,3.38,0.031923323,0.172127281,0.060077513,75.8,619,11.9,8.276403675,0.03,0.04570737,8.54,67.7,15.9,10.9,51.4,106,28.7,9.6,82.6,160.6948266,118.6644474,28.42367776,13.60670147,6/20/2024,1.19,70.75,290.27,22.66,7,8,0,0,2,0,2,22.51666667,17.11888889,683.9,3,25.03285714,21.63033333,1.663333333,29.91,3,3.40252381,3.270869612,6,1,0,25.2,31.4,19,27.1,1.53,14.315,8.366762178,76.07449857,1.06017192,3.266475645,10.0286533,0,0.372492837,0.830945559,13.78593448,68.70026525,5.778191985,3.333572299,7.548928239,0,0.415800416,0.437307334,6/20/2024
24-1859,13:50,Occoquan River at Ravenwood Bridge,38.7175,-77.3941667,RE35,S31,11.46,1.92,0.252476772,0.322151359,0.99,0.132897756,0.073266968,7.67,6.49,0.238186879,0.477684737,0.025913588,2.84,0.07708513,4.97,4.41,6.8,2.2,0.723882054,1.93,0.080903643,0.085342214,0.036064309,1.34,0.065615435,6.75,0.121296315,0.137002326,0.017158727,0.021810501,0.046220138,0.014705035,0.069337411,0.029887558,0.051139131,0.004867659,3.37,0.027702489,4.03,0.050106599,32.9,256,12.4,8.369834031,0.02,0.075537694,0.12,25.9,3.48,7.35,20.4,22.8,32.4,7.2,65.8,70.35270473,35.53573472,15.82752367,18.98944635,6/20/2024,2.19,73.26,285.75,19.97,7,8,0,0,3,0,3,22.51666667,17.17333333,686.9,3,24.24285714,21.197,1.667333333,28.65,3,3.045857143,3.456149455,6,1,0,25.1,31.2,19,26.09,1.46,13.775,25.03580636,54.02463478,0.257805786,8.507590948,11.17158407,0,0.773417359,0.229160699,21.37842098,63.43315661,0.644791517,3.70396905,9.413956154,0.00716435,0.472847113,0.945694226,6/20/2024
24-2130,14:00,Vint Hill WWTP Influent,38.747077,-77.68635,FLOAT E1,S25,10.59,0.138045491,0.239211038,0.319328238,4.21,0.121639924,7.07,35.49,7.31,0.233742956,0.445695868,0.021172811,4.51,0.078830423,11.11,0.193027803,16.74,5.69,0.644651861,9.66,0.084978675,0.075519351,0.040922637,0.325931571,0.068742737,9.3,0.115704217,0.141572927,0.016950169,27.57,0.050396658,0.012539218,0.058335147,0.02294659,0.052833094,0.005206954,0.416910905,0.026511454,32.06,0.048561313,474,1550,1.58,7.6,46.4,5.07,0.02,101,13.9,15.6,320,108,21.5,273,352,185.30991,109.7801778,22.68419777,52.8455345,7/15/2024,41.78,60.23,188.48,20.03,5,12,2,0,3,0,3,26.42,21.47333333,1035.6,21,30.41571429,31.35866667,2.397,43.78,22,-0.942952381,1.920681151,7,1,0,29.9,36.7,23,43.17,2.95,23.06,55.58739255,22.57879656,12.3782235,3.266475645,5.702005731,0,0.114613181,0.372492837,48.52287394,19.64721067,22.30030116,5.313351499,3.341459917,0,0.143410297,0.731392514,7/15/2024
24-2131,13:30,Vint Hill WWTP Effluent,38.731975,-77.691684,FLOAT E2,S28,9.75,5.69,0.205179153,143.59,0.117357028,0.124349421,0.068947409,112.77,8.87,0.211533539,0.438796212,0.023453425,7.7,0.079201261,10.69,0.189465814,40.53,7.01,0.729317019,0.37776083,0.079601672,0.067976631,0.036290411,0.336277423,0.065050174,0.380495757,2.46,0.136447025,0.019265264,7.01,0.05172147,0.015009827,0.059046346,0.020813123,0.05459825,0.005077346,0.431210246,0.02623708,0.168595158,0.052568003,308,986,9.33,8.052122725,0.05,0.06,1.6,72.4,14.3,11.8,217,114,24,25.05676563,125,360.6416423,330.4450399,16.6393647,13.55723774,7/15/2024,37.32,54.56,180.82,21.06,5,12,2,0,3,0,3,26.24666667,21.34777778,1024.5,21,29.60285714,30.20633333,2.405,42.26,22,-0.60347619,1.806243724,7,1,0,29.9,36.5,23.2,42.63,3.59,23.11,42.86123033,28.26895565,18.19742489,9.985693848,0.486409156,0,0.17167382,0.028612303,42.12863487,34.62970921,13.62269016,7.48460106,1.690302249,0,0.136083656,0.3079788,7/15/2024
24-2122,7:10,UOSA Tributary,38.796984,-77.457145,PF01,S19,56.3,8.89,0.208247663,63.81,3.19,0.1199095,0.075462116,54.27,18.99,0.227417659,0.422684612,0.024637563,14.29,0.081481871,1.99,3.34,18.94,3.5,0.751923637,5.52,0.077398547,0.083642481,0.038758068,1.74,0.069297023,7.82,0.109120876,1.85,0.016540443,0.024181154,0.67,0.013506119,0.063415532,0.027291822,0.055415119,0.005363853,4.27,0.031366967,6.17,0.047564203,97.1,862,7.97,7.925014736,0.06,0.056015664,14.2,83.1,25,9.49,69,129,26.4,6.9,100.7689837,278.1246268,227.2021327,32.40622022,18.51627393,7/15/2024,53.54,72.32,222.14,24.93,5,12,2,0,3,0,3,26.85666667,21.82777778,1067.4,18,31.30285714,31.612,2.852,43.49,20,-0.309142857,2.287738833,7,1,0,30.3,36.8,23.7,43.39,3.39,23.39,53.44431688,29.19058553,2.755453502,9.529276693,4.936854191,0,0.057405281,0.086107922,63.31182796,24.19354839,1.433691756,9.11827957,1.82078853,0,0.086021505,0.035842294,7/15/2024
24-2123,7:05,Bull Run upstream of UOSA,38.797717,-77.45866,PF02,S17,14.69,1.23,0.203623737,27.39,0.91,0.128513965,0.063576329,17.78,7.91,0.223788615,0.447011233,0.024696978,7.68,0.078697592,2.03,18.49,10.35,3.97,0.676254917,5.96,0.079032449,0.07861403,0.039894625,2.14,0.060048045,11.17,0.119448287,1.8,0.017088057,1.08,0.046640734,0.012175454,0.058595116,0.020908686,1.05,0.004219519,4.44,0.031313774,0.170917248,0.056142564,53.5,498,6.47,7.513959547,0.06,0.04,0.29,49.9,2.81,11.2,33.9,68.7,25.6,9.5,93.42918693,142.711202,90.4380434,25.08681874,27.18633982,7/15/2024,53.54,72.32,222.14,24.93,5,12,2,0,3,0,3,26.85666667,21.82777778,1067.4,18,31.30285714,31.612,2.852,43.49,20,-0.309142857,2.287738833,7,1,0,30.3,36.8,23.7,43.39,3.39,23.39,48.61150873,31.5774406,2.776982537,11.30833095,5.553965073,0,0.057257372,0.114514744,62.57255464,24.81547832,1.59082766,9.10784665,1.820136152,0,0.057327123,0.035829452,7/15/2024
24-2124,12:30,South Run,38.7544227,-77.6752321,PF03,S23,14.94,1.28,0.199354757,17.75,0.88,0.121672497,1.36,11.38,5.69,0.217411538,0.417119779,0.024710795,4.92,0.078525531,1.92,2.18,7.35,1.2,0.730335628,2.57,0.08886127,0.072875375,0.037659628,1.37,0.071318957,7.25,0.113053573,0.134802624,0.018249031,0.026835019,0.49,0.013014692,0.065769787,0.02641936,0.054420947,0.00553174,0.441904004,0.029241951,0.167631727,0.051619057,39,182,4.51,7.218816065,0.05,0.03,0.24,30.9,2.16,8.12,27.4,29,25.6,3.9,78.9,85.73833927,62.70007933,14.53011504,8.508144899,7/15/2024,41.78,60.23,188.48,20.03,5,12,2,0,3,0,3,26.42,21.47333333,1035.6,21,30.41571429,31.35866667,2.397,43.78,22,-0.942952381,1.920681151,7,1,0,29.9,36.7,23,43.17,2.95,23.06,31.20526768,15.4881191,49.84254223,3.263670198,0.14314343,0,0.057257372,0,29.91109837,30.84313163,32.06194436,3.061370806,2.609693146,0,0.157728707,1.35503298,7/15/2024
24-2125,11:30,Broad Run at Bradley Forest,38.697913,-77.484825,PF04,S34,7.57,1.04,0.176514791,14.38,0.79,0.12772414,0.066953466,11.41,5.69,0.224857123,0.45742594,0.024518608,5.28,1.65,1.95,1.58,13.32,15.06,0.630102882,4.87,0.88,0.074294313,0.035543506,1.24,0.064192078,36.86,2.63,0.129231215,0.020575147,0.025757576,0.41,0.013728698,0.063438375,0.023724001,0.056081475,0.005410821,4.08,0.03093568,5.68,0.05367741,38.6,227,6.1,7.406853624,0.06,0.02,0.18,26.9,3.16,8.48,15.7,9.75,28.3,1.5,66.2,138.6746872,62.67527743,60.35718849,15.64222133,7/15/2024,56.56,74.61,232.88,27.31,4,13,2,1,3,1,3,26.53666667,21.60555556,1047.9,19,27.59857143,28.62866667,2.015666667,39.73,18,-1.030095238,2.606129055,7,1,0,29.7,36.2,23.3,38.32,1.21,19.765,27.85571142,53.965073,10.392213,7.300314916,0.085886058,0,0.343544231,0.057257372,26.77176639,52.81261197,9.602293085,9.494804729,0.680759584,0.028663561,0.537441777,0.071658904,7/15/2024
24-2126,8:25,Cub Run upstream of US 50,38.909257,-77.466674,PF05,S10,19.01,1.11,0.200953783,67.77,0.81,1.48,0.073453035,37.93,7.09,0.226854834,19.34,0.024441009,14.05,2.09,2.02,136.13,11.69,11.22,0.683717812,4.67,0.62,0.074121338,0.03865945,3.18,0.07536611,19.7,0.115893577,0.142473901,0.82,0.026033147,0.53,0.014179342,0.063723207,0.02660735,0.06133011,0.006765661,0.445742897,0.028678221,0.168078458,0.053371899,44.7,1040,6.61,7.62723214,0.05,0.02,0.18,128,4.07,40.6,45.8,334,26.9,8.7,164.9508227,363.8104451,160.48698,41.75446726,161.5689978,7/15/2024,30.13,60.8,184.49,17.14,7,11,2,0,4,0,4,26.75,21.78666667,1063.6,20,28.88714286,30.50166667,3.758333333,42.66,20,-1.61452381,1.993333698,7,1,0,30.1,36.3,23.8,42.46,4.07,23.265,73.93174649,14.85517637,0.68827072,9.664468024,0.143389733,0,0.716948666,0,69.40619621,23.88841079,0.839070568,4.410499139,0.157773953,0.860585198,0.437464142,0,7/15/2024
24-2127,9:30,Occoquan High Dam,38.6938889,-77.2772222,ST01,S37,14.43,2.35,0.203255497,18.92,1.16,0.126645103,0.066615471,15.62,8.06,0.217819137,0.453499768,0.02282484,5.97,0.07562657,1.88,2.11,7.93,2.22,0.71981629,2.87,0.083757714,0.074908019,0.037514523,1.24,0.067798175,8.14,0.115841229,1.61,0.019001909,0.025667041,0.46,0.014361652,0.056259512,0.021889475,0.062465307,0.007250784,4.11,0.032860179,5.52,0.77,47.1,258,13.3,8.447773627,0.02,0.01,0.91,36.2,6.49,8.22,30.8,40.5,31,3.2,76.7,107.8756782,70.75023309,20.27471294,16.85073216,7/15/2024,30.85,51.46,222.34,16.59,6,11,2,0,3,0,3,26.46666667,21.59111111,1045.5,17,26.54142857,26.18933333,3.324666667,36.64,16,0.352095238,1.964922106,7,1,0,30.1,36,24.2,40.12,4.36,22.24,22.75329136,39.23869491,0.028620492,0.515168861,15.82713223,17.48712078,1.917572982,2.232398397,45.4512894,35.20773639,0.128939828,0.32234957,7.191977077,8.832378223,1.053008596,1.812320917,7/15/2024
24-2128,8:58,Bull Run at Rt 28,38.8030556,-77.4497222,ST45,S15,45.2,6.06,0.236338827,57.93,2.06,0.118608024,1.44,44.46,17.39,0.226490536,0.513622585,0.025844669,12.97,0.54,2.12,9.14,18.73,3.67,0.79794128,6.56,0.088429694,0.082541382,0.038348119,2.34,0.070098093,13.01,0.124955967,0.136679971,0.019326181,1.23,0.48,0.016154907,0.062017219,0.024359468,0.056923254,0.006051987,0.446743679,0.029910598,0.161324386,0.050947499,79.2,722,6.4,7.618030458,0.09,0.03,8.96,66.1,16.1,10,54.6,105,27.6,9.7,87.32556152,248.6636583,197.7838964,34.92684688,15.95291501,7/15/2024,53.54,72.32,222.14,24.93,5,12,2,0,3,0,3,26.85666667,21.82777778,1067.4,18,31.30285714,31.612,2.852,43.49,20,-0.309142857,2.287738833,7,1,0,30.3,36.8,23.7,43.39,3.39,23.39,42.10074413,40.98454493,3.14825415,7.126502576,6.410990269,0,0.085861477,0.143102461,59.5553962,30.46253137,1.039799211,6.905700968,1.821441377,0,0.179275726,0.035855145,7/15/2024
24-2213,13:23,Bull Run Marina,38.7416667,-77.3883333,RE30,S27,31.62,4.86,0.251060887,42.16,1.89,0.136853084,1.41,32.89,13.31,0.229207134,0.42706865,0.026247999,10.09,0.53,1.87,6.48,15.25,3.62,0.696842663,5.37,0.083983734,0.081307562,1.47,2.64,0.063623172,10.54,0.115998978,0.140656974,0.019299181,0.024629406,0.66,0.016805875,0.061508399,0.025627786,0.048070986,0.005708054,4.29,0.027943438,0.174764878,0.053891672,73.4,613,9.23,8.042747645,0.01,0.06104085,6.56,58.9,14.1,9.71,50.7,90.3,30.1,11.6,76.1,193.6611005,147.0202078,28.3183296,18.32256314,7/18/2024,41.01,63.98,244.28,18.99,6,9,2,0,3,0,3,27.27333333,21.99888889,1082.8,21,31.21857143,30.78833333,2.987333333,41.8,21,0.430238095,2.078059871,7,1,4.64,29,36.2,21.9,38,0.86,19.43,8.366762178,76.07449857,1.06017192,3.266475645,10.0286533,0,0.372492837,0.830945559,13.78593448,68.70026525,5.778191985,3.333572299,7.548928239,0,0.415800416,0.437307334,7/18/2024
24-2220,14:04,Occoquan River at Ravenwood Bridge,38.7175,-77.3941667,RE35,S31,8.54,1.3,0.230179958,8.77,0.87,1.61,0.068246208,6.75,5.59,0.218293876,0.468415031,0.025017313,3.07,0.077696493,1.99,1.8,6.17,2.14,0.734207456,1.12,0.085525067,0.072613968,0.034278373,0.337120581,0.067993745,6.07,0.110199054,1.84,0.020227957,0.022634692,0.047735261,0.016988926,0.060790102,0.023569247,0.050319834,0.004058481,0.416995403,0.027193713,0.144899078,0.048311323,33,278,11.2,8.134522052,0.02,0.058967461,1.922186712,26.6,3.13,8.06,21.1,19.4,31.7,11.4,71.4,61.04351114,37.17106426,15.89308348,7.979363394,7/18/2024,36,54.32,227.96,17.52,5,13,2,0,3,0,3,27.25333333,22.01666667,1084.2,21,30.41571429,29.98666667,2.952333333,41.51,20,0.429047619,1.811471765,7,1,5.9,29,36,22,36.7,0.85,18.775,25.03580636,54.02463478,0.257805786,8.507590948,11.17158407,0,0.773417359,0.229160699,21.37842098,63.43315661,0.644791517,3.70396905,9.413956154,0.00716435,0.472847113,0.945694226,7/18/2024
24-2435,8:45,UOSA Tributary,38.796984,-77.457145,PF01,S19,58.81,7.68,0.231852171,63.28,2.62,0.126145428,0.070794703,41.22,20.4,1.85,0.456890178,0.022992839,10.31,1.04,2.46,5.97,21.88,3.17,0.729833823,4.53,0.07818439,0.073750056,1.45,1.62,0.074910077,11.91,1.73,0.155009176,0.020571899,0.027531295,1.16,0.01185348,0.061871803,0.025364395,1.45,0.006110618,9.79,0.031489543,10.08,0.051663784,89.55447084,860,8.06,8.042782099,0.07,0.056062644,21.3,82.1,23.6,8.75,64.6,141.4049783,24.7,5.8,73.79831646,286.6668197,215.2194031,36.8400868,34.60732976,8/19/2024,0.18,97.84,242.5,26.83,11,7,0,0,4,1,4,26.18666667,25.49666667,1394.7,10,25.85428571,26.72166667,1.435666667,45.02,12,-0.867380952,3.661448263,8,1,8.94,25.8,31.9,19.7,24.02,0.76,12.39,53.44431688,29.19058553,2.755453502,9.529276693,4.936854191,0,0.057405281,0.086107922,63.31182796,24.19354839,1.433691756,9.11827957,1.82078853,0,0.086021505,0.035842294,8/19/2024
24-2436,8:40,Bull Run upstream of UOSA,38.797717,-77.45866,PF02,S17,11.93,0.79,0.206203687,15.61,1.22,0.131548786,0.06806522,11.97,6.22,1.88,0.444649219,0.023240563,4.6,0.94,2.52,11.44,13.1,2.88,0.689605751,5.31,0.087012892,2.92,0.037979451,3.77,0.67,16.19,2.43,0.132876551,0.017904763,0.026179485,0.048492639,0.012536978,0.074480807,0.024280352,0.050903103,0.00860006,0.441980471,0.027994331,10.61,0.054795427,33.67499895,363,7.71,7.317100248,0.02,0.04,0.24,34,2.41,8.7,21.1,54.26857647,23.3,28.8,65.21168348,129.6093305,70.88156339,26.53645216,32.19131498,8/19/2024,0.18,97.84,242.5,26.83,11,7,0,0,4,1,4,26.18666667,25.49666667,1394.7,10,25.85428571,26.72166667,1.435666667,45.02,12,-0.867380952,3.661448263,8,1,8.94,25.8,31.9,19.7,24.02,0.76,12.39,48.61150873,31.5774406,2.776982537,11.30833095,5.553965073,0,0.057257372,0.114514744,62.57255464,24.81547832,1.59082766,9.10784665,1.820136152,0,0.057327123,0.035829452,8/19/2024
24-2439,9:45,Cub Run upstream of US 50,38.909257,-77.466674,PF05,S10,17.18,0.79,0.203372429,48.99,1.16,0.123969364,0.067675193,29.63,7.44,1.78,0.478848561,0.025510491,11.52,2.88,2.44,64.17,11.79,8.08,0.789239013,4.3,0.94,5.66,0.034615357,3.25,0.067712488,18.1,2.57,0.141683396,0.28,0.023732855,1.03,0.014347935,0.069124697,0.022514743,1.16,0.005840288,0.446493215,0.031558855,0.174928793,0.055608434,65.07719765,591,7.06,7.40289332,0.04,0.04,0.21,53.8,4.6,15.4,40.6,108.8065047,23.2,9.9,78.813377,247.9167761,132.4328576,37.92989685,77.5540217,8/19/2024,6.53,75.07,188.3,22.95,10,9,0,0,3,0,3,26.13,25.46555556,1391.9,10,25.20428571,26.22033333,2.063666667,43.09,14,-1.016047619,2.863045219,8,1,19.17,25.8,31.3,20.2,22.03,0.92,11.475,73.93174649,14.85517637,0.68827072,9.664468024,0.143389733,0,0.716948666,0,69.40619621,23.88841079,0.839070568,4.410499139,0.157773953,0.860585198,0.437464142,0,8/19/2024
24-2443,11:41,Bull Run at Rt 28,38.8030556,-77.4497222,ST45,S15,29.77,2.62,0.227521167,28.7,1.56,0.120888342,0.062911538,19.63,11.95,1.96,0.484022312,0.024779543,5.92,0.9,2.59,7.53,11.83,2.99,0.649192797,5.88,1.17,0.067070029,1.34,2.41,0.6,14.62,2.16,0.141899113,0.016195897,0.029984521,1.05,0.014530242,0.058617361,0.024498725,1.04,0.005580699,9.71,0.028666875,9.73,0.053447093,41.81991979,480,6.48,7.466072389,0.08,0.03,6.2,42.7,7.95,7.7,32.5,72.01724585,26.1,13.4,63.90827804,179.6698063,111.6086019,31.85748422,36.20372015,8/19/2024,0.18,97.84,242.5,26.83,11,7,0,0,4,1,4,26.18666667,25.49666667,1394.7,10,25.85428571,26.72166667,1.435666667,45.02,12,-0.867380952,3.661448263,8,1,8.94,25.8,31.9,19.7,24.02,0.76,12.39,42.10074413,40.98454493,3.14825415,7.126502576,6.410990269,0,0.085861477,0.143102461,59.5553962,30.46253137,1.039799211,6.905700968,1.821441377,0,0.179275726,0.035855145,8/19/2024
24-2440,11:45,Cedar Creek at Carriage Ford Rd,38.645881,-77.587022,FLOAT F1,S40,0.670461976,0.7,0.211176154,4.16,1.13,0.120334527,1.59,1.64,6.14,1.82,0.463115158,0.02718328,0.447737857,0.07943279,2.47,4.49,0.98,1.98,0.686447108,0.97,0.75,2.4,0.042441548,0.337173556,0.073033072,5.07,1.48,0.134917125,0.017743875,0.025192683,0.93,0.0139535,0.064360115,0.023764539,0.068434348,0.005047935,9.59,0.03209445,9.81,0.053127503,25.19481811,213,10.2,7.739999127,0.02,0.051916426,0,43.1,1.96,17.5,12.6,39.7551133,21.9,6.5,168.9,61.6971731,12.67336053,14.24204305,34.78176952,8/20/2024,5.96,111.54,285.54,38.18,13,5,0,0,3,1,4,25.84,25.23444444,1371.1,9,24.38857143,25.19266667,0.828,43.62,11,-0.804095238,4.427478896,8,1,2.46,22.7,28.9,16.5,18.4,2.84,10.62,6.038923869,9.101316543,78.39152833,6.210646823,0.028620492,0,0.171722954,0.057240985,4.098595586,21.38865004,57.34451132,16.17225566,0.408426483,0,0.551734021,0.035826884,8/20/2024
24-2437,10:00,South Run,38.7544227,-77.6752321,PF03,S23,2.43,0.7,0.230304238,10.69,0.117990122,0.12931179,0.065908923,10.43,6.92,1.82,0.421447642,0.024143058,3.05,2.6,2.48,0.184035457,9.9,17.87,0.691481392,5.1,1.06,0.084185104,0.036566013,0.324474197,0.067984549,25.5,1.91,0.145371424,0.017761863,0.022168407,0.91,0.016272923,0.064855773,0.021566442,0.056226936,0.007197266,0.437637187,0.029298792,0.166564775,0.48,25.13570866,226,6.46,7.276842582,0.08,0.01,0.06,30.2,2.7,9.97,19,59.71824711,22.4,11,54.7,107.2127543,44.79571543,54.18231298,8.234725862,8/20/2024,3.64,128.67,225.35,56.51,12,7,0,0,3,1,4,25.78,25.14888889,1363.4,10,24.54714286,26.053,1.348333333,43.84,11,-1.505857143,4.938778644,8,1,2.1,22.4,28.7,16.2,18.8,3.1,10.95,31.20526768,15.4881191,49.84254223,3.263670198,0.14314343,0,0.057257372,0,29.91109837,30.84313163,32.06194436,3.061370806,2.609693146,0,0.157728707,1.35503298,8/20/2024
24-2438,14:00,Broad Run at Bradley Forest,38.697913,-77.484825,PF04,S34,8.25,0.86,0.223855175,11.3,1.19,0.121402197,0.066455573,9.28,8.49,1.87,0.437238764,0.023224119,2.69,0.079216386,2.64,4.49,7.63,1.96,0.85867554,2.84,0.08683589,0.084321046,0.03837,0.319627697,0.069020345,7.35,1.94,0.145124995,0.018543217,0.02812041,0.98,0.01301934,0.064383588,0.025488818,0.053117422,0.005839842,9.65,0.03133662,9.8,0.059488176,34.92303227,163,3.75,7.03428379,0.05,0.02,0.13,39.2,2.31,10.5,26.5,43.22948901,18.3,6.4,107.9,96.06270516,46.44524912,18.19729261,31.42016344,8/20/2024,5.79,126.46,265.73,31.42,14,5,0,0,4,1,4,25.78333333,25.22333333,1370.1,9,22.32142857,22.93633333,0.643,40.45,10,-0.614904762,5.51352294,8,1,1.55,23,28.9,17,17.62,3.77,10.695,27.85571142,53.965073,10.392213,7.300314916,0.085886058,0,0.343544231,0.057257372,26.77176639,52.81261197,9.602293085,9.494804729,0.680759584,0.028663561,0.537441777,0.071658904,8/20/2024
24-2454,10:50,Rocky Run at Stringfellow Rd,38.868256,-77.40711,FLOAT G1,S11,2.01,0.76,0.232835832,11.55,0.115691013,0.124261017,0.069696799,9.35,7.12,1.88,0.450191028,1.22,4.38,0.078017612,2.58,0.192980172,10.06,1.88,0.725056137,10.52,0.085608874,0.071102589,0.034923046,1.74,0.57,8.91,2.98,0.143836521,0.018597999,0.026297122,0.95,0.016167561,0.064177023,0.026222841,0.05786129,0.005285154,9.8,0.024684293,0.161137994,0.054108669,37.02195456,285,8.08,7.126921885,0.03,0.02,0.28,17.1,1.67,6.14,24.9,23.31388911,19.1,23.57608215,54.87820445,91.03874058,53.61402645,19.50373656,17.92097758,8/21/2024,23.25,101.54,235.87,24.62,12,7,1,0,4,0,4,25.98,25.40777778,1386.7,10,24.55285714,26.631,1.768666667,43,14,-2.078142857,3.812849686,8,1,0.13,17,23.3,10.7,17.14,2.11,9.625,91.10473458,4.992826399,0,3.902439024,0,0,0,0,89.72043011,8.996415771,0,1.283154122,0,0,0,0,8/21/2024
24-2442,12:45,Occoquan High Dam,38.6938889,-77.2772222,ST01,S37,17.32,2.5,0.245636409,24.98,1.73,0.13016612,0.06561962,19.36,8.39,1.9,0.414082004,0.024242636,5.64,1.29,2.5,5.88,11.6,3.14,0.692455709,3.75,0.81,0.069076066,0.033669619,0.318144048,0.67,9.22,1.73,0.12783103,0.01607656,0.030508881,0.93,0.01451362,0.060886038,0.031387506,0.057472914,0.005370018,9.6,0.031104083,0.165808158,0.053826004,45.67715108,276,9.86,8.012099221,0.07,0.050819378,1.65,42.3,8.94,8.82,35.8,58.7336739,26.9,5.9,77.4,135.527877,89.07701188,23.06942137,23.38144379,8/21/2024,5.53,96.54,233.71,36.58,12,5,0,0,2,1,2,25.72333333,25.20555556,1368.5,10,20.07,21.532,2.04,38.47,10,-1.462,4.483559354,8,1,0,17.3,22.9,11.7,15.59,2.75,9.17,22.75329136,39.23869491,0.028620492,0.515168861,15.82713223,17.48712078,1.917572982,2.232398397,45.4512894,35.20773639,0.128939828,0.32234957,7.191977077,8.832378223,1.053008596,1.812320917,8/21/2024
24-2522,9:36,Bull Run Marina,38.7416667,-77.3883333,RE30,S27,20.74,2.52,0.249050801,31.31,1.6,0.115963579,0.070273511,21.33,9.9,1.73,0.450765033,0.023597672,6.66,1.53,2.53,8.07,11.63,4.17,0.71759146,5.57,0.89,0.076229405,0.039697977,1.24,0.067408908,10.84,1.86,0.147218312,0.01669035,0.028947198,0.04788984,0.01255165,0.062205856,0.022998511,1.21,0.005818161,0.442906864,0.02725838,9.82,0.048967763,56.9,505,7.77,7.62865395,0.03,0.02,7.05,56.8,9.86,11.1,39.2,94.1,24,6,76.8,157.8240312,105.7611531,27.55887466,24.50400352,8/22/2024,7.4,114.7,256.78,29.91,12,5,0,0,4,1,4,25.53333333,25.21888889,1369.7,9,21.6,24.15566667,1.674666667,41.92,10,-2.555666667,4.748368223,8,1,0,17.5,24.4,10.5,20.42,1.52,10.97,8.366762178,76.07449857,1.06017192,3.266475645,10.0286533,0,0.372492837,0.830945559,13.78593448,68.70026525,5.778191985,3.333572299,7.548928239,0,0.415800416,0.437307334,8/22/2024
24-2529,8:40,Occoquan River at Ravenwood Bridge,38.7175,-77.3941667,RE35,S31,6.23,0.93,0.215785075,11.21,1.14,0.11571593,0.071532361,7.5,5.29,0.225285335,0.478364411,0.025002251,3.05,0.99,2.54,4.43,5.04,1.79,0.734547174,2.31,0.87,0.069373379,0.037456433,0.340206642,0.8,7.84,0.115349378,0.141891896,0.017105731,0.023809518,0.048736466,0.013796611,0.070252231,0.023726594,0.052895391,0.005133827,0.436562259,0.029714905,9.51,0.056331188,31.6,282,6.14,7.370503466,0.05,0.034858093,2.054853845,30.5,2.78,8.6,21.6,31.3,24.8,8.4,77.7,74.81857498,38.01251316,17.00665691,19.79940491,8/22/2024,6.7,107.88,243.82,30.71,13,5,0,0,4,1,4,25.51333333,25.21,1368.9,8,20.97285714,23.26066667,1.716,40.91,10,-2.287809524,4.637872231,8,1,0,17.7,24.5,10.9,20.59,1.74,11.165,25.03580636,54.02463478,0.257805786,8.507590948,11.17158407,0,0.773417359,0.229160699,21.37842098,63.43315661,0.644791517,3.70396905,9.413956154,0.00716435,0.472847113,0.945694226,8/22/2024
24-2907,9:50,Outfall 4 to Flat Branch,38.7733889,-77.4924722,FLOAT A2,S22,14.73,1.37,0.241681277,2.88,1.3,0.128141557,0.066497085,0.236988298,0.11144635,0.215971917,0.435189481,0.02282169,0.450410633,0.075120574,3.07,0.181038423,0.439058964,0.241322899,0.659483818,0.367158695,0.085178347,0.076736578,0.038526423,0.340394789,0.068987848,0.377955371,0.112684449,0.144058094,0.020173474,0.027057268,0.046360864,0.011488226,0.063372912,0.025027957,0.053608475,0.005810072,0.414117375,0.027663276,0.157144703,0.051618162,69.8,352,10.5,7.963734868,1.717980136,0.217681157,1.67,110,6.898472973,28.4,36.8,153,15.8,25.98199362,201.9,29.37029632,22.37073448,1.120403053,5.879158788,9/16/2024,0,67.97,251.22,48.86,4,14,0,0,1,1,1,21.93,25.20777778,1368.7,4,25.22142857,23.24833333,1.076333333,43.86,4,1.973095238,2.923650441,9,1,0,21.1,28.4,13.7,23.26,1.19,12.225,99.85685657,0.14314343,0,0,0,0,0,0,95.90886294,1.304005159,1.296840295,0.336748585,0.057318908,0.952926847,0.14329727,0,9/16/2024
24-2908,9:10,Outfall 2 to Cannon Branch,38.747304,-77.503443,FLOAT A3,S24,7.71,1.51,0.211122567,4.24,1.34,1.64,0.070571851,2.11,1.49,0.224817099,0.473540648,0.024774133,1.49,0.080646793,2.96,2.68,1.5,3.77,25.67,1.36,0.095620297,0.07309798,0.037320386,0.338613941,0.071853088,7.71,0.115478566,0.148856317,0.019237757,0.025977814,0.051288785,0.014774782,0.068104036,0.021140209,0.046028978,0.005309862,0.428216167,0.029619539,0.171008464,0.055272566,100,323,10,8.250853305,1.439656245,0.186676521,0.59,104,1.02,21.6,23.9,22.4,17.2,7.1,228.4,70.08229262,21.85420333,13.38036015,34.84772914,9/16/2024,0,68.28,269.83,53.87,5,13,0,0,1,1,1,21.76666667,24.98333333,1348.5,4,23.97428571,21.79733333,1.066666667,39.56,6,2.176952381,3.132493271,9,1,0,20.9,28,13.9,22.17,1.4,11.785,93.8769671,3.776824034,0.801144492,0.457796853,1.087267525,0,0,0,93.61610661,3.095221036,1.089059253,1.5117862,0.67349717,0,0.014329727,0,9/16/2024
24-2900,8:05,UOSA Tributary,38.796984,-77.457145,PF01,S19,54.37,7.39,0.263557366,41.39,2.7,0.119789641,2.75,30.39,16.06,0.212317859,0.385175812,0.024608388,10.27,0.8,2.97,0.188747174,36.4,4.63,24.76,5.44,0.080434333,0.084702657,0.039080288,2.69,0.065774961,7.94,0.117050734,0.153772817,0.01732304,0.028597405,0.048367848,0.011501211,0.054197227,0.022844777,0.048972688,0.004832985,0.418385494,0.025239135,0.156561306,0.055181099,87.8,812,8.19,7.533279934,0.08,0.01,11.2,69.8,24.7,9.55,64.7,120,20.5,6.1,91.09166257,253.5770162,191.2888181,29.74531755,32.54288064,9/16/2024,0,54.48,233.02,37.87,5,13,0,0,1,1,1,22,25.26555556,1373.9,3,24.75857143,23.03033333,1.223,44.1,4,1.728238095,2.365575835,9,1,0,21,28.2,13.9,22.53,1.31,11.92,53.44431688,29.19058553,2.755453502,9.529276693,4.936854191,0,0.057405281,0.086107922,63.31182796,24.19354839,1.433691756,9.11827957,1.82078853,0,0.086021505,0.035842294,9/16/2024
24-2901,8:00,Bull Run upstream of UOSA,38.797717,-77.45866,PF02,S17,15.18,1.42,0.21092152,20.27,1.33,0.123686193,0.069813158,11.74,7.61,0.235312097,0.514935849,0.023948988,6.98,1.35,3.24,0.203357288,16.42,7.35,0.68297117,3.82,0.089077068,0.075295265,0.037990788,0.330901007,0.063800872,8.79,0.128167232,0.140321886,0.018499774,0.023618165,0.050165582,0.017667471,0.072221468,0.014980117,0.053686801,0.005007825,0.458249155,0.0292358,0.176619553,0.049227899,46.3,842,7.88,7.722669637,0.04,0.02,0.11,112,2.76,23.2,33.9,238,18,1.6,123.9250218,109.39968,77.76859467,25.40950313,6.221582189,9/16/2024,0,54.48,233.02,37.87,5,13,0,0,1,1,1,22,25.26555556,1373.9,3,24.75857143,23.03033333,1.223,44.1,4,1.728238095,2.365575835,9,1,0,21,28.2,13.9,22.53,1.31,11.92,48.61150873,31.5774406,2.776982537,11.30833095,5.553965073,0,0.057257372,0.114514744,62.57255464,24.81547832,1.59082766,9.10784665,1.820136152,0,0.057327123,0.035829452,9/16/2024
24-2902,12:00,South Run,38.7544227,-77.6752321,PF03,S23,10.97,1.37,0.210099019,13.24,1.28,0.120580027,0.072762481,7.89,6.29,0.236083987,0.408018926,0.027346215,3.84,1.78,3.01,0.197108925,13.88,25.24,24.64,5.07,1.15,3.94,0.034427504,0.97,0.064019497,23.28,0.122105759,0.136220247,0.018190569,0.037804456,0.048690634,0.016206426,0.056710471,0.021592488,0.057421301,0.005466684,10.1,0.027748317,10.6,0.051506157,48.4,136,7.37,7.308848888,0.07,0.01,0.33,29.2,2.98,9.61,17.9,9.61,17.9,1.3,71.9,170.5101101,58.78404199,57.96502263,53.76104547,9/16/2024,0,76.37,265.07,60.95,5,13,0,0,1,1,1,21.56333333,24.84444444,1336,4,23.04285714,21.758,1.120666667,40.27,5,1.284857143,3.509973343,9,1,0,20.5,27.5,13.5,20.49,1.21,10.85,31.20526768,15.4881191,49.84254223,3.263670198,0.14314343,0,0.057257372,0,29.91109837,30.84313163,32.06194436,3.061370806,2.609693146,0,0.157728707,1.35503298,9/16/2024
24-2903,11:00,Broad Run at Bradley Forest,38.697913,-77.484825,PF04,S34,13.74,1.49,0.204303592,14.09,1.33,0.126584409,0.071168879,7.81,7.4,0.215785937,0.41637505,0.02165201,4.12,0.54,2.95,2.95,11.81,1.48,23.47,2.35,0.085644356,0.087714443,0.038471406,0.324589862,0.064477604,5.45,0.115296414,0.135470914,0.016471951,0.027543051,0.046745138,0.012315776,0.061926969,0.023362668,0.055505237,0.006594417,0.415681947,0.026538886,0.180009088,0.047570035,24.2,137,6.44,7.251880926,0.01,0.028705977,0.03,28.9,3.2,7.78,18.3,26.7,21,9.5,80.7,103.8078,57.32486153,15.17151209,31.31142642,9/16/2024,0,83.86,290.96,67.75,7,13,0,0,1,1,1,21.7,24.92222222,1343,4,23.66285714,21.20366667,0.994,37.27,6,2.459190476,3.954976341,9,1,0,20.8,27.8,13.9,21.92,1.44,11.68,27.85571142,53.965073,10.392213,7.300314916,0.085886058,0,0.343544231,0.057257372,26.77176639,52.81261197,9.602293085,9.494804729,0.680759584,0.028663561,0.537441777,0.071658904,9/16/2024
24-2904,9:05,Cub Run upstream of US 50,38.909257,-77.466674,PF05,S10,14.54,1.37,0.192214272,22.49,1.28,0.120492532,0.072081826,14.08,5.75,0.23185968,0.403991897,0.023528988,9.66,2.99,3.01,9.05,10.98,12.96,21.89,1.8,0.085234434,3.96,0.037642751,0.326445951,0.071919733,13.99,0.117546521,0.143633917,0.017263502,0.023864822,0.04910717,0.016442867,0.064552961,0.017689333,0.055718708,0.006561629,0.437310565,0.028852161,10.66,0.053012538,34.8,1170,6.65,7.319641232,0.21,0.02,1.16,146,2.79,49.2,44.3,413,19.3,7.2,172.5269259,163.0569688,76.78812896,36.00035467,50.26848512,9/16/2024,0,70.11,213.66,37.69,5,14,0,0,2,1,2,21.86333333,25.16222222,1364.6,4,23.57428571,22.07966667,1.583666667,41.55,4,1.494619048,3.175319676,9,1,0,21,28,14.1,21.68,1.74,11.71,73.93174649,14.85517637,0.68827072,9.664468024,0.143389733,0,0.716948666,0,69.40619621,23.88841079,0.839070568,4.410499139,0.157773953,0.860585198,0.437464142,0,9/16/2024
24-2905,13:30,Occoquan High Dam,38.6938889,-77.2772222,ST01,S37,24.83,3.16,0.199956638,26.57,1.77,0.113154751,0.064538046,18.61,9.51,0.224192792,0.44031532,0.026536731,6.43,0.080853446,3.03,3.25,17.63,3.49,0.645723894,4.52,0.081210548,0.07045173,0.041456878,0.321819015,0.067927257,9.68,0.120208233,0.135831995,0.01870162,0.031055701,0.047534104,0.014141509,0.070611909,0.023252934,0.046587518,0.005961701,10.38,0.022453609,11.24,0.050788915,48.8,190,3.9,7.395899409,0.27,0.045660174,1.65,41,7.99,8.41,32.8,53,23.6,2.4,73.2,157.0652668,104.1102824,23.06649049,29.88849393,9/16/2024,0,62.75,211.84,42.79,6,13,0,0,1,1,1,21.8,24.95222222,1345.7,4,22.03142857,19.446,1.467666667,35.99,5,2.585428571,3.226884706,9,1,0,21,27.2,14.7,19.22,1.6,10.41,22.75329136,39.23869491,0.028620492,0.515168861,15.82713223,17.48712078,1.917572982,2.232398397,45.4512894,35.20773639,0.128939828,0.32234957,7.191977077,8.832378223,1.053008596,1.812320917,9/16/2024
24-2906,10:19,Bull Run at Rt 28,38.8030556,-77.4497222,ST45,S15,47.55,6.59,0.22834706,39.89,2.74,0.12753158,0.063564498,29.16,16.26,0.22357675,0.44437432,0.024099366,9.23,0.62,0.157806993,3.35,30.15,5.49,0.757091341,3.93,0.084034413,0.07877306,0.035832213,0.330775255,0.068483998,7.27,0.116946758,0.143649608,0.017426697,0.021487539,0.046929797,0.013462292,0.063431877,0.026052279,0.048604377,0.005620137,15.33,0.026110821,17.57,0.054708155,82.4,819,7.15,7.612715265,0.09,0.03,9.58,73.9,21.3,11.4,59.7,136,22.1,3.2,92.10159459,238.3387212,169.8212458,29.95434479,38.56313059,9/16/2024,0,54.48,233.02,37.87,5,13,0,0,1,1,1,22,25.26555556,1373.9,3,24.75857143,23.03033333,1.223,44.1,4,1.728238095,2.365575835,9,1,0,21,28.2,13.9,22.53,1.31,11.92,42.10074413,40.98454493,3.14825415,7.126502576,6.410990269,0,0.085861477,0.143102461,59.5553962,30.46253137,1.039799211,6.905700968,1.821441377,0,0.179275726,0.035855145,9/16/2024
24-2979,8:51,Bull Run Marina,38.7416667,-77.3883333,RE30,S27,43.03,6.06,0.220171816,37.56,2.25,0.129278504,0.072887675,26.61,14.48,0.226075391,0.492842029,0.022356764,8.57,0.63,2.96,3.09,22.64,4.86,23.21,0.379287384,0.093884952,0.080698364,0.038136058,0.3327805,0.07038124,8.47,0.116739199,0.130618732,0.01721622,0.03285382,0.049282798,0.016372256,0.062652664,0.024280049,0.05112872,0.006093006,0.409882154,0.028906524,9.92,0.056020968,80.1,686,7.85,7.891281933,0.05,0.02,9.22,73.2,20,11.3,57.8,132,22.6,4.4,89.7,217.5008278,147.6954423,28.75082198,41.05456352,9/19/2024,10.73,60.54,245.94,39.96,5,15,0,0,1,1,2,21.39,24.87333333,1338.6,4,20.09,21.08566667,1.251,40.41,5,-0.995666667,2.871144695,9,1,10.37,20.9,23,18.8,4.93,0.5,2.715,8.366762178,76.07449857,1.06017192,3.266475645,10.0286533,0,0.372492837,0.830945559,13.78593448,68.70026525,5.778191985,3.333572299,7.548928239,0,0.415800416,0.437307334,9/19/2024
24-3368,12:37,Cedar Run Below Biosolids,38.6366834,-77.6255308,FLOATH1,S41,9.45,1.5,0.231928346,5.93,1.84,0.140459139,0.065082536,3.73,4.07,0.2193956,0.416412612,0.026279036,2.62,0.076935897,3.39,0.189846077,2.12,1.67,24.25,1.35,0.86,3.34,0.041443668,0.334290561,0.073752685,2.13,0.12785341,0.139041455,0.019499984,0.02543306,0.047376516,0.013380247,0.066500099,0.022825544,1.29,0.006072226,0.407496197,0.024793571,0.163126491,0.048422422,24.9,254,11,7.480017805,0.023210491,0.01,0.07,29.2,3.03,8.88,14.3,32.7,11.6,1.6,108.9,72.46764738,30.38407713,9.034034388,33.04953586,10/21/2024,0,61.14,282.33,15.87,11,15,0,0,2,0,2,17.26666667,21.31888889,1022.1,0,15.62285714,13.16033333,0.718666667,26.94,0,2.46252381,4.645778982,10,1,0,14.2,25,3.4,25.38,0.43,12.905,9.730967373,39.46765884,42.15798512,7.269605037,0.286204923,0,0.772753291,0.314825415,6.255374033,37.64689023,44.99856692,10.06735454,0.164803669,0,0.673545428,0.193465176,10/21/2024
24-3367,10:30,Fairfax Landfill,38.848272,-77.386937,FLOATI1,S13,69.84,1.83,0.236665649,75.22,2.07,0.124315972,0.06694996,48.22,5.78,0.225944999,26.85,0.024051097,19.07,2.54,4.66,7.71,21.88,7.21,0.79813578,16.61,1.11,0.0681776,0.040088014,2.18,0.065434504,8.83,0.12975733,0.1359619,0.019389669,0.025549703,0.045095421,0.010729201,0.065380963,3.72,0.052265009,0.007681056,9.47,0.65,8.9,0.052431172,520,1880,7.18,6.845535024,4.43,0.412005655,0.15,128,18.1,61.3,126,14.6,11.5,9.4,186.3970727,346.544005,257.192953,29.38781292,59.96323907,10/21/2024,0,62.94,239.5,16.04,9,18,0,0,2,0,2,16.84666667,21.10111111,1003.7,0,13.93428571,11.36433333,0.504666667,23.02,0,2.569952381,5.538380313,10,1,0,13.6,23.8,3.4,21.47,0.34,10.905,87.97939325,11.99198626,0,0,0.028620492,0,0,0,86.93751791,12.5609057,0.042992261,0.329607337,0.078819146,0,0,0.050157638,10/21/2024
24-3360,11:45,UOSA Tributary,38.796984,-77.457145,PF01,S19,49.18,8.29,0.255152381,38.5,3.88,0.12868089,0.071503544,30.3,11.37,0.204525593,0.419571644,0.028534536,9.55,1.3,3.75,4.64,15.15,2.84,27.37,5,0.97,0.076137985,0.033502562,0.331705112,0.069793289,5.16,0.11185601,0.137972889,0.019151828,0.030599271,0.051540618,0.012130893,0.059164416,0.02126238,0.05322214,0.004650536,9.98,0.028041951,9.11,0.49,97.7,825,8.84,7.743797159,0.03,0.043298387,8.22,68.3,23.4,7.6,66.5,103,19.7,7.5,88.69558695,238.9787005,160.4365469,21.86370306,56.67845046,10/21/2024,0,72.3,242.14,23.54,9,18,0,0,2,0,2,17.30666667,21.57888889,1045.3,0,15.66714286,12.94966667,0.606666667,25.42,0,2.71747619,5.583155294,10,1,0,14.1,24.8,3.4,24.33,0.31,12.32,53.44431688,29.19058553,2.755453502,9.529276693,4.936854191,0,0.057405281,0.086107922,63.31182796,24.19354839,1.433691756,9.11827957,1.82078853,0,0.086021505,0.035842294,10/21/2024
24-3361,11:40,Bull Run above UOSA,38.797717,-77.45866,PF02,S17,14.48,1.78,0.230270931,15.74,2.1,0.129540631,2.32,10.31,6.61,0.22572665,0.440073654,0.025760799,6.31,1.41,4.13,5.2,6.96,4.71,0.70729289,2.55,1,0.068603696,0.033204472,0.334484295,0.071765421,5.64,0.113233211,0.133303466,0.019285489,0.029659207,0.050201032,0.012079138,0.066045211,0.023923652,0.056098339,0.005254654,0.432062662,0.029166455,9.27,0.059250749,47.1,808,10.2,7.94384802,0.02,0.05,0.37,107,2.79,23.3,33.7,213,17,6.966432554,137.9226564,103.8162867,60.82952026,19.5896072,23.39715924,10/21/2024,0,72.3,242.14,23.54,9,18,0,0,2,0,2,17.30666667,21.57888889,1045.3,0,15.66714286,12.94966667,0.606666667,25.42,0,2.71747619,5.583155294,10,1,0,14.1,24.8,3.4,24.33,0.31,12.32,48.61150873,31.5774406,2.776982537,11.30833095,5.553965073,0,0.057257372,0.114514744,62.57255464,24.81547832,1.59082766,9.10784665,1.820136152,0,0.057327123,0.035829452,10/21/2024
24-3362,11:56,South Run downstream of Vint Hill,38.7544227,-77.6752321,PF03,S23,10.57,1.5,0.234760551,0.335290186,0.112164799,0.128720621,0.064375704,6.03,4.65,0.226020729,0.44515292,0.024241466,3.34,1.8,3.84,0.198335232,5.74,14.87,24.08,3.22,0.082913349,0.06829828,0.03739122,0.83,0.06993107,20.11,1.27,0.14243174,0.94,0.024492584,0.052219457,0.01381756,0.066002299,0.020979891,0.052710278,0.00676289,0.434247397,0.029021502,8.11,0.052144592,41.5,258,7.88,6.932801279,0.042199281,0.01,0.18,26.8,2.6,9.27,16.6,10.2,12.6,21.76092275,68.5,113.8224263,33.09066015,42.6611469,38.07061927,10/21/2024,0,119.13,332.47,60.8,10,17,0,0,3,1,3,17.13666667,21.23555556,1013.4,0,14.19,11.831,0.717666667,24.24,0,2.359,10.06930944,10,1,0,14.9,24.4,5.3,23.2,0.81,12.005,31.20526768,15.4881191,49.84254223,3.263670198,0.14314343,0,0.057257372,0,29.91109837,30.84313163,32.06194436,3.061370806,2.609693146,0,0.157728707,1.35503298,10/21/2024
24-3363,11:00,Broad Run at Bradley Forest,38.697913,-77.484825,PF04,S34,13.98,1.71,0.218442704,7.97,1.99,0.132599381,0.073496467,5.94,5.69,0.229096869,0.430965632,0.025702997,3.57,1.17,4.04,4,3.91,2.48,0.681524101,1.57,0.83,0.090418095,0.033245643,0.326504535,0.069318768,4.69,0.113968285,0.145220355,1.03,0.026925636,0.047981088,0.011474338,0.060031418,0.024806221,0.055645266,0.004694739,0.448572118,0.030025825,8.48,0.052092192,29,300,9.74,7.227754976,0.04,0.040959509,0.07,35.8,3.36,10.3,21,31.9,12.4,5.5,96.6,76.38275267,41.22307514,16.10189865,19.05777888,10/21/2024,0,68.49,294.93,17.32,10,17,0,0,2,0,2,17.16,21.30777778,1021.7,0,14.60571429,12.19366667,0.566666667,23.79,0,2.412047619,5.616850277,10,1,0,13.8,24.2,3.4,22.18,0.26,11.22,27.85571142,53.965073,10.392213,7.300314916,0.085886058,0,0.343544231,0.057257372,26.77176639,52.81261197,9.602293085,9.494804729,0.680759584,0.028663561,0.537441777,0.071658904,10/21/2024
24-3364,8:30,Cub Run above US50,38.909257,-77.466674,PF05,S10,18.79,1.86,0.213552135,37.98,2.22,0.127440142,0.069530924,20.99,5.12,0.225496904,0.375643513,0.02508372,10.11,2.86,4.58,52.52,7.09,12.72,0.694282268,2.97,0.080263487,4.71,0.039550471,0.322145981,0.074233449,12.91,0.131426235,0.149675263,0.01595817,0.020710697,0.04522436,0.016672239,0.060787372,0.027581449,0.05382262,0.005827416,10.61,0.028275723,0.163902127,0.055257963,29.7,1320,9.83,7.614687943,0.01,0.01,1.31,176,2.82,59.2,43.2,543,13.4,3.7,169.0775996,211.0623446,102.5988929,33.93106174,74.53238998,10/21/2024,0,71.79,220.25,34.26,9,18,0,0,2,1,2,17.07,21.43222222,1032.1,0,14.64142857,11.948,0.730333333,23.7,0,2.693428571,6.008536994,10,1,0,14.7,24.4,5,23.09,0.54,11.815,73.93174649,14.85517637,0.68827072,9.664468024,0.143389733,0,0.716948666,0,69.40619621,23.88841079,0.839070568,4.410499139,0.157773953,0.860585198,0.437464142,0,10/21/2024
24-3365,13:30,Occoquan High Dam,38.6938889,-77.2772222,ST01,S37,28.93,3.19,44.74,21.59,2.36,0.128596549,0.071943172,16.81,7.67,0.217030623,0.449354736,0.022065593,5.89,1.17,3.49,4.73,11.23,2.66,0.645201421,4.18,0.083525938,0.090969464,0.039854302,0.315649107,0.072391636,6.61,0.117554747,0.134181544,0.018104326,0.023562311,0.047163512,0.011242697,0.060777076,0.024060634,0.05940818,0.00487902,9.66,0.025777121,9.12,0.53,47.4,345,5.76,7.205959712,0.01,0.003047535,1.89,41.9,8.33,8.61,31.8,57.9,17.9,3.8,76.5,187.2232937,94.75695142,18.40805975,74.05828254,10/21/2024,0,63.73,241.33,16.86,9,18,0,0,1,0,1,17.40333333,21.42888889,1030.1,0,14.53142857,11.33766667,0.746333333,22.79,0,3.193761905,5.621086055,10,1,0,14.5,24.1,4.9,22.44,0.52,11.48,22.75329136,39.23869491,0.028620492,0.515168861,15.82713223,17.48712078,1.917572982,2.232398397,45.4512894,35.20773639,0.128939828,0.32234957,7.191977077,8.832378223,1.053008596,1.812320917,10/21/2024
24-3366,12:09,Bull Run at Rt 28,38.8030556,-77.4497222,ST45,S15,42.18,6.58,44.94,34.91,3.62,0.13130553,0.070868522,27.37,10.54,0.219452771,0.481263693,0.023197701,8.85,1.41,3.71,4.51,13.18,2.86,0.714733269,3.48,0.084531798,0.073181421,0.033949913,1.87,0.068236055,4.69,0.122245921,0.138700794,0.019523684,0.028843823,0.049819717,0.011300929,0.067175734,4.03,0.054887794,0.006618175,14.72,0.7,15.17,0.62,86,829,9.45,7.66661803,0.09,0.03,6.4,75.8,18.1,11.2,57.4,127,18.7,1.8,94.6352295,252.3398372,142.3131533,23.81387308,86.21281089,10/21/2024,0,72.3,242.14,23.54,9,18,0,0,2,0,2,17.30666667,21.57888889,1045.3,0,15.66714286,12.94966667,0.606666667,25.42,0,2.71747619,5.583155294,10,1,0,14.1,24.8,3.4,24.33,0.31,12.32,42.10074413,40.98454493,3.14825415,7.126502576,6.410990269,0,0.085861477,0.143102461,59.5553962,30.46253137,1.039799211,6.905700968,1.821441377,0,0.179275726,0.035855145,10/21/2024
24-3444,7:45,Bull Run Marina,38.7416667,-77.3883333,RE30,S27,39.16,6.06,0.203782074,32.32,3.09,0.123019625,2.05,23.96,10.12,0.208516857,0.412447699,0.026177703,8.82,1.36,3.62,4.19,13.64,3.42,0.690532011,3.84,0.86,0.085445259,1.01,2.01,0.067451068,6.86,1.16,0.138313221,0.018184386,0.025378384,0.047881416,0.014168843,0.069920354,0.020113707,0.052970961,0.00685504,9.25,0.030391857,0.177989649,0.055669063,81.1,660,10.8,7.786260119,0.01,0.044618144,5.27,68.5,15.9,11,53,118,16,6.4,105.1,179.2752092,134.2082697,22.8438129,22.22312658,10/24/2024,0,54.45,234.15,16.48,8,21,0,0,1,0,1,16.64,21.07555556,999.9,0,20.01142857,13.42866667,0.587,27.5,2,6.582761905,4.054758477,10,1,0,17,26.3,7.7,22.96,0.72,11.84,8.366762178,76.07449857,1.06017192,3.266475645,10.0286533,0,0.372492837,0.830945559,13.78593448,68.70026525,5.778191985,3.333572299,7.548928239,0,0.415800416,0.437307334,10/24/2024
24-3451,12:00,Occoquan River Ravenwood Bridge,38.7175,-77.3941667,RE35,S31,12.72,1.57,0.174672655,0.312300935,1.85,0.132659386,0.062417725,7.58,3.88,3.06,0.537514836,0.023419676,3.73,0.082478326,3.22,5.46,4.43,1.2,0.712052992,1.78,0.090739728,0.072242971,0.042607625,0.328474966,0.070277118,4.38,0.118421769,0.143234285,0.94,0.026017494,0.050537068,0.010899694,0.066988538,0.027338337,0.049083628,0.006761315,8.58,0.028651457,0.15738243,0.051652715,19.8,185,9.08,7.179709805,0.01,0.04264279,0.3,18.4,3.77,5.51,12.8,14.3,16.9,8.8,53.4,67.75882767,34.56128733,10.78487136,22.41266898,10/24/2024,0,53.49,246.46,16.86,8,21,0,0,2,0,2,16.70333333,21.09,1000.7,0,18.98142857,12.93933333,0.616666667,25.87,0,6.042095238,4.13390695,10,1,0,16.9,25.8,8,21.58,0.76,11.17,25.03580636,54.02463478,0.257805786,8.507590948,11.17158407,0,0.773417359,0.229160699,21.37842098,63.43315661,0.644791517,3.70396905,9.413956154,0.00716435,0.472847113,0.945694226,10/24/2024
24-3578,10:59,Wellington Rd. Opposite Sheetz,38.7829185,-77.5653159,FLOATJ1,S21,25.12,0.45,0.203851377,11.24,0.39,0.1309369,0.064334714,16.32,7.03,0.219855308,0.490296922,0.025592665,4.94,1.21,0.172925826,1.4,7.78,4.41,0.633289882,1.38,0.080157329,0.080544488,0.035162966,0.336147326,0.073292044,8.73,0.10370934,0.140991586,0.018518986,0.024208238,0.045753853,0.013354627,0.068349798,0.021964707,0.055790896,0.006030298,0.439516472,0.023138535,2.55,0.051798646,116,534,2.26,7.011788012,0.09,0.02,0.2,77.3,12.8,26.6,63.7,43.6,14.8,47.3,224.6457672,96.50951373,68.2082056,21.6866102,6.614697934,11/18/2024,19,19,214.7,11.93,2,23,1,0,1,0,1,13.03333333,17.46555556,694.9,0,9.557142857,16.12433333,0.894,30.9,2,-6.567190476,1.178343291,11,0,0,8.1,15,1.1,9.19,0.34,4.765,80.30910132,14.33886663,1.058958214,2.26101889,0.028620492,0,0.744132799,1.25930166,78.95227175,14.10348287,1.003296546,3.647699584,0.186326501,0.143328078,1.447613588,0.515981081,11/18/2024
24-3579,12:55,Mill Run above Beach Rd,38.654415,-77.7829487,FLOATK1,S39,4.86,0.39,0.190550613,0.321506726,0.35,0.129568785,0.059910283,2.24,13.07,0.217711435,0.487010261,0.023702848,1.17,0.95,0.172958569,1.13,1.55,1.54,0.701139074,0.369380126,0.084916578,0.08788455,0.033924202,0.328670175,0.068558106,1.39,0.121113006,0.127067563,0.017570735,0.025097331,0.045701943,0.016228692,0.070459346,0.022631815,0.056991613,0.005044607,0.464293585,0.029081644,0.159562684,0.05344558,9.57,140,9.53,7.153287051,0,0.01,0.03,14.3,2.54,5.8,7.84,15.75887785,12.2,7.2,58.07900336,33.13168247,11.85321832,17.24716284,4.031301313,11/18/2024,18.45,19.35,247.95,12.72,2,23,1,0,1,0,1,12.68333333,16.96555556,651.4,0,10.56,16.24033333,0.749666667,27.25,2,-5.680333333,1.191478007,11,0,0,7.8,15.7,-0.1,9.99,0.21,5.1,8.139868157,30.78245916,46.46030381,14.3307538,0.028661508,0,0.057323015,0.200630553,7.526342198,31.15188875,45.81750412,14.35022579,0.143358899,0,0.100351229,0.910329009,11/18/2024
24-3571,9:30,UOSA Tributary,38.796984,-77.457145,PF01,S19,53.74,8.45,0.218149736,39.68,2.53,0.122993795,0.069013708,29.55,15.21,0.21924395,0.498586496,0.0279103,8.86,0.88,0.164368011,1.33,16.11,2.44,0.68003137,3.58,0.085570966,0.081729105,0.039286211,1.01,0.070308145,5.4,0.101849316,0.143044189,0.017911517,0.030481641,0.049611352,0.012447445,0.062761277,0.02293286,0.056641053,0.007377604,0.454953107,0.027050589,0.179964656,0.05609461,97.3,884,11.6,7.766589714,0.02,0.02,8.38,73.6,25.1,9.88,66.5,130,13.3,9.2,88.17142928,192.270313,163.7617333,24.24719488,4.261384841,11/18/2024,20.08,20.08,158.15,12.27,2,23,1,0,1,0,1,12.89666667,17.44111111,693.6,0,9.834285714,16.312,0.765,31.05,2,-6.477714286,1.230995586,11,0,0.01,8.2,15.2,1.2,9.46,0.3,4.88,53.44431688,29.19058553,2.755453502,9.529276693,4.936854191,0,0.057405281,0.086107922,63.31182796,24.19354839,1.433691756,9.11827957,1.82078853,0,0.086021505,0.035842294,11/18/2024
24-3572,9:25,Bull Run above UOSA,38.797717,-77.45866,PF02,S17,13.28,0.44,62.03,18.19,0.37,0.141606897,0.064831448,11.75,5.92,0.220376705,0.400310748,0.026743384,6.1,1.33,0.63,1.28,5.26,5.72,8.83,4.37,0.083771303,1.01,0.039743044,0.322340815,0.070987219,4.38,0.121448578,0.133534512,0.020662293,0.025593946,0.045733553,0.013521804,0.072876748,0.0227582,0.059871344,0.007192915,0.431661994,0.027728675,0.168436075,0.054843456,50.7,792,12.5,7.769111327,0,0.02,1.910976951,89.6,2.87,21.8,31.5,162,9.5,13.91717575,130.320082,153.4665757,60.36213143,17.65818441,75.44625982,11/18/2024,20.08,20.08,158.15,12.27,2,23,1,0,1,0,1,12.89666667,17.44111111,693.6,0,9.834285714,16.312,0.765,31.05,2,-6.477714286,1.230995586,11,0,0.01,8.2,15.2,1.2,9.46,0.3,4.88,48.61150873,31.5774406,2.776982537,11.30833095,5.553965073,0,0.057257372,0.114514744,62.57255464,24.81547832,1.59082766,9.10784665,1.820136152,0,0.057327123,0.035829452,11/18/2024
24-3573,11:00,South Run downstream of Vint Hill,38.7544227,-77.6752321,PF03,S23,7.25,0.4,0.226327017,6.55,0.35,0.120432178,0.071561386,4.8,3.16,0.226922832,0.450621011,0.025141522,2.59,1.37,0.170241086,0.182906084,4.54,10.47,9.04,1.48,0.090537406,0.079148307,0.042984547,0.350609657,0.07144936,14.03,0.130688241,0.134056424,0.020770191,0.027505386,0.047211728,0.00992783,0.061322706,0.019637747,0.054526294,0.006661565,0.433617663,0.028980064,0.159219877,0.052139471,33.5,245,5.2,6.575889137,0.467815943,0.02,0.01,23.4,2.75,8.18,15.1,8.17,11.3,1,77.29432592,69.32514758,28.58465228,29.33673269,11.40376261,11/18/2024,18.15,18.15,229.81,11.55,2,23,1,0,1,0,1,12.91333333,17.22777778,673.8,0,9.988571429,15.783,0.882666667,27.57,1,-5.794428571,1.149971488,11,0,0,8,15.3,0.7,9.53,0.29,4.91,31.20526768,15.4881191,49.84254223,3.263670198,0.14314343,0,0.057257372,0,29.91109837,30.84313163,32.06194436,3.061370806,2.609693146,0,0.157728707,1.35503298,11/18/2024
24-3574,10:27,Broad Run at Bradley Forest,38.697913,-77.484825,PF04,S34,14.06,0.6,0.188117133,8.12,0.41,0.123445235,0.06716976,6.47,5.92,0.216140096,0.383068304,0.027396379,3.03,1.33,0.63,1.28,5.86,2.42,9,1.25,0.088981573,1.01,0.032951676,0.330290833,0.062344617,4.94,0.114588556,0.136427905,0.018221041,0.028456262,0.048029785,0.013230702,0.065978163,0.026781273,0.052147289,0.006667692,0.432790459,0.031901987,0.161573557,0.054294989,47.9,507,8.98,7.298817377,0.003909818,0.01,0.01,58.6,2.91,15.4,33.1,78.7,10,1.2,125.7488199,69.04099526,40.3914611,14.92770656,13.7218276,11/18/2024,26.79,26.82,198.85,14.58,2,23,2,0,2,0,2,12.71333333,17.24444444,678.5,0,9.804285714,15.449,0.653666667,26.65,1,-5.644714286,1.736034695,11,0,0,8.1,15.1,1.2,9.09,0.16,4.625,27.85571142,53.965073,10.392213,7.300314916,0.085886058,0,0.343544231,0.057257372,26.77176639,52.81261197,9.602293085,9.494804729,0.680759584,0.028663561,0.537441777,0.071658904,11/18/2024
24-3575,10:40,Cub Run above US50,38.909257,-77.466674,PF05,S10,14.89,0.43,0.204042055,25.63,0.34,0.123881718,0.071906441,18.66,3.16,0.219992749,0.418842755,0.026368375,8.64,1.37,0.175221986,0.196714565,5.38,11.31,8.94,1.31,0.083677018,0.077228906,0.039663399,0.332088455,0.073637754,10.33,0.120327163,0.141209948,0.018371238,0.022380046,0.050342931,0.011989215,0.064243059,0.026114502,0.061060254,0.004362611,0.438508622,0.028015139,0.177389306,0.056996491,30.7,1270,12,7.643395752,0.02,0.047001017,0.08,158,3.02,52.5,38.1,466,10.3,1.4,167.1214565,113.6545767,75.88009898,26.48209291,11.29238482,11/18/2024,14.96,14.96,143.27,8.48,2,23,0,0,0,0,1,13.15666667,17.39666667,684,0,10.11571429,15.62466667,1.262333333,26.43,0,-5.508952381,0.957460426,11,0,0,8.6,15.1,2.1,9.74,0.63,5.185,73.93174649,14.85517637,0.68827072,9.664468024,0.143389733,0,0.716948666,0,69.40619621,23.88841079,0.839070568,4.410499139,0.157773953,0.860585198,0.437464142,0,11/18/2024
24-3576,14:40,Occoquan High Dam,38.6938889,-77.2772222,ST01,S37,21.6,2.09,0.224164446,18.61,0.73,0.121208509,0.077237307,15.43,5.65,0.206343961,0.474001385,0.024974916,4.82,0.077373235,0.166990478,0.188489513,10.05,2.7,8.26,2.55,0.081292898,0.08627755,0.039476153,0.329711367,0.062458357,6.95,0.122007091,0.137542173,0.017647238,0.028817916,0.048204409,0.012460692,0.063637546,0.024785439,0.05969366,0.00562305,0.433279834,0.028655163,0.178894261,0.055469478,43.5,390,7.67,7.154173623,0.02,0.022879904,1.58,39,7.69,8,29.6,53.1,15.8,6,80.26302886,102.816718,76.48386758,15.68169964,10.65115081,11/18/2024,17.55,17.56,162.44,11.52,2,23,1,0,1,0,1,13.18,17.51333333,692.1,0,9.241428571,14.778,0.987666667,25.42,1,-5.536571429,1.188252808,11,0,0,8.9,15.1,2.6,9.71,0.62,5.165,22.75329136,39.23869491,0.028620492,0.515168861,15.82713223,17.48712078,1.917572982,2.232398397,45.4512894,35.20773639,0.128939828,0.32234957,7.191977077,8.832378223,1.053008596,1.812320917,11/18/2024
24-3577,12:19,Bull Run at Rt 29,38.8030556,-77.4497222,ST45,S15,40.86,5.66,0.238501296,32.87,1.83,0.125541394,0.074163347,25.52,3.91,0.213332758,0.453472022,0.024442342,7.86,2.7,0.165796737,25.24,12.65,4.12,0.778775243,4.08,0.081469083,1.8,0.037826781,0.33107756,0.070744756,5.04,0.119165737,0.145969149,0.018364317,0.023389949,0.051475928,0.012982464,0.072588929,0.027855152,0.0509996,0.005499899,0.42538821,0.025749479,0.159659845,0.053258772,83.6,860,11.1,7.623940295,0.06,0.04,6.19,78.6,18.9,13.3,56.1,142,15.3,3.2,96.41207009,177.9274907,131.9272218,16.08658241,29.91368657,11/18/2024,20.08,20.08,158.15,12.27,2,23,1,0,1,0,1,12.89666667,17.44111111,693.6,0,9.834285714,16.312,0.765,31.05,2,-6.477714286,1.230995586,11,0,0.01,8.2,15.2,1.2,9.46,0.3,4.88,42.10074413,40.98454493,3.14825415,7.126502576,6.410990269,0,0.085861477,0.143102461,59.5553962,30.46253137,1.039799211,6.905700968,1.821441377,0,0.179275726,0.035855145,11/18/2024
24-3653,9:00,Bull Run Marina,38.7416667,-77.3883333,RE30,S27,36.78,5.31,0.210891503,28.92,1.42,0.119757189,0.064353015,22.12,10.13,0.230993579,0.484395336,0.024967919,8.01,1.17,0.168707604,0.183549822,11.97,3.73,0.687782495,3.66,0.08349361,0.07878921,0.035911076,0.343219561,0.064184776,5.59,0.120027227,0.142420211,0.019426136,0.032133305,0.047475496,0.014219827,0.066709069,0.020885289,0.057996829,0.006326562,0.431256504,0.032183126,0.16351852,0.051596536,78.2,727,9.4,7.489117107,0.06,0.02,4.81,72.9,17,12.8,51.7,134,12.9,3.7,99,142.7971713,118.810086,20.93173955,3.055345786,11/21/2024,12.67,20.25,151.41,11.69,2,20,1,0,1,0,1,12.69666667,17.10333333,663.5,0,8.368571429,14.347,0.829,27.5,2,-5.978428571,1.411444901,11,0,15.7,9.5,17.7,1.4,6.31,0.32,3.315,8.366762178,76.07449857,1.06017192,3.266475645,10.0286533,0,0.372492837,0.830945559,13.78593448,68.70026525,5.778191985,3.333572299,7.548928239,0,0.415800416,0.437307334,11/21/2024
24-3660,13:00,Occoquan River Ravenwood Bridge,38.7175,-77.3941667,RE35,S31,10.71,0.53,0.241957599,7.36,0.39,0.125735427,0.07455671,5.97,12.25,0.220820516,0.443651064,0.025953584,2.47,0.98,0.16518744,0.91,3.63,2.46,0.746601781,0.87,0.086407177,0.98,0.035501886,0.330110736,0.06386521,3.13,0.118692273,0.135559354,0.016055294,0.023568116,0.046973081,0.015220194,0.058648004,0.022698937,0.060309696,0.00563384,0.436144797,0.027719716,0.161499743,0.04997257,23.3,232,8.24,6.957688211,0.07,0.040525025,0.14,21.7,3.35,6.46,14.6,17.3,12.5,9.3,61.6,56.37904475,32.52132882,19.12752838,4.73018754,11/21/2024,12.43,18.99,174.38,11.41,3,20,1,0,1,0,1,12.75666667,17.14222222,665.3,0,8.575714286,14.14933333,0.835666667,25.87,0,-5.573619048,1.342112703,11,0,14.39,9.6,17.8,1.4,6.33,0.3,3.315,25.03580636,54.02463478,0.257805786,8.507590948,11.17158407,0,0.773417359,0.229160699,21.37842098,63.43315661,0.644791517,3.70396905,9.413956154,0.00716435,0.472847113,0.945694226,11/21/2024
24-3692,10:25,N. Fork Dead Run,38.916108,-77.456773,FLOAT D4,S5,25.12,0.132150865,0.275238683,20.17,0.38,0.121415037,0.070738379,14.13,9.35,0.209638486,0.392406434,0.025092316,6.43,0.083248034,0.86,2.14,6.07,3.73,0.712772299,1.72,0.088503558,0.070972498,0.035881025,0.326892983,0.072204668,4.05,0.121931598,0.135648997,0.020246849,0.024630927,0.044232863,0.016036406,0.063972424,0.026283436,0.047571456,0.006309094,0.442104688,0.028546345,4.23,0.05446743,76.5,532,13.3,7,1.204928631,0.162793588,0.06,51,6.13,9.54,51.1,18.8,3.6,1.4,133.2967762,102.0291378,74.73715025,17.53136869,9.760618836,12/9/2024,0,45.67,129.57,15.36,6,10,0,0,1,0,2,6.406666667,13.44555556,446.1,0,5.325714286,8.546,1.189,20.55,0,-3.220285714,5.344020594,12,0,0,10.2,18.5,1.8,15.69,1.59,8.64,53.27798454,40.99627827,0.486687661,4.924133982,0,0,0.314915545,0,62.68539084,31.56838862,0.55169449,3.740058752,0.071648635,0.823959304,0.558859354,0,12/9/2024
24-3693,13:15,Big Rocky Run behind Whole Foods,38.857889,-77.374888,FLOAT G2,S12,110.56,0.33,0.217489987,202.66,0.44,0.126175718,0.076278454,110.23,8.51,0.223323973,11.38,0.026609516,69.7,3.34,0.87,121.59,72.1,11.71,0.728266853,479.84,0.08003698,30.33,0.037848791,8.61,0.070350115,14.06,21.22,0.138754349,0.018050381,0.024040686,0.044690894,0.016742253,1.17,0.02151904,0.062584316,0.005204668,5.54,0.031533624,4,0.057226062,99.8,411,8.93,6.4,0.48,0.072826231,0.53,22.8,3.69,8.85,42.7,10.3,8.6,7.2,51.00711063,1290.196727,1076.946625,37.92691719,175.3231845,12/9/2024,0,51.02,138.89,18.08,7,9,0,0,2,0,2,5.996666667,13.24777778,438.9,0,5.084285714,7.452666667,1.046333333,17.93,0,-2.368380952,6.845871724,12,0,0,10.5,18.6,2.4,15.95,1.85,8.9,99.79931193,0.086009174,0,0,0.114678899,0,0,0,93.52017777,5.798867465,0,0.566267651,0.114687119,0,0,0,12/9/2024
24-3799,11:10,Little Rocky Run Fairfax Landfill,38.848272,-77.386937,FLOATI1,S13,51.82,0.135304571,0.22714012,37.57,0.87,0.128523741,0.070099567,27.11,5.06,0.216933448,0.442900227,0.026698549,10.42,0.079026842,0.167844813,5.17,9.38,4.31,0.698534335,0.375438741,0.087415718,0.078516194,0.033632435,0.344497927,0.069184938,0.378586931,2.14,0.137397305,0.017887518,0.025583654,0.04698104,0.015330013,0.065507253,0.024722901,0.057048867,0.005845971,9.34,0.026578346,9.54,0.058374251,144.9024252,672,6.27,6.623170183,0.04,0.02,0.03,35.1,7.07,12.9,72.9,34.10255917,7.4,23.7,70.3465637,176.7715362,140.313381,10.14291175,26.31524345,12/9/2024,0,50.24,132.35,17.5,7,9,0,0,2,0,2,5.803333333,13.02,426.5,0,5.064285714,7.272666667,0.938,17.81,0,-2.208380952,6.908057567,12,0,0,10.3,18.4,2.1,15.6,1.69,8.645,87.97939325,11.99198626,0,0,0.028620492,0,0,0,86.93751791,12.5609057,0.042992261,0.329607337,0.078819146,0,0,0.050157638,12/9/2024
24-3685,15:00,UOSA Tributary,38.796984,-77.457145,PF01,S19,59.13,7.12,0.200865052,35.64,2.22,0.132793535,0.061737197,27.73,13.56,0.230364308,0.44687762,0.023567719,8.19,0.084398987,0.94,1.99,13.61,1.97,0.715146019,3.99,0.083492112,0.08809307,0.03471518,0.311061222,0.065549198,4.52,0.122910606,0.143595754,0.019171087,0.027436443,0.046936435,0.015022159,0.058122274,0.024137561,0.059202054,0.006945781,4.31,0.029338492,4.25,0.049591628,93,772,10.7,7.638977651,0.02,0.02,8.9,76.1,23.9,10.8,66.2,130,10.9,7.3,95.2182068,192.2510715,158.2087326,20.45033116,13.59200773,12/9/2024,0.93,47.85,140.56,16.23,6,10,0,0,2,0,2,6.046666667,13.38888889,451.9,0,5.582857143,8.646333333,0.759,20.87,0,-3.06347619,5.534137785,12,0,0.66,10.3,19,1.6,16.55,1.43,8.99,53.44431688,29.19058553,2.755453502,9.529276693,4.936854191,0,0.057405281,0.086107922,63.31182796,24.19354839,1.433691756,9.11827957,1.82078853,0,0.086021505,0.035842294,12/9/2024
24-3686,14:55,Bull Run above UOSA,38.797717,-77.45866,PF02,S17,13.85,0.135358541,0.223274436,15.6,0.37,0.120027428,0.059128851,10.01,5.35,0.216864604,0.460303589,0.025880222,5.16,0.5,0.159640028,7.18,4.18,3.34,0.700180514,3.2,0.088148229,0.076186078,0.036514477,0.337721022,0.06818271,5.16,0.127023128,0.145425581,0.018862273,0.025005255,0.049489465,0.014960526,0.066492639,0.022658381,0.055211742,0.006755003,4.68,0.03275838,3.98,0.052501322,46.8,776,13.8,8.072681288,0.833992245,0.121643907,0.06,109,2.26,21.9,32.1,214,8.7,1,133.9190967,85.88455442,53.11681233,14.67269021,18.09505188,12/9/2024,0.93,47.85,140.56,16.23,6,10,0,0,2,0,2,6.046666667,13.38888889,451.9,0,5.582857143,8.646333333,0.759,20.87,0,-3.06347619,5.534137785,12,0,0.66,10.3,19,1.6,16.55,1.43,8.99,48.61150873,31.5774406,2.776982537,11.30833095,5.553965073,0,0.057257372,0.114514744,62.57255464,24.81547832,1.59082766,9.10784665,1.820136152,0,0.057327123,0.035829452,12/9/2024
24-3687,10:00,South Run downstream of Vint Hill,38.7544227,-77.6752321,PF03,S23,10.26,0.134784752,0.191216742,8.24,0.119018957,0.124244373,0.075234531,4.65,3.11,0.217674353,0.391898245,0.023288261,2.36,0.7,0.77,1.31,2.11,3.87,0.680723875,1.51,0.08293495,0.077576343,0.032563311,0.335542536,0.075361979,10.54,1.73,0.129523279,0.016614427,0.024662718,0.04527748,0.010780458,0.060080328,0.028361997,0.06178284,0.005708723,0.434810892,0.027392092,4.1,0.053386979,25.3,391,12,7.015793035,0.849588043,0.105177858,0.08,17.8,2.39,6.79,11.8,6.92,5.1,2,61.42399283,58.72044542,31.59587213,18.51721209,8.607361194,12/9/2024,0.34,46.7,185.63,17.85,7,10,0,0,2,0,2,5.92,13.24333333,441.2,0,5.395714286,8.752333333,0.732,21.39,0,-3.356619048,5.335719998,12,0,0,10,18.3,1.7,15.46,1.3,8.38,31.20526768,15.4881191,49.84254223,3.263670198,0.14314343,0,0.057257372,0,29.91109837,30.84313163,32.06194436,3.061370806,2.609693146,0,0.157728707,1.35503298,12/9/2024
24-3688,11:45,Broad Run at Bradley Forest,38.697913,-77.484825,PF04,S34,14.89,0.132807923,0.203026405,9.35,0.37,0.12659279,0.067779812,5.53,3.5,0.239610489,0.444964114,0.022478392,2.39,0.47,0.171574015,0.190571177,1.65,1.11,0.74043963,1,0.076425172,0.088588483,0.037289149,0.3358081,0.071355298,0.383831394,0.124826471,0.146355277,0.020331102,0.021291552,0.051003021,0.012014223,0.061721987,0.023668784,0.048644017,0.006309075,4.6,0.44,0.144563152,0.052662382,32,144,9.81,7.126479007,0.810658446,0.114282255,0.037743074,39,3.22,11.4,20.4,41,5,2.2,104.0195974,49.34653339,35.90510005,5.771413419,7.670019916,12/9/2024,4.73,48.96,142.95,14.58,7,6,0,0,2,0,2,5.853333333,13.20333333,442.4,0,5.604285714,8.590333333,0.605333333,20.63,0,-2.986047619,5.699429591,12,0,0,9.7,18.6,0.7,15.86,0.96,8.41,27.85571142,53.965073,10.392213,7.300314916,0.085886058,0,0.343544231,0.057257372,26.77176639,52.81261197,9.602293085,9.494804729,0.680759584,0.028663561,0.537441777,0.071658904,12/9/2024
24-3689,12:10,Cub Run above US50,38.909257,-77.466674,PF05,S10,15.48,0.130089106,0.229143171,32.57,0.37,0.125891098,0.078470549,18.06,4.54,0.224897211,0.413446766,0.022570364,8.18,2.18,0.169047287,66.55,3.22,9.63,0.732513323,2,0.45,2.48,0.034934328,1.38,0.069726504,9.49,0.114893371,0.148147294,0.018095911,0.025443426,0.043024745,0.012841097,0.057965464,0.025767163,0.057102557,0.004953282,4.64,0.030138391,4.06,0.049330106,30.7,1080,11.7,7.606727149,0.01,0.059152028,0.28,161,2.77,52.4,38.2,459,5.6,1.6,180.4327196,188.0984325,81.64549392,26.52237511,79.93056348,12/9/2024,0,45.67,129.57,15.36,6,10,0,0,1,0,2,6.406666667,13.44555556,446.1,0,5.325714286,8.546,1.189,20.55,0,-3.220285714,5.344020594,12,0,0,10.2,18.5,1.8,15.69,1.59,8.64,73.93174649,14.85517637,0.68827072,9.664468024,0.143389733,0,0.716948666,0,69.40619621,23.88841079,0.839070568,4.410499139,0.157773953,0.860585198,0.437464142,0,12/9/2024
24-3690,14:30,Occoquan High Dam,38.6938889,-77.2772222,ST01,S37,28.31,1.07,0.252185933,20.35,0.79,0.120562299,0.065773668,12.08,6.56,0.229520165,0.47932072,0.023331479,5.69,0.63,0.164514855,3.11,5.59,0.82,0.692812081,3.74,0.08693672,0.079012522,0.038879878,0.326086915,0.067038823,6.74,0.116064142,0.130980549,0.020555289,0.02553128,0.048440543,0.014615207,0.065313381,0.020995781,0.060428003,0.0049233,5.17,0.027917273,4.11,0.047544994,45.6,308,8.44,7.207308645,1.170176104,0.131915016,1.35,41.5,8.32,8.36,31.4,58,9.8,3.6,83.02207197,107.9692858,78.21342372,15.05233832,14.70352375,12/9/2024,0,45.49,133.07,13.63,7,10,0,0,2,0,2,6.54,13.63,454.4,0,5.887142857,8.527333333,0.949,20.41,0,-2.640190476,5.334610273,12,0,1.16,10.3,18.6,2,16.13,1.56,8.845,22.75329136,39.23869491,0.028620492,0.515168861,15.82713223,17.48712078,1.917572982,2.232398397,45.4512894,35.20773639,0.128939828,0.32234957,7.191977077,8.832378223,1.053008596,1.812320917,12/9/2024
24-3691,15:24,Bull Run at Rt 30,38.8030556,-77.4497222,ST45,S15,37.54,3.93,0.218928768,23.98,1.47,0.131580274,0.068920263,17.19,9.03,0.209011753,0.428121924,0.026796815,6.44,0.57,0.160025932,3.46,7.95,1.93,0.692343382,3.16,0.086792993,0.076432392,0.036241006,0.99,0.069435648,3.3,0.118291328,0.143936987,0.017375972,0.025863153,0.051194708,0.01689513,0.06033547,0.026104199,0.053254956,0.006436387,8.53,0.02651506,8.85,0.053499968,77.9,774,13.3,7.981965044,0.05,0.02,5.56,88.2,16.8,14.7,54.9,162,9.1,2.9,110.9122245,141.1243345,102.9077449,15.15433848,23.06225108,12/9/2024,0.93,47.85,140.56,16.23,6,10,0,0,2,0,2,6.046666667,13.38888889,451.9,0,5.582857143,8.646333333,0.759,20.87,0,-3.06347619,5.534137785,12,0,0.66,10.3,19,1.6,16.55,1.43,8.99,42.10074413,40.98454493,3.14825415,7.126502576,6.410990269,0,0.085861477,0.143102461,59.5553962,30.46253137,1.039799211,6.905700968,1.821441377,0,0.179275726,0.035855145,12/9/2024
24-3766,9:45,Bull Run Marina,38.7416667,-77.3883333,RE30,S27,38.18,4.56,0.204754091,27.51,1.53,0.13851291,0.067627871,20.34,10.8,0.223097854,0.451876822,0.026638537,7.47,0.082379575,0.15995539,3.39,9.85,2.03,0.624102961,3.2,0.092165106,0.07781934,0.043399275,1.23,0.067324397,3.84,0.109503827,0.143799867,0.019241012,0.025914813,0.045714266,0.015733165,0.82,0.020331528,0.051604488,0.006119839,4.19,0.026228052,3.68,0.056684989,29.5,290,11.4,7.172868732,0.04,0.046384203,0.16,30,3.43,8.77,19.3,26.4,5.9,4.5,75.7,145.40053,114.8770231,17.07640863,13.44709822,12/10/2024,1.38,48.69,130.67,15.7,6,11,0,0,2,0,2,5.933333333,13.29777778,440.5,0,7.178571429,8.251,0.728333333,17.46,0,-1.072428571,5.901102897,12,0,1.27,9.8,15.2,4.4,4.96,0.4,2.68,8.366762178,76.07449857,1.06017192,3.266475645,10.0286533,0,0.372492837,0.830945559,13.78593448,68.70026525,5.778191985,3.333572299,7.548928239,0,0.415800416,0.437307334,12/10/2024
24-3798,14:00,Occoquan River Ravenwood Bridge,38.7175,-77.3941667,RE35,S31,15.97,0.142051807,0.213270055,9.94,0.39,0.115448657,0.064364138,6.03,6.12,0.22549297,0.450779384,0.026390384,3.33,0.081478116,0.167522061,1.44,3.41,1.16,0.712137559,1.34,0.081797308,0.071718388,0.037063136,0.342356477,0.075304319,2.52,0.94,0.141643667,0.017738378,0.027242003,0.042064541,0.014702715,0.056887909,0.023900594,0.061032333,0.006562914,4.39,0.030898066,4.28,0.0506805,40.9917767,391,11.8,7.334678359,0.01,0.027344013,0.04,39.4,4.32,11.3,23.6,63.87657118,5.8,4.7,75.25731868,64.54052838,41.97957053,10.19421408,12.36674377,12/10/2024,1.59,47.32,130.05,14.39,8,10,0,0,2,0,2,6,13.34666667,442.1,0,7.151428571,8.371666667,0.713,17.44,0,-1.220238095,5.652398965,12,0,0.76,9.7,15.1,4.3,4.91,0.32,2.615,25.03580636,54.02463478,0.257805786,8.507590948,11.17158407,0,0.773417359,0.229160699,21.37842098,63.43315661,0.644791517,3.70396905,9.413956154,0.00716435,0.472847113,0.945694226,12/10/2024
25-0016,9:10:00 AM,UOSA Tributary,38.796984,-77.457145,PF01,S19,39.36,5.62,0.188992351,0.318657724,2.96,0.128224987,0.88,25.99,15.81,0.210280059,0.443162873,0.02758959,8.74,0.078127633,0.158396628,6.98,8.34,2.01,0.694397133,3.36,0.079467687,0.079472203,0.036396896,0.335594885,1.55,1.93,0.112608791,0.137789946,0.016925885,0.024319165,0.047709013,0.012823972,0.058783833,0.0252582,0.050586596,0.005893842,3.06,0.028691299,5.92,0.048318957,170,1040,13,7.1,0.02,0.02,8.29,81.4,20,10.8,98.1,104,6.7,10,101.8870948,135.8584701,95.27055099,20.13387676,20.4540424,1/17/2025,2.01,60.81,161.02,18.1,8,8,0,0,1,0,1,1.336666667,6.308888889,119,0,5.157142857,5.216,0.755666667,13.33,0,-0.058857143,11.6583589,1,0,0,-3.1,2.6,-8.8,3.99,0.64,2.315,53.44431688,29.19058553,2.755453502,9.529276693,4.936854191,0,0.057405281,0.086107922,63.31182796,24.19354839,1.433691756,9.11827957,1.82078853,0,0.086021505,0.035842294,1/17/2025
25-0017,9:05:00 AM,Bull Run above UOSA,38.797717,-77.45866,PF02,S17,3.61,0.127798597,0.232363385,0.32375031,1.17,0.125627165,0.062326509,12.24,8.2,0.222486367,0.454381251,0.02398507,4.54,0.51,0.15457074,21.53,6.52,3.65,0.683192138,2.18,0.088550467,0.078257455,0.04239068,0.324382411,0.069417185,2.36,0.106647137,0.151751992,0.019555272,0.030466679,0.71,0.014821096,0.060726968,0.024145544,0.052076629,0.005657592,0.437164627,0.027179294,5.94,0.048667983,424,1760,14.5,6.9,2.350180764,0.296306101,0.3,92.6,3.16,22.8,217,80.3,1.7,1.1,121.3269403,77.15234055,31.28584873,15.04846703,30.81802478,1/17/2025,2.01,60.81,161.02,18.1,8,8,0,0,1,0,1,1.336666667,6.308888889,119,0,5.157142857,5.216,0.755666667,13.33,0,-0.058857143,11.6583589,1,0,0,-3.1,2.6,-8.8,3.99,0.64,2.315,48.61150873,31.5774406,2.776982537,11.30833095,5.553965073,0,0.057257372,0.114514744,62.57255464,24.81547832,1.59082766,9.10784665,1.820136152,0,0.057327123,0.035829452,1/17/2025
25-0018,1:31:00 PM,South Run downstream of Vint Hill,38.7544227,-77.6752321,PF03,S23,0.661715403,0.135799645,42.55,0.325928043,1.13,0.133548167,0.069571995,3.5,0.112341985,1.32,0.447257852,0.027484752,1.79,0.35,0.168074159,0.191155481,1.58,3.81,0.713239844,0.38221612,0.52,0.079437666,0.036503472,0.317506394,0.066069458,2.75,0.117143998,0.146673068,0.018555132,0.020988304,0.049228803,0.019884736,0.064442327,0.025101927,0.055873806,0.006335321,3.33,0.030538585,5.61,0.055073872,45.5,261,16.3,7.6,0.03,0.061731276,0.34,22.5,2.37,7.94,17.7,8.45,2.9,2.2,63.11518442,72.71769031,10.08161404,7.78637692,54.84969935,1/17/2025,2.26,64.2,163.19,19.79,8,8,0,0,2,0,3,0.916666667,6.096666667,118.5,0,4.715714286,4.873333333,0.685,12.07,0,-0.157619048,13.17373461,1,0,0,-3.3,2.6,-9.2,3.89,0.57,2.23,31.20526768,15.4881191,49.84254223,3.263670198,0.14314343,0,0.057257372,0,29.91109837,30.84313163,32.06194436,3.061370806,2.609693146,0,0.157728707,1.35503298,1/17/2025
25-0019,9:00:00 AM,Broad Run at Bradley Forest,38.697913,-77.484825,PF04,S34,3.02,0.131983292,34.44,0.325392213,0.115327743,0.111389447,0.063348744,5.87,6.88,0.20598611,0.422165528,0.025088916,2.97,0.079092852,0.166094551,2.24,4.14,0.238973263,0.622575402,0.68,0.089218,0.075127844,0.040948905,0.339622498,0.069224044,3.38,0.126215506,0.149567172,0.019031326,0.029401014,0.047991357,0.012675239,0.065939453,0.020409362,0.051770625,0.005715083,3.56,0.030501918,5.3,0.051738386,218,965,15.7,7.8,0.03,0.065087463,0.55,64.3,2.78,18.2,107,47.1,2.2,2.3,114.8892284,76.21251579,17.86565234,10.89977121,47.44709224,1/17/2025,1.62,67.42,166.59,19.06,8,8,0,0,2,0,2,0.926666667,6.041111111,115,0,4.717142857,4.889,0.574,12.77,0,-0.171857143,13.79014113,1,0,0,-3.3,2.7,-9.4,4.08,0.5,2.29,27.85571142,53.965073,10.392213,7.300314916,0.085886058,0,0.343544231,0.057257372,26.77176639,52.81261197,9.602293085,9.494804729,0.680759584,0.028663561,0.537441777,0.071658904,1/17/2025
25-0020,10:00:00 AM,Cub Run above US50,38.909257,-77.466674,PF05,S10,29.85,0.129137523,0.238577841,0.318380407,1.21,0.140227221,0.069115044,72.37,10.17,0.217194063,0.397458404,0.027549773,28.14,4.81,0.164513287,316.63,16.94,32.17,0.75240487,0.381928183,0.09152986,3.5,0.034608989,0.334812734,0.073831951,15.65,0.117596791,0.14260976,0.019782365,0.025528305,0.046719548,0.015923133,0.070709497,0.021605256,0.047577316,0.006702332,7.49,0.02781566,11.22,0.050147929,197,1690,14.2,6.8,2.662411354,0.336863771,0.52,158,19.7,46.2,135,345,0.8,1.9,231.1486059,554.113988,149.9356708,63.12570248,341.0526148,1/17/2025,2.12,45.26,144.37,9.55,8,8,0,0,0,0,1,1.103333333,6.361111111,121.9,0,4.527142857,4.891666667,0.875333333,12.1,0,-0.36452381,9.252470187,1,0,0.26,-3.4,1.8,-8.5,3.41,0.71,2.06,73.93174649,14.85517637,0.68827072,9.664468024,0.143389733,0,0.716948666,0,69.40619621,23.88841079,0.839070568,4.410499139,0.157773953,0.860585198,0.437464142,0,1/17/2025
25-0025,9:00:00 AM,Bull Run Marina,38.7416667,-77.3883333,RE30,S27,0.66353649,0.139098367,0.245199743,6.53,1.14,0.129856008,0.07084331,4.92,5.66,0.222248558,0.487879437,0.026915077,1.63,0.23,0.166358758,6.01,2.45,0.241026604,0.772202963,0.381489662,0.083074293,0.06757502,0.034972035,0.339800553,0.064497808,0.378691296,0.117149205,0.145411928,0.016390064,0.025667093,0.046762077,0.01421843,0.065527516,0.023291273,0.043256553,0.005208429,0.405633923,0.02793103,5.69,0.05078911,80.87454003,595.373478,7.592346962,7.291398687,1.491996785,0.166016271,3.30215557,54.93675003,8.610834546,12.90699691,55.97707374,97.95398729,15.59272986,27.11608587,96.69808385,39.76250261,18.44552544,6.824227395,14.49274978,1/17/2025,1.61,63.9,160.56,18.22,8,8,0,0,2,0,2,1.333333333,6.332222222,118,0,5.022857143,5.14,0.752,13.11,0,-0.117142857,12.43190661,1,0,0,-3.1,2.4,-8.6,3.78,0.66,2.22,8.366762178,76.07449857,1.06017192,3.266475645,10.0286533,0,0.372492837,0.830945559,13.78593448,68.70026525,5.778191985,3.333572299,7.548928239,0,0.415800416,0.437307334,1/17/2025
25-0026,9:40:00 AM,Occoquan River Ravenwood Bridge,38.7175,-77.3941667,RE35,S31,0.673200273,0.138534455,0.24557907,0.335802703,0.86,0.116064295,0.067225238,3.25,4.07,0.228440186,0.402943346,0.022804056,1.27,0.0749748,0.170677716,2.18,1.83,0.243226256,0.744657972,0.374524171,0.090616555,0.083931278,0.038952264,0.339671392,0.072644608,0.372377884,0.128896293,0.130043733,0.017089853,0.028096717,0.049444354,0.016986773,0.061998115,0.023009343,0.057459157,0.005409897,0.424288027,0.027741347,4.39,0.048540851,32.3,264,15.4,7.5,0.09,0.03,0.5,24.3,3.46,7.73,18.3,23.1,2.9,7,65.41275949,23.70585298,9.348183277,5.066539151,9.291130552,1/17/2025,1.03,69.52,161.49,20.75,9,8,0,0,3,0,3,1.31,6.357777778,118.5,0,5.048571429,5.108,0.724333333,13.06,0,-0.059428571,13.61002349,1,0,0,-3.1,2.4,-8.6,3.81,0.64,2.225,25.03580636,54.02463478,0.257805786,8.507590948,11.17158407,0,0.773417359,0.229160699,21.37842098,63.43315661,0.644791517,3.70396905,9.413956154,0.00716435,0.472847113,0.945694226,1/17/2025
25-0021,11:27:00 AM,Occoquan High Dam,38.6938889,-77.2772222,ST01,S37,17.3,2.18,0.194429917,0.309302898,1.72,0.145747539,0.071626832,14.58,10.68,0.227920423,0.422012231,0.027586231,5.82,1.26,0.165389537,1.79,11.19,3.53,0.769193464,3.22,0.088813023,0.077945707,0.041254205,0.338139939,0.068634124,0.372918672,0.129375224,0.142640374,0.020242696,0.021365277,0.04358846,0.015204782,0.062145404,0.020211021,0.054426878,0.004913284,3.57,0.027305875,5.2,0.048431698,47.5,447,13.7,7.6,0.04,0.052888202,1.64,42.8,8.29,8.97,31.7,63.7,3.3,3.3,80.56217322,85.95076571,56.92475562,16.16253008,12.86348001,1/17/2025,1.09,69.61,160.57,18.67,10,5,0,0,3,0,3,1.506666667,6.612222222,122.2,0,5.041428571,5.079333333,0.797333333,13.22,0,-0.037904762,13.7045544,1,0,0,-3.1,2,-8.3,3.49,0.7,2.095,22.75329136,39.23869491,0.028620492,0.515168861,15.82713223,17.48712078,1.917572982,2.232398397,45.4512894,35.20773639,0.128939828,0.32234957,7.191977077,8.832378223,1.053008596,1.812320917,1/17/2025
25-0022,11:00:00 AM,Bull Run at Rt 31,38.8030556,-77.4497222,ST45,S15,24.47,3.22,0.194453564,25.31,2.04,0.116879546,0.067796163,19.28,13.22,0.207892342,0.433086565,0.026038324,8.32,0.081039234,0.165194191,13.32,11.22,2.81,0.738017206,2.7,0.082409714,0.079005033,0.039168116,0.333305412,0.075048215,4.29,0.11561899,0.133272182,0.018372733,0.024849618,0.042760686,0.013561005,0.060286783,0.02028939,0.055748915,0.005543597,3.01,0.028903011,6.04,0.056352344,284,1360,13.8,7.6,0.09,0.01,4.75,87.5,12.4,16.3,152,94.4,4,5.7,102.4447643,142.4648929,97.14980972,20.70052618,24.61455698,1/17/2025,2.01,60.81,161.02,18.1,8,8,0,0,1,0,1,1.336666667,6.308888889,119,0,5.157142857,5.216,0.755666667,13.33,0,-0.058857143,11.6583589,1,0,0,-3.1,2.6,-8.8,3.99,0.64,2.315,42.10074413,40.98454493,3.14825415,7.126502576,6.410990269,0,0.085861477,0.143102461,59.5553962,30.46253137,1.039799211,6.905700968,1.821441377,0,0.179275726,0.035855145,1/17/2025
25-0131,11:40:00 AM,N. Fork Dead Run,38.916108,-77.456773,FLOATD4,S5,30.76,1.07,0.241809162,40.15,0.113179716,0.118677717,0.064934765,28.79,6.9,0.225682526,0.449496563,0.024753159,13.62,2.47,0.167254462,5.68,7.95,14.35,0.758949689,1.55,0.085529154,0.082154655,0.041970057,0.343404917,0.076344629,5.94,0.116968275,0.156120577,0.017239898,0.024498022,0.046517218,0.013791893,0.056768868,0.021948845,0.067540556,0.005966343,2.22,0.030259011,3.89,0.05835533,604,2120,15,7.9,2.698296355,0.343902928,0.45,71.3,5.32,12,327,14.2,0.4,2.7,78.75672996,168.750116,124.6123604,29.98534987,14.15240578,2/18/2025,44.79,93.59,223.26,17.7,9,10,2,0,4,0,5,1.13,2.09,7.9,0,5.271428571,5.57,0.817,13.37,0,-0.298571429,16.80251346,2,0,0,-0.2,4.5,-4.9,5.79,2.52,4.155,53.27798454,40.99627827,0.486687661,4.924133982,0,0,0.314915545,0,62.68539084,31.56838862,0.55169449,3.740058752,0.071648635,0.823959304,0.558859354,0,2/18/2025
25-0132,11:45:00 AM,Dead Run Center Trib,38.916168,-77.456154,FLOATD5,S4,106.99,1.1,0.196970064,399.71,0.113632155,0.119916385,0.066911862,252.6,31.73,0.230150945,0.424470452,0.029115484,105.53,38.45,0.161433846,714.14,69.59,274.95,0.677975148,30.16,2.94,24.04,0.03486449,13.08,0.066187811,107.99,0.111298091,0.139249947,0.015079,0.025357836,0.050376066,0.01437699,0.068551871,0.024502348,0.054680812,0.005536515,3.3,0.026435576,5.57,0.049549076,141,624,13.3,7.8,0.887975527,0.114236727,0.28,30.2,3.26,4.6,78.3,9.24,0.7,2.4,66.76283425,2184.576623,979.1335208,456.2878603,749.1552417,2/18/2025,44.79,93.59,223.26,17.7,9,10,2,0,4,0,5,1.13,2.09,7.9,0,5.271428571,5.57,0.817,13.37,0,-0.298571429,16.80251346,2,0,0,-0.2,4.5,-4.9,5.79,2.52,4.155,53.92100744,41.15626789,0.400686892,4.207212364,0,0,0.314825415,0,62.62546602,31.64611414,0.616575853,3.728133066,0.06452538,0.781474046,0.5377115,0,2/18/2025
25-0133,12:35:00 PM,Dead Run Pond Trib,38.915014,-77.456013,FLOATD6,S9,12.16,1.03,0.213222946,0.327130373,0.113953116,0.126253953,0.060653877,5.62,2.35,0.221301382,0.522249655,0.026389007,2.84,1.26,0.174458708,0.189165637,0.434447536,0.240962404,7.49,0.372543643,0.084042126,0.085121581,0.042824604,0.322140728,0.063828119,2.59,0.120489264,0.135113564,0.016673936,0.76,0.050021982,0.012913758,0.067129971,0.023270303,0.056648822,0.91,2.31,0.030713638,3.55,0.049536065,24,269,14.6,7.2,0,0.01,2.07,23.3,1.98,5.94,16.8,20.8,3.6,1.4,62.24282771,47.0532007,24.22448345,7.649365099,15.17935214,2/18/2025,44.79,93.59,223.26,17.7,9,10,2,0,4,0,5,1.13,2.09,7.9,0,5.271428571,5.57,0.817,13.37,0,-0.298571429,16.80251346,2,0,0,-0.2,4.5,-4.9,5.79,2.52,4.155,59.64459731,35.79822299,0.515907137,3.640011465,0,0,0.401261106,0,62.40860215,31.96415771,0.566308244,3.799283154,0.071684588,0.716845878,0.47311828,0,2/18/2025
25-0130,1:45:00 PM,Big Rocky Run behind Whole Foods,38.857889,-77.374888,FLOATG2,S12,60.14,1.05,0.191669373,189.81,0.110215324,0.118123094,0.060194309,117.62,6.72,0.215604021,0.35264877,0.027934257,64.15,3.02,0.163908815,130.86,74.25,16.53,0.689499259,525.55,0.078777643,8.43,0.039686027,5.36,0.073816611,8.95,10.46,0.135099478,0.23,0.021749307,0.046593561,0.011785496,0.065730088,0.023994122,0.052899118,0.005937227,2.05,0.030706863,0.178861802,0.056240742,522,1780,12.1,6.7,0.18,0.075417275,0.89,40,3.46,13.4,286,7.24,3.1,4,43.6450925,1227.931675,1048.640594,35.73352822,143.5575532,2/18/2025,48.03,99.94,243.84,17.51,10,10,3,0,5,0,5,1.263333333,2.118888889,7.8,0,4.788571429,5.303333333,0.84,12.32,0,-0.514761905,18.84475173,2,0,0,-0.3,4.3,-4.9,5.63,2.47,4.05,99.79931193,0.086009174,0,0,0.114678899,0,0,0,93.52017777,5.798867465,0,0.566267651,0.114687119,0,0,0,2/18/2025
25-0123,9:35:00 AM,UOSA Tributary,38.796984,-77.457145,PF01,S19,35.77,4.77,0.199715878,0.314189839,1.19,0.129205551,0.068724118,21.75,11.64,0.20961134,0.480402382,0.026672255,8.38,1.09,0.170602569,2.5,12.87,2.35,0.737970575,2.3,0.083784976,0.071697564,0.037688593,1.12,0.071401024,4.79,0.115538109,0.141269667,0.018372928,0.025058332,0.04789241,0.015554384,0.061923407,0.022627216,0.052251041,0.007249138,1.93,0.63,3.56,0.053023306,208,1060,13.8,7.6,0.01,0.02,8.02,82.1,15.3,11.7,105,74.1,4,6.6,98.73790065,119.8024266,88.71896073,20.18553057,10.89793531,2/18/2025,48.46,104,244.93,21.08,9,10,3,0,5,0,5,1.413333333,2.244444444,8.2,0,5.514285714,5.830666667,0.641333333,15.03,0,-0.316380952,17.83672536,2,0,0,0.7,5.9,-4.4,6.91,2.4,4.655,53.44431688,29.19058553,2.755453502,9.529276693,4.936854191,0,0.057405281,0.086107922,63.31182796,24.19354839,1.433691756,9.11827957,1.82078853,0,0.086021505,0.035842294,2/18/2025
25-0124,9:30:00 AM,Bull Run above UOSA,38.797717,-77.45866,PF02,S17,9.28,1.1,0.200971112,0.32394855,0.113535281,0.122734794,0.069380778,6.77,4.92,0.22828406,0.42359685,0.024282876,3.52,1.17,0.170140186,10.87,2.97,5.38,0.728168146,1.19,0.089692268,0.080549031,0.040257638,0.334406182,0.069308579,5.79,0.114533086,0.142284855,0.018538162,0.029775424,0.04567731,0.014332491,0.057524427,0.021646081,0.059535304,0.81,2.52,0.028608023,4.14,0.052604087,185,783,14.9,7.3,1.121290093,0.163698838,0.83,36.6,2.5,10.3,96.6,21.3,0.9,7.5,69.57428076,64.03431558,25.86325825,18.38077673,19.79028059,2/18/2025,48.46,104,244.93,21.08,9,10,3,0,5,0,5,1.413333333,2.244444444,8.2,0,5.514285714,5.830666667,0.641333333,15.03,0,-0.316380952,17.83672536,2,0,0,0.7,5.9,-4.4,6.91,2.4,4.655,48.61150873,31.5774406,2.776982537,11.30833095,5.553965073,0,0.057257372,0.114514744,62.57255464,24.81547832,1.59082766,9.10784665,1.820136152,0,0.057327123,0.035829452,2/18/2025
25-0125,2:45:00 PM,South Run downstream of Vint Hill,38.7544227,-77.6752321,PF03,S23,7.6,0.91,0.221643045,0.320431565,0.114735176,0.124446031,0.066624442,2.7,2.59,0.21958579,0.480338099,0.025653894,2.18,0.94,0.160081766,1.92,2.51,3.47,0.705166522,0.74,0.091294931,0.074307608,0.039427545,0.325332067,0.071148191,9.91,0.104484553,0.13947915,0.019010956,0.026158942,0.044450311,0.013522649,0.073467414,0.022289055,0.050658641,0.006174866,6.48,0.026609522,9.04,0.46,56.1,196,11.8,7.3,0.02,0.036298184,0.59,19.1,1.98,7.02,25,8.55,5.2,4.9,57.94851462,55.01652273,17.65526836,17.2274255,20.13382887,2/18/2025,46.64,109.47,254.51,27.69,10,10,2,0,4,1,5,1.106666667,1.911111111,6.8,0,5.4,5.638,0.583,14,0,-0.238,19.41645974,2,0,0,0.4,5.7,-4.9,6.79,2.14,4.465,31.20526768,15.4881191,49.84254223,3.263670198,0.14314343,0,0.057257372,0,29.91109837,30.84313163,32.06194436,3.061370806,2.609693146,0,0.157728707,1.35503298,2/18/2025
25-0126,11:30:00 AM,Broad Run at Bradley Forest,38.697913,-77.484825,PF04,S34,9.99,0.93,0.193710651,0.308685908,0.116891075,0.129237724,0.0695435,3.48,3.84,0.207315018,0.428473085,0.024479685,1.85,0.71,0.179516257,0.192771441,2.79,1.38,0.644480233,0.37768001,0.084936867,0.075775856,0.03851026,0.334054438,0.075548727,2.19,0.108680992,0.144726889,0.018531543,0.025699279,0.05122108,0.017814811,0.070395979,0.020331917,0.054519338,0.004833298,1.68,0.026595628,3.21,0.053876463,113,339,12.2,7.7,0.03,0.047319703,0.76,27.7,2.29,8.87,56.8,14.3,4,12.7,69.88562452,36.12883795,20.43660702,8.435655009,7.256575924,2/18/2025,41.58,98.94,238.71,23.5,10,10,2,0,4,0,4,1.333333333,2.004444444,8.1,0,5.534285714,5.838666667,0.469666667,15.54,0,-0.304380952,16.94564969,2,0,0,1,6.2,-4.3,7.01,2.25,4.63,27.85571142,53.965073,10.392213,7.300314916,0.085886058,0,0.343544231,0.057257372,26.77176639,52.81261197,9.602293085,9.494804729,0.680759584,0.028663561,0.537441777,0.071658904,2/18/2025
25-0127,10:20:00 AM,Cub Run above US50,38.909257,-77.466674,PF05,S10,32.5,0.99,0.18548672,86.39,0.118638196,0.122588413,0.060828236,49.87,7.26,0.22089396,0.463823067,0.026524231,23.81,5.88,0.168614918,230.93,20.24,49.62,0.649186496,5.9,0.58,4.86,0.036145096,2.55,0.067926533,43.78,0.138862183,0.147172004,0.24,0.029076386,0.048939184,0.011625832,0.057765913,0.027416663,0.052418167,0.004535455,2.03,0.029870921,3.47,0.052013455,190,1060,14.8,7.6,1.404004027,0.202034065,0.86,72,8.2,18.7,113,113,0.9,14.9,114.0294872,573.620352,222.6467608,107.5772742,243.396317,2/18/2025,44.79,93.59,223.26,17.7,9,10,2,0,4,0,5,1.13,2.09,7.9,0,5.271428571,5.57,0.817,13.37,0,-0.298571429,16.80251346,2,0,0,-0.2,4.5,-4.9,5.79,2.52,4.155,73.93174649,14.85517637,0.68827072,9.664468024,0.143389733,0,0.716948666,0,69.40619621,23.88841079,0.839070568,4.410499139,0.157773953,0.860585198,0.437464142,0,2/18/2025
25-0128,1:45:00 PM,Occoquan High Dam,38.6938889,-77.2772222,ST01,S37,10.82,1.22,0.244672663,0.317079949,0.109259134,0.127735978,0.057557606,5.83,3.95,0.212028067,0.431626922,0.021073187,2.6,0.77,0.154994604,3.55,0.445899611,1.86,0.691248657,0.77,0.086361709,0.07458102,0.036604686,0.337997079,0.076156055,2.34,0.113896364,0.138448468,0.016318381,0.030171517,0.046638942,0.014419941,0.055978102,0.023537016,0.056877362,0.006936904,1.91,0.031330096,3.18,0.062369654,160,475,10.7,7.5,0.02,0.02,1.11,30.2,3.94,8.16,85.5,22.1,4.6,8.8,54.74810572,42.82179967,22.70715912,9.227095606,10.88754495,2/18/2025,60.53,119,262.01,22.62,10,10,4,0,6,0,6,1.65,2.523333333,9,0,5.49,5.878,0.677333333,15.35,0,-0.388,20.24498129,2,0,0,1.6,6.6,-3.4,7.48,2.69,5.085,22.75329136,39.23869491,0.028620492,0.515168861,15.82713223,17.48712078,1.917572982,2.232398397,45.4512894,35.20773639,0.128939828,0.32234957,7.191977077,8.832378223,1.053008596,1.812320917,2/18/2025
25-0129,2:27:00 PM,Bull Run at Rt 32,38.8030556,-77.4497222,ST45,S15,22.03,2.31,0.256566272,0.327453352,0.4,0.125202396,0.062643785,0.235327661,7.84,0.22366798,0.375988859,0.027233566,5.23,1.43,0.170910323,8.51,7.54,4.73,0.67619184,2.59,0.081752823,0.089181697,0.038290982,0.32822205,0.06447704,6.57,0.11539166,0.152080305,0.018676329,0.027055549,0.044448397,0.019040218,0.064330365,0.024709658,0.052357857,0.007128165,0.423980551,0.029841858,3.31,0.059031372,191,852,13.1,7.6,0.975753424,0.137411855,2.47,48.3,5.25,10.9,97.5,35.9,4.3,6.2,73.30245062,76.61118291,41.25013849,20.90062106,14.46042335,2/18/2025,48.46,104,244.93,21.08,9,10,3,0,5,0,5,1.413333333,2.244444444,8.2,0,5.514285714,5.830666667,0.641333333,15.03,0,-0.316380952,17.83672536,2,0,0,0.7,5.9,-4.4,6.91,2.4,4.655,42.10074413,40.98454493,3.14825415,7.126502576,6.410990269,0,0.085861477,0.143102461,59.5553962,30.46253137,1.039799211,6.905700968,1.821441377,0,0.179275726,0.035855145,2/18/2025
25-0142,1:00:00 PM,Bull Run Marina,38.7416667,-77.3883333,RE30,S27,18.98,1.69,0.24468214,0.318987512,0.117520203,0.115323912,0.064248693,10.88,6.34,0.211663547,0.504595517,0.026228929,4.93,1.13,0.1651033,6.75,6.13,5.55,0.665737021,1.84,0.084821839,0.081901825,0.038028451,0.331110898,0.072111939,5.82,0.111662447,0.153027083,0.019192719,0.020853703,0.47,0.012960383,0.062573183,0.023639756,0.055504133,0.005721074,1.9,0.026509491,3.46,0.049320087,181,809,13.7,7.4,1.000196364,0.138015263,1.88,40.7,4.66,9.62,94.6,28.7,1.9,5.6,69.0769095,79.45302979,45.46821208,19.16559178,14.81922592,2/19/2025,53.83,111.94,252.85,22.45,10,10,3,0,5,0,5,1.376666667,2.165555556,6.5,0,5.437142857,5.945666667,0.700333333,15.25,0,-0.50852381,18.82715703,2,0,0,-2.4,2.7,-7.5,5.53,1.96,3.745,8.366762178,76.07449857,1.06017192,3.266475645,10.0286533,0,0.372492837,0.830945559,13.78593448,68.70026525,5.778191985,3.333572299,7.548928239,0,0.415800416,0.437307334,2/19/2025
25-0143,12:25:00 PM,Occoquan River Ravenwood Bridge,38.7175,-77.3941667,RE35,S31,9.02,1.42,0.199430535,0.325611897,0.1112481,0.120379166,0.066355712,2.88,2.75,0.228203083,0.428786563,0.025096016,1.72,0.080835058,0.174724245,0.190272506,0.440434616,0.244800066,0.706975073,1.14,0.088280203,0.088605481,0.03565633,3.54,0.068983999,0.372373855,0.111408612,0.137133293,0.017303866,0.027834644,0.048585505,0.012956666,0.062126163,0.030724969,0.047845744,0.005121006,7.99,0.03324871,3.42,0.055448786,49.9,254,14.9,6.8,0.05,0.04,0.42,12.3,2.34,4.24,26.7,7.68,0.8,18.2,37.96151731,38.46679047,20.84650978,3.764624999,13.85565569,2/19/2025,59,118.17,261.16,23.49,10,10,4,0,6,0,6,1.43,2.187777778,6.5,0,5.587142857,6.015666667,0.677,15.5,0,-0.42852381,19.6437081,2,0,0,-2.3,2.7,-7.4,5.48,2,3.74,25.03580636,54.02463478,0.257805786,8.507590948,11.17158407,0,0.773417359,0.229160699,21.37842098,63.43315661,0.644791517,3.70396905,9.413956154,0.00716435,0.472847113,0.945694226,2/19/2025
25-0365,11:30:00 AM,Hooes Run,38.68,-77.2894444,FLOAT B1,S38,6.6,0.31,0.254959716,7.04,0.11699599,0.120047556,0.067192449,5.95,7.66,0.225226504,0.478267836,0.025280655,3.51,0.51,0.180810124,1.13,8.38,3.02,0.679442166,2.1,0.46,0.081244062,0.037994281,1.92,0.073579792,5.34,1.21,0.145433919,0.020307153,0.55,0.046606323,0.013147835,0.061375162,0.021457538,0.062495202,0.004921739,0.436965211,0.027749197,2.47,0.049856586,173,598,10.22274596,7.4,0.03,0.01,0.39,20.3,2.55,4.66,103,9.51,16.63918469,52.4,47.37879564,61.39135699,37.81086635,17.22054884,6.359941802,3/19/2025,8.19,40.85,221.61,21.65,3,16,0,0,2,0,2,6.276666667,3.032222222,22.6,0,10.76142857,10.51933333,1.475666667,22.45,0,0.242095238,3.88332594,3,0,0,11.7,20.5,2.8,20.81,2.05,11.43,71.60847167,24.38465942,0.028620492,0.601030338,2.14653692,0,0.973096737,0.25758443,73.80184827,20.96855076,0.007163837,0.788022065,3.481624758,0.107457554,0.51579626,0.3295365,3/19/2025
25-0364,10:25:00 AM,Piney Branch,38.797787,-77.355637,FLOAT L1,S16,6.62,0.135964188,0.202842258,8.64,0.124445342,0.11654459,0.069809494,7.2,4.8,0.211051759,0.461919826,0.02497927,3.01,0.078410323,0.178763318,0.184347397,8.85,2.54,0.767207861,1.66,0.079769776,0.081732201,0.036184384,1.13,0.077946425,3.04,0.119921614,0.132815109,0.01794505,0.028360447,0.050219275,0.013000562,0.072312545,0.026191211,0.055450289,0.005460443,0.440797811,0.029120309,2.6,0.04957738,124,546,12.5,7,0.01,0.046431088,1.52,21.4,2.03,11.9,63,8.51,10.9,28.66961073,66.04647147,53.96309046,37.64645443,10.75857174,5.558064289,3/19/2025,7.93,37.35,193.24,17.73,3,16,0,0,2,0,2,5.903333333,2.666666667,19.7,0,10.82285714,9.924333333,1.424,22.53,0,0.89852381,3.763476976,3,0,0,11.1,20.1,2.1,19.53,1.62,10.575,25.49469458,68.08144537,0.143389733,5.878979065,0,0,0.25810152,0.143389733,29.14068659,61.43481689,6.636565613,2.501254211,0.050168423,0,0.157672185,0.078836093,3/19/2025
25-0357,8:20:00 AM,UOSA Tributary,38.796984,-77.457145,PF01,S19,30.75,5.13,0.201473408,22.36,1.5,0.121237819,0.068638082,19.6,9.89,0.217370814,0.396646533,0.026397073,6.81,0.58,0.161065314,1.67,16.33,2.2,0.68060116,2.82,0.087205217,0.087394288,0.037015044,0.326283817,0.068279577,3.35,0.118302784,0.13986062,0.021369431,0.025171124,0.054138007,0.013087821,0.077376414,0.023524754,0.055378335,0.004571428,0.440191483,0.031107993,2.49,0.055490983,121,867,10.8,8,0.04,0.041417645,8.05,76.3,21,8.87,75.1,99.5,11.6,8.4,97.84857897,129.0191793,105.9025125,16.33601634,6.780650503,3/19/2025,6.4,31.75,185.28,13.77,3,16,0,0,2,0,2,6.07,2.75,21.8,0,11.44857143,10.42066667,1.405333333,23.35,0,1.027904762,3.046830017,3,0,0,11.1,20.3,1.8,19.67,1.45,10.56,53.44431688,29.19058553,2.755453502,9.529276693,4.936854191,0,0.057405281,0.086107922,63.31182796,24.19354839,1.433691756,9.11827957,1.82078853,0,0.086021505,0.035842294,3/19/2025
25-0358,8:15:00 AM,Bull Run above UOSA,38.797717,-77.45866,PF02,S17,10.09,0.32,0.213715822,14.69,0.113673242,0.12459678,0.067368761,11.93,6.89,0.220395106,0.47348169,0.0271571,6.11,0.082824095,0.163167447,14.82,8.12,5.56,0.675861715,4.32,0.080851671,0.075448746,0.036904494,0.329522812,0.065208916,7.69,0.12070356,0.154129765,0.020054635,0.028505088,0.05083871,0.013143024,0.061287309,0.020345141,0.051214657,0.005543875,0.4424149,0.025020443,2.42,0.052466985,172,901,9.96,7.6,0.04,0.041285517,0.08,65,2.5,17.4,89.3,82,8.8,1.1,97.75312685,96.75584649,56.28490667,20.54404931,19.92689051,3/19/2025,6.4,31.75,185.28,13.77,3,16,0,0,2,0,2,6.07,2.75,21.8,0,11.44857143,10.42066667,1.405333333,23.35,0,1.027904762,3.046830017,3,0,0,11.1,20.3,1.8,19.67,1.45,10.56,48.61150873,31.5774406,2.776982537,11.30833095,5.553965073,0,0.057257372,0.114514744,62.57255464,24.81547832,1.59082766,9.10784665,1.820136152,0,0.057327123,0.035829452,3/19/2025
25-0359,1:30:00 PM,South Run downstream of Vint Hill,38.7544227,-77.6752321,PF03,S23,5.15,0.13600607,0.201165671,4.88,0.120035267,0.132611073,0.06286163,4.11,2.91,0.222954361,0.47059666,0.025364538,2.48,0.51,0.171873359,2.13,0.44648722,6.67,0.740333757,1.67,0.089461854,0.081990317,0.040711908,0.324894876,0.066288318,8.62,0.114428655,0.136132913,0.44,0.024077049,0.04788905,0.014049005,0.068124852,0.021821018,0.053695906,0.006686066,0.438445474,0.028907419,2.32,0.054266409,43.5,229,10.58975282,7.3,0.04,0.01,0.3,19.3,1.83,6.91,21.4,8.88,12.3,1.1,58.14201129,46.23216069,19.57774989,19.44351539,7.210895405,3/19/2025,3.16,26.79,191.73,14.64,3,16,0,0,1,0,1,5.863333333,2.426666667,20.3,0,11.55285714,10.26466667,1.368333333,23.16,0,1.288190476,2.609924011,3,0,0,10.8,20.1,1.4,19.3,1.37,10.335,31.20526768,15.4881191,49.84254223,3.263670198,0.14314343,0,0.057257372,0,29.91109837,30.84313163,32.06194436,3.061370806,2.609693146,0,0.157728707,1.35503298,3/19/2025
25-0360,8:45:00 AM,Broad Run at Bradley Forest,38.697913,-77.484825,PF04,S34,5.22,0.133533051,0.19526546,3.72,0.112819097,0.130615826,0.064277336,3.42,4,0.218684422,0.465421678,0.024405116,1.49,0.29,0.172380126,1.11,5.5,1.63,0.650913975,0.377666241,0.087565533,0.070340594,0.041001041,0.331767351,0.071446755,6.56,0.109804949,0.134729533,0.016498474,0.026561766,0.046495797,0.014131525,0.069471018,0.024900033,0.057990877,0.007151559,0.442346398,0.031517328,2.73,0.054005912,126,606,10.2064639,7.7,0.04,0.035737032,0.14,48.4,2.35,14.6,64.9,38.3,16.89903627,2.6,99.22292829,39.85370877,20.56961435,12.78938177,6.494712648,3/19/2025,4.1,29.45,187.65,16.82,3,16,0,0,1,0,1,5.94,2.541111111,21.2,0,11.12,10.129,1.225333333,22.43,0,0.991,2.907493336,3,0,0,10.7,20.2,1.1,18.98,0.91,9.945,27.85571142,53.965073,10.392213,7.300314916,0.085886058,0,0.343544231,0.057257372,26.77176639,52.81261197,9.602293085,9.494804729,0.680759584,0.028663561,0.537441777,0.071658904,3/19/2025
25-0361,9:25:00 AM,Cub Run above US50,38.909257,-77.466674,PF05,S10,18.84,0.55,0.229522471,61.09,0.112723429,0.121836553,0.064053656,38.52,5.97,0.221978607,0.434623353,0.024516415,17.1,4.22,0.175084351,118.06,13.64,29.5,0.738365395,3.14,0.87,3.39,0.03838789,1.04,0.069338175,22.12,0.107297208,0.137038487,0.018993805,0.026141882,0.046812035,0.010356565,0.069369446,0.027974932,0.061309424,0.007384794,3.2,0.028508822,4.83,0.053202813,174,1460,7.7,7.6,0.03,0.042803084,0.17,143,6.7,44.3,110,347,9.6,1.8,172.3202736,348.9048205,154.2968414,62.906265,131.7017141,3/19/2025,5.07,28.13,158.17,13.99,3,16,0,0,1,0,2,5.95,2.536666667,20.3,0,11.10571429,9.838333333,1.661666667,22.39,0,1.267380952,2.859224123,3,0,0,10.6,19.8,1.4,18.68,1.49,10.085,73.93174649,14.85517637,0.68827072,9.664468024,0.143389733,0,0.716948666,0,69.40619621,23.88841079,0.839070568,4.410499139,0.157773953,0.860585198,0.437464142,0,3/19/2025
25-0362,10:00:00 AM,Occoquan High Dam,38.6938889,-77.2772222,ST01,S37,5.21,0.55,0.190945212,4.3,0.3,0.112441958,0.062902494,4.01,3.2,0.225778854,0.39950028,0.026607788,1.85,0.07930481,0.158372305,2.62,6.03,2.02,0.661843817,0.91,0.084705434,0.07944817,0.037025383,0.333782678,0.068264773,3.93,0.112434953,0.134453616,0.019847589,0.023370232,0.047299855,0.011594786,0.05785937,0.027473227,0.052685067,0.005919829,0.440112539,0.027350306,2.52,0.055443812,111,464,9.600981432,7.6,0.04,0.042372136,1.07,27.8,3.6,7.27,61.2,20.7,19.31349582,5.2,60.11135783,40.98676914,23.7401323,9.539907078,7.706729759,3/19/2025,14.64,49.28,226.28,22.23,3,16,1,0,3,0,3,6.21,2.927777778,21.8,0,10.66571429,10.37566667,1.439,22.41,0,0.290047619,4.749574325,3,0,0,11.6,20.5,2.6,20.75,1.88,11.315,22.75329136,39.23869491,0.028620492,0.515168861,15.82713223,17.48712078,1.917572982,2.232398397,45.4512894,35.20773639,0.128939828,0.32234957,7.191977077,8.832378223,1.053008596,1.812320917,3/19/2025
25-0363,11:37:00 AM,Bull Run at Rt 33,38.8030556,-77.4497222,ST45,S15,26.51,3.14,0.240754838,20.11,1.05,0.11984142,0.076349482,17.16,8.75,0.214328773,0.369476823,0.026481706,6.13,0.54,0.167326306,8.02,13.05,3.79,0.703100001,3.85,0.085796797,0.075263447,0.039596366,0.342309448,0.063762659,5.38,0.116905616,0.150583397,0.016082131,0.025648655,0.046851675,0.015298939,0.059759563,0.021125236,0.053004385,0.005193802,0.453956275,0.025022868,2.52,0.052521041,147,882,11.6,7.5,0.07,0.02,4.67,70.8,12.8,12.7,81.9,92.7,13.9,2.3,90.77088679,123.5663416,91.59762767,18.78056201,13.18815197,3/19/2025,6.4,31.75,185.28,13.77,3,16,0,0,2,0,2,6.07,2.75,21.8,0,11.44857143,10.42066667,1.405333333,23.35,0,1.027904762,3.046830017,3,0,0,11.1,20.3,1.8,19.67,1.45,10.56,42.10074413,40.98454493,3.14825415,7.126502576,6.410990269,0,0.085861477,0.143102461,59.5553962,30.46253137,1.039799211,6.905700968,1.821441377,0,0.179275726,0.035855145,3/19/2025
25-0429,11:55:00 AM,Bull Run Marina,38.7416667,-77.3883333,RE30,S27,22.05,2.62,0.228722712,16.3,0.75,0.111277665,0.072153327,14.5,6.93,0.232847379,0.424334999,0.024700124,5.37,0.61,0.176652815,5.02,13.2,3.47,0.690438725,3.84,0.086250387,0.083557602,0.033443676,0.78,0.064284704,5.76,0.124604811,0.133025735,0.016535098,0.02791568,0.046771482,0.012681976,0.06037512,0.023392612,0.048532372,0.005849152,0.454399319,0.023173739,2.31,0.052798517,148,877,11.2,7.9,1.169453315,0.159272672,3.78,66.3,10.2,12.9,84.3,83.6,13.6,12.9,92.3,106.7687197,79.67142798,17.07243508,10.02485666,3/20/2025,11.27,30.15,201.99,18.49,2,16,1,0,2,0,2,6.096666667,2.804444444,21.7,0,10.55428571,10.56566667,1.403666667,22.57,0,-0.011380952,2.853582358,3,0,0,13.1,23.2,3.1,21.73,2.32,12.025,8.366762178,76.07449857,1.06017192,3.266475645,10.0286533,0,0.372492837,0.830945559,13.78593448,68.70026525,5.778191985,3.333572299,7.548928239,0,0.415800416,0.437307334,3/20/2025
25-0436,12:28:00 PM,Occoquan River Ravenwood Bridge,38.7175,-77.3941667,RE35,S31,4.92,0.32,0.25036408,2.46,0.116044087,0.131269627,0.071723475,2.58,2.66,0.220731345,0.44340338,0.023592053,1.64,0.078922161,0.161567392,0.188337466,3.74,1.47,0.694966388,0.371879913,0.08084352,0.067660628,0.035646759,0.333648469,0.075102645,1.41,0.79,0.143154429,0.020040365,0.7,0.046610013,0.015296654,0.063714237,0.027560506,0.04566927,0.006720733,0.413564215,0.028667711,2.51,0.050298192,64.2,364,11.7,7.9,0.959496482,0.127192704,0.17,24.3,2,7.78,35.5,20.1,12.2,10.5,50.7,29.40699972,18.08095598,5.936130423,5.389913317,3/20/2025,12.5,32.43,216.72,19.28,2,16,1,0,2,0,2,6.15,2.825555556,22.3,0,10.59285714,10.66166667,1.414333333,22.82,0,-0.068809524,3.041738315,3,0,0,13.1,23.2,3.1,21.67,2.22,11.945,25.03580636,54.02463478,0.257805786,8.507590948,11.17158407,0,0.773417359,0.229160699,21.37842098,63.43315661,0.644791517,3.70396905,9.413956154,0.00716435,0.472847113,0.945694226,3/20/2025
25-0937,2:15:00 PM,South Run downstream of Vint Hill,38.7544227,-77.6752321,PF03,S23,6.43,0.136438857,0.223135495,0.323456003,0.114409755,0.124319024,0.070969335,6.07,3.62,0.213169228,0.476747692,0.024834799,4.55,0.49,0.175162064,1.3,5.58,5.79,0.709095863,1.86,0.076758794,0.067738937,0.039511635,0.329399672,0.067209459,12.24,0.120736313,0.144268045,0.017072914,0.022115184,0.046173691,0.013672357,0.064583706,0.018460407,0.059547887,0.005758616,0.420160428,0.029324137,0.173565075,0.051139917,42.6,220,12.20289442,8.4,0.04,0.040412867,0.11,19.6,2.02,6.9,18.1,8.04,20,2.6,52.97880286,52.28893529,25.66068738,22.44082593,4.18742198,4/16/2025,24.11,66.98,191.35,19,9,10,1,0,2,0,2,12.02666667,5.893333333,104.4,0,9.8,13.66666667,1.574333333,29.03,1,-3.866666667,4.90097561,4,1,0.01,12.3,19.8,4.8,15.54,1.22,8.38,31.20526768,15.4881191,49.84254223,3.263670198,0.14314343,0,0.057257372,0,29.91109837,30.84313163,32.06194436,3.061370806,2.609693146,0,0.157728707,1.35503298,4/16/2025
25-0938,11:00:00 AM,Broad Run at Bradley Forest,38.697913,-77.484825,PF04,S34,10.4,0.125010041,0.201460292,0.321641441,0.113259741,0.11343262,0.080053207,4.99,5.16,0.209737492,0.406787022,0.025769593,2.62,0.079641625,0.173257799,0.187618814,7.96,1.28,0.714886428,0.376142801,0.084683905,0.081654496,0.039325655,0.329281527,0.068324478,5.52,0.123692571,0.147241401,0.018663715,0.024444413,0.050511115,0.015024886,0.066036075,0.025950823,0.059415323,0.005952526,0.425473495,0.026796576,0.172967585,0.057442369,91,445,8.3,7.5,0.1,0.01,0.18,37,2.46,10.7,45.7,29.2,19.4,8,81.64470772,42.88158185,27.50892393,12.36292847,3.009729441,4/16/2025,34.37,91.61,207.74,29.86,9,10,1,1,3,1,3,12.39666667,6.114444444,110.6,0,9.831428571,13.56666667,1.540333333,29.44,1,-3.735238095,6.752579853,4,1,0,12.7,19.9,5.4,15.38,0.92,8.15,27.85571142,53.965073,10.392213,7.300314916,0.085886058,0,0.343544231,0.057257372,26.77176639,52.81261197,9.602293085,9.494804729,0.680759584,0.028663561,0.537441777,0.071658904,4/16/2025
25-0940,1:10:00 PM,Occoquan High Dam,38.6938889,-77.2772222,ST01,S37,13.55,0.32,0.197100074,0.314172218,0.116762143,0.119811955,0.073017658,8.9,4.71,0.234388723,0.399793962,0.026324729,3.07,0.079252206,0.172677742,2.32,6.36,2.44,0.717464571,2.91,0.082445519,0.079147949,0.040920055,0.330388911,0.070809072,4.25,0.115380792,0.146075781,0.021292291,0.027259394,0.045690603,0.012192607,0.072332609,0.024409769,0.051244626,0.005966949,0.401679018,0.027230443,0.176997657,0.051051061,88.2,419,12.68906803,8.3,0.864624051,0.125623272,0.89,32.2,4.2,8.2,45.7,30.5,19.05443969,5.9,66.13124303,53.06328109,36.13754069,11.79795985,5.127780543,4/16/2025,48.14,129.62,271.65,43.9,10,6,1,1,5,1,5,12.59333333,6.385555556,114.6,0,9.884285714,13.91833333,1.893,31.86,2,-4.034047619,9.312896659,4,1,0,13.2,20.3,6.1,16.74,1.28,9.01,22.75329136,39.23869491,0.028620492,0.515168861,15.82713223,17.48712078,1.917572982,2.232398397,45.4512894,35.20773639,0.128939828,0.32234957,7.191977077,8.832378223,1.053008596,1.812320917,4/16/2025
25-0943,9:50:14 AM,Dead Run at Stonecroft Blvd,38.915588,-77.456784,FLOATD3,S6,56.13,0.131077753,0.193309606,184.55,0.111871367,0.118478977,0.068556917,105.65,14.26,0.229447,0.437157561,0.023363022,42.47,5.2,0.165776577,127.75,29.62,40.36,0.725321041,10.8,0.077326255,4.27,0.036523849,6.46,0.070118824,25.56,0.83,0.149164893,0.016270004,0.025413785,0.047876436,0.012255356,0.061224295,0.022064339,0.055533153,0.006657706,0.430550242,0.029640237,0.167163203,0.055126467,383,1510,6.87,7.2,0.05,0.037947055,0.02,56.3,7.19,10.5,204,8.69,14.6,2.7,78.93916574,657.3772689,436.8951204,85.68710158,134.7950469,4/21/2025,4.26,56.28,166.6,17.1,8,10,0,0,2,0,2,12.41,6.816666667,129.1,0,17.68714286,13.30366667,1.991666667,26.99,0,4.38347619,4.230412668,4,1,0,18.4,23.6,13.2,16.69,5.24,10.965,55.6766055,38.44610092,0.516055046,4.902522936,0,0,0.458715596,0,62.52418835,31.79961299,0.487350391,3.79846628,0.071669175,0.795527843,0.523184978,0,4/21/2025
25-0944,9:25:10 AM,Dead Run Central Branch,38.916168,-77.456154,FLOATD5,S4,382.55,0.131025819,9.34,1679.6,0.108597563,0.12842285,0.069371774,892.76,46.95,0.211560036,17.7,0.02791086,343.81,48.05,0.161148729,0.185784355,199.05,383.78,0.693148555,118.82,5.72,121.17,0.040899065,126.72,0.068667733,404.48,20.55,0.142143186,0.020071878,0.025784178,0.048684459,0.017439342,0.057544916,0.019726758,0.049991062,0.006537469,0.455196439,0.027353809,1.68,0.055833801,79.6,489,8.29,7,0.02,0.055102315,1.498025246,27.1,4.41,4.63,56.5,7.04,13.6,4.8,80.47928103,4805.482845,3764.232944,889.2138295,152.0360716,4/21/2025,4.26,56.28,166.6,17.1,8,10,0,0,2,0,2,12.41,6.816666667,129.1,0,17.68714286,13.30366667,1.991666667,26.99,0,4.38347619,4.230412668,4,1,0,18.4,23.6,13.2,16.69,5.24,10.965,53.92100744,41.15626789,0.400686892,4.207212364,0,0,0.314825415,0,62.62546602,31.64611414,0.616575853,3.728133066,0.06452538,0.781474046,0.5377115,0,4/21/2025
25-0942,10:50:58 AM,Big Rocky Run at I-66,38.857889,-77.374888,FLOATG2,S12,79.29,0.136088405,0.196726513,299.91,0.112965557,0.11209438,0.07376498,181.89,10.17,0.218807624,0.435951614,0.024059519,104.15,3.82,0.161341246,173.92,114.41,27.36,0.661692878,892.84,0.084768047,12.03,0.033221401,7.6,0.070801684,17.31,17.09,0.141692316,0.015650014,0.027698687,0.048614335,0.011659739,0.063004972,0.024606605,0.04906381,0.005207916,0.446343993,0.024048176,0.156996191,0.050479055,283,1050,8.65,6.5,0.19,0.057326654,0.8,33,3.35,15.3,126,0.279127494,13.4,3.1,41.4581783,1945.17735,1697.568821,58.96764416,188.6408841,4/21/2025,3.92,69.8,189.99,24.37,7,10,0,0,2,0,3,12.41333333,6.838888889,130.3,0,16.91714286,12.979,1.977,27.17,1,3.938142857,5.377918176,4,1,0,18.5,23.5,13.5,16.5,5.22,10.86,99.79931193,0.086009174,0,0,0.114678899,0,0,0,93.52017777,5.798867465,0,0.566267651,0.114687119,0,0,0,4/21/2025
25-0935,7:35:00 AM,UOSA Tributary,38.796984,-77.457145,PF01,S19,19.63,0.81,0.237884696,13.09,0.114498433,0.120982061,0.064352943,18.25,6.36,0.225700692,0.446462426,0.025765291,3.3,0.079435533,0.170115074,1.15,10.51,1.68,0.715817079,1.44,0.082967928,0.068768103,0.04211956,1.39,0.065334525,5.03,0.121308399,0.139297985,0.01557589,0.03030079,0.043545208,0.013535375,0.06698791,0.022511402,0.053378382,0.005043561,0.419716004,0.02963049,0.160092882,0.053011935,104,749,9.23,7.5,0.03,0.03,7.13,55.7,15.5,8.53,64,58.2,16.2,5.3,90.30305127,86.27414056,68.80647391,13.45413296,4.013533676,4/21/2025,3.11,69.86,192.16,25.3,8,10,0,0,2,1,2,12.73666667,7.053333333,137.4,0,18.46857143,14.17033333,1.780333333,29.74,1,4.298238095,4.930018113,4,1,0,18.8,24.5,13.2,17.23,4.52,10.875,53.44431688,29.19058553,2.755453502,9.529276693,4.936854191,0,0.057405281,0.086107922,63.31182796,24.19354839,1.433691756,9.11827957,1.82078853,0,0.086021505,0.035842294,4/21/2025
25-0936,7:30:36 AM,Bull Run above UOSA,38.797717,-77.45866,PF02,S17,9.59,0.133335004,0.200415561,0.33102366,0.113677593,0.118333869,0.073470836,9.34,6.73,0.21457626,0.458377733,0.026794859,4.67,0.078726551,0.177051886,4.22,7.03,3.91,0.704943257,3.12,0.084877944,0.087398053,0.035957567,1.19,0.065843109,8.97,0.116827626,0.143628239,0.01817761,0.023815243,0.047970252,0.014121137,0.066793097,0.021259229,0.048968963,0.005171906,0.43506451,0.026847008,0.152058438,0.052202401,116,721,8.23,7.3,0.07,0.01,0.07,52.5,2.45,14,58.2,60.4,16.2,3.1,85.16128696,62.8477094,35.77444119,20.00275748,7.070510741,4/21/2025,3.11,69.86,192.16,25.3,8,10,0,0,2,1,2,12.73666667,7.053333333,137.4,0,18.46857143,14.17033333,1.780333333,29.74,1,4.298238095,4.930018113,4,1,0,18.8,24.5,13.2,17.23,4.52,10.875,48.61150873,31.5774406,2.776982537,11.30833095,5.553965073,0,0.057257372,0.114514744,62.57255464,24.81547832,1.59082766,9.10784665,1.820136152,0,0.057327123,0.035829452,4/21/2025
25-0939,8:40:00 AM,Cub Run above US50,38.909257,-77.466674,PF05,S10,22.74,0.135644642,0.237917109,60.25,0.114203177,0.13142721,0.071230319,37.99,7.25,0.213510125,0.392428734,0.025771956,17.73,3.64,0.172193704,126.04,12.58,29.46,0.710696237,3.51,0.082798585,3.08,0.040046906,2.33,0.068358341,26,0.111159303,0.140203986,0.016667568,0.021767682,0.045467594,0.015013742,0.066978478,0.024691807,0.055741442,0.00544532,0.420929452,0.02908846,0.177830959,0.054347726,90.6,1280,4.98,7.3,1.788412886,0.17838111,0.17,136,5.12,41.9,63.8,376,14.7,3.5,136.0867582,356.1815606,157.6354947,66.66059296,131.8854729,4/21/2025,4.26,56.28,166.6,17.1,8,10,0,0,2,0,2,12.41,6.816666667,129.1,0,17.68714286,13.30366667,1.991666667,26.99,0,4.38347619,4.230412668,4,1,0,18.4,23.6,13.2,16.69,5.24,10.965,73.93174649,14.85517637,0.68827072,9.664468024,0.143389733,0,0.716948666,0,69.40619621,23.88841079,0.839070568,4.410499139,0.157773953,0.860585198,0.437464142,0,4/21/2025
25-1056,8:40:00 AM,Bull Run Marina,38.7416667,-77.3883333,RE30,S27,15.73,0.43,0.219616206,0.314312898,0.115392184,0.12656644,0.069039464,15.76,8.04,0.227850453,0.382827156,0.027413043,4.71,0.37,0.165807111,2.3,11.51,3.11,0.775246768,0.369249595,0.092328136,0.086278779,0.030201272,0.340802165,0.067120116,0.377199787,0.114577928,0.147603607,0.018471402,0.028166103,0.04733061,0.012791527,0.070114761,0.022210986,0.057579685,0.0062209,0.406163905,0.028283126,0.170241044,0.053521078,106,713,9.57,7.7,0.03,0.04434862,3.3,50.4,8.3,11,61.2,57.6,20.5,9.6,106.7,66.93052824,49.55019532,12.22423939,5.156093529,4/21/2025,2.87,92.69,236.06,32.69,9,6,0,0,4,2,4,12.82333333,7.073333333,137.3,0,18.56571429,14.202,1.82,30.28,2,4.363714286,6.526545557,4,1,0,19,24.9,13.1,18.2,4.39,11.295,8.366762178,76.07449857,1.06017192,3.266475645,10.0286533,0,0.372492837,0.830945559,13.78593448,68.70026525,5.778191985,3.333572299,7.548928239,0,0.415800416,0.437307334,4/21/2025
25-0941,12:08:00 PM,Bull Run at Rt 34,38.8030556,-77.4497222,ST45,S15,16.07,0.69,0.201578107,0.329774209,0.119750864,0.134821012,0.071391715,17.12,6.69,0.224380525,0.471570615,0.026555562,5.58,0.079919761,0.155776036,2.74,10.68,3.46,0.74251111,0.375936248,0.085358664,0.082365558,0.033087117,1.77,0.064412446,8.06,0.108415213,0.136642521,0.018096814,0.02368631,0.048049101,0.015010002,0.063455069,0.024873523,0.055736032,0.004554561,0.420865301,0.029097704,0.174119302,0.050131193,110,743,8.49,7.5,0.09,0.02,4,53.1,10,10.8,61.1,59.6,18.6,4.4,82.51266033,77.2319222,52.98675394,18.60101141,5.644156844,4/21/2025,3.11,69.86,192.16,25.3,8,10,0,0,2,1,2,12.73666667,7.053333333,137.4,0,18.46857143,14.17033333,1.780333333,29.74,1,4.298238095,4.930018113,4,1,0,18.8,24.5,13.2,17.23,4.52,10.875,42.10074413,40.98454493,3.14825415,7.126502576,6.410990269,0,0.085861477,0.143102461,59.5553962,30.46253137,1.039799211,6.905700968,1.821441377,0,0.179275726,0.035855145,4/21/2025
25-1063,12:09:00 PM,Occoquan River Ravenwood Bridge,38.7175,-77.3941667,RE35,S31,8.07,0.134977423,0.236206454,0.328280881,0.112509927,0.130539731,0.06839737,3.21,3.06,0.216924338,0.428017671,0.026988975,1.79,0.076787209,0.163425954,0.193456691,6.47,1.16,0.731073787,0.373963102,0.086226794,0.079993192,0.039903046,0.334468097,0.06640243,2.37,0.101201548,0.139172002,0.018386857,0.02074965,0.04739047,0.014676673,0.066082204,0.02483483,0.054734992,0.007007719,0.447528721,0.02931327,0.174072454,0.053715305,39.8,265,12.8,8.6,0.03,0.044671038,2.151114979,17.7,1.99,5.9,23,13.2,21.7,11,48.5,31.15740977,21.06696782,6.984081059,3.106360885,4/24/2025,0,98.54,252.33,36.56,9,8,0,0,4,2,4,13.83333333,8.068888889,167,0,19.87285714,14.76466667,1.949666667,30.83,2,5.108190476,6.674041631,4,1,0,17.5,25.7,9.3,25.49,1.31,13.4,25.03580636,54.02463478,0.257805786,8.507590948,11.17158407,0,0.773417359,0.229160699,21.37842098,63.43315661,0.644791517,3.70396905,9.413956154,0.00716435,0.472847113,0.945694226,4/24/2025
25-1390,9:25:00 AM,Dead Run Central Branch,38.916168,-77.456154,FLOATD5 ,S4,238.03,0.48,7.72,1029.92,0.117966186,2.22,0.07021986,534.78,24.98,0.218751725,29.77,0.024914155,194.64,30.44,0.84,1718.38,144.92,260.69,0.696978635,71.44,5.02,53.4,0.0357031,34.47,0.069894763,183.13,5.29,0.141953406,0.017538769,1.41,0.050173811,0.012693398,0.077060299,0.023898314,0.051399354,0.005497339,0.425499705,0.025771533,0.17964952,0.056443626,68.2,493,7.87,7.1,0.04,0.01,0.1,30.7,4.6,4.75,57.6,51.02083943,16.2,4.1,66.78186856,4574.272007,2255.626426,504.4864954,1814.159086,5/19/2025,52.38,112.7,193.27,35.32,11,7,2,1,5,1,6,19.42666667,12.47222222,390.2,0,17.54,18.30066667,1.712666667,30.7,1,-0.760666667,6.158245601,5,1,0,19.1,25.2,13,18.89,2.84,10.865,53.92100744,41.15626789,0.400686892,4.207212364,0,0,0.314825415,0,62.62546602,31.64611414,0.616575853,3.728133066,0.06452538,0.781474046,0.5377115,0,5/19/2025
25-1391,1:22:00 PM,Trapp Branch,38.81986,-77.73179,FLOATM1,S14,0.677761328,0.39,0.220879324,0.312542971,0.119987347,0.125205825,0.085884778,0.96,1.2,0.200597907,0.444915247,0.028444042,0.73,0.080317367,0.167187767,0.185621666,0.439763687,1.56,0.714009687,0.71,0.086826661,0.071362606,0.034856196,0.334103151,0.068792817,2.24,0.122940127,0.146058318,0.55,0.023780808,0.050337246,0.017644408,0.07255196,0.0282015,0.054126701,0.005690545,0.405825943,0.029836204,0.166611179,0.049112341,9.69,114,8.45,7.4,0.06,0.02,1.45,13.8,2.1,5.67,4.82,7,22.1,21.5,57.66799494,13.91177765,4.947558081,5.943182841,3.021036734,5/19/2025,71.5,156.14,231.33,36.68,11,7,3,1,6,2,7,18.73666667,11.81333333,354.5,0,13.24714286,15.185,1.374333333,23.28,0,-1.937857143,10.28251564,5,1,0,18.5,23.7,13.2,14.18,2.45,8.315,8.106559725,27.75708966,63.16241765,0.515611573,0.286450874,0,0,0.171870524,8.081170228,45.12404991,44.98781012,1.61336584,0.136239782,0,0.007170515,0.050193604,5/19/2025
25-1392,12:05:00 PM,Furrs Run,38.5785,-77.63583,FLOATN1 ,S42,6.41,0.35,0.204029467,0.326462261,0.115592687,0.134761112,0.065073628,0.234977275,2.79,0.216495976,0.460383675,0.026428232,1.88,0.55,0.164115577,0.195551554,5.72,2.08,0.766206482,1.67,0.085220118,0.085939683,0.036513949,1.24,0.067480893,3.68,0.109648032,0.14373514,0.017610148,0.025182659,0.043408561,0.017469424,0.065145136,0.023040512,0.057217254,0.005908754,0.417851624,0.028278203,0.171000006,0.051993619,8.92,103,6.11,6.8,0.21,0.040688665,0.12,12.5,1.89,3.45,6.72,6.3,22.5,5.8,45.82161296,30.73272164,18.2042253,9.419412329,3.109084009,5/19/2025,68.16,104.91,208,25.9,8,7,3,1,5,1,5,19.92333333,12.87777778,417.8,0,18.56714286,21.40866667,1.745333333,32.21,2,-2.84152381,4.900351882,5,1,0,19,25.7,12.3,20.78,1.69,11.235,5.713465403,27.0456503,62.18776916,3.043353431,0,0,2.0097617,0,6.264783886,27.40305354,58.28256039,5.856211024,0.035839725,0,1.985520751,0.172030679,5/19/2025
25-1383,7:35:09 AM,UOSA Tributary,38.796984,-77.457145,PF01 ,S19,38.93,4.76,0.236996664,24.63,1.79,0.119606707,0.070137097,22.93,11.46,0.219952461,0.451179001,0.023478076,7.87,0.53,0.8,1.7,12.43,2.43,0.672457413,3.54,0.089378988,0.066152957,0.03616348,1.97,0.071481199,5.75,0.124285316,0.154961827,0.017769496,0.024078463,0.049573182,0.016463404,0.07137632,0.020930578,0.051555321,0.005301296,0.433011085,0.027716525,0.148321778,0.052143482,108,822,9.3,8.1,0.03,0.045689182,7.21,69.2,19.2,6.67,65.2,84.6,18.8,16.1,90.55671237,144.7744721,119.1212954,20.49828366,5.154893032,5/19/2025,50.83,138.47,234.69,36.56,10,7,1,1,6,2,6,19.80666667,12.74444444,409.5,0,18.87428571,19.418,1.472666667,32.03,1,-0.543714286,7.131012463,5,1,0,19.3,25.4,13.2,18.81,2.28,10.545,53.44431688,29.19058553,2.755453502,9.529276693,4.936854191,0,0.057405281,0.086107922,63.31182796,24.19354839,1.433691756,9.11827957,1.82078853,0,0.086021505,0.035842294,5/19/2025
25-1384,7:30:00 AM,Bull Run above UOSA,38.797717,-77.45866,PF02 ,S17,9.69,0.42,0.249174722,11.07,0.12659394,0.129011467,0.075013535,8.56,6.45,0.234134006,0.413719236,0.023620539,4.11,0.81,0.155977784,4.65,6.23,4.09,0.682767176,2.33,0.077972686,0.96,0.035897132,1.13,0.070549283,8.73,0.10792222,0.142671938,0.018945287,0.022921515,0.049742803,0.009688608,0.065209421,0.022594224,0.053871438,0.005161939,0.437247503,0.027056777,0.158328719,0.051667957,73.2,541,8.71,7.3,0.06,0.03,0.54,41.6,2.34,10.6,40.9,44.8,17.8,4.4,79.4400241,72.67746186,43.91651854,20.38065522,8.380288098,5/19/2025,50.83,138.47,234.69,36.56,10,7,1,1,6,2,6,19.80666667,12.74444444,409.5,0,18.87428571,19.418,1.472666667,32.03,1,-0.543714286,7.131012463,5,1,0,19.3,25.4,13.2,18.81,2.28,10.545,48.61150873,31.5774406,2.776982537,11.30833095,5.553965073,0,0.057257372,0.114514744,62.57255464,24.81547832,1.59082766,9.10784665,1.820136152,0,0.057327123,0.035829452,5/19/2025
25-1385,12:50:00 PM,South Run downstream of Vint Hill,38.7544227,-77.6752321,PF03 ,S23,7.15,0.37,0.178218627,8.19,0.117666086,0.126069567,0.067163777,6.36,3.47,0.228028065,0.436961452,0.028559109,3.47,0.66,0.151881863,1.56,4.58,5,0.692265931,1.8,0.5,0.080231891,0.038613015,0.342002469,0.061781949,10.46,0.111604443,0.140333281,0.020419958,0.024350502,0.045120195,0.013946213,0.065111845,0.020689087,0.065668987,0.004574784,0.4114432,0.02879018,0.167790456,0.052772867,31.6,182,8.38,7.3,0.03,0.01,0.26,15.5,1.82,5.6,15.2,5.93,21.6,1.3,50.71752542,57.2920598,32.64640433,20.31852243,4.327133035,5/19/2025,76.62,151.68,233.57,33.26,10,7,3,1,5,2,6,19.39,12.43777778,389.7,0,16.60428571,18.59633333,1.321333333,28.57,1,-1.992047619,8.156446611,5,1,0,18.9,24.7,13,17.14,2.22,9.68,31.20526768,15.4881191,49.84254223,3.263670198,0.14314343,0,0.057257372,0,29.91109837,30.84313163,32.06194436,3.061370806,2.609693146,0,0.157728707,1.35503298,5/19/2025
25-1386,9:18:00 AM,Broad Run at Bradley Forest,38.697913,-77.484825,PF04 ,S34,23,0.45,0.261370335,65.29,0.45,1.22,0.070991674,36.86,6.15,0.235405119,0.473819659,0.024062286,15.83,3.94,0.165465469,149.76,13.28,26.86,0.676801491,4.59,1.07,4.99,0.035898069,2.14,0.073476202,31.89,0.121611754,0.147660389,0.019315827,0.02676355,0.04959472,0.016075458,0.060132396,0.02510154,0.055775921,0.005148986,3.59,0.029971844,0.158087234,0.56,53.2,266,6.75,7.4,0.05,0.02,0.43,24.4,2.24,7.78,28,15,20.6,6.6,65.09987775,394.6525299,162.1542836,70.14736449,162.3508818,5/19/2025,54.64,125.91,234.71,29.61,10,7,3,1,6,2,6,19.71666667,12.69444444,406.4,0,17.48285714,18.64,1.254,30.18,2,-1.157142857,6.754828326,5,1,0,19.3,25.3,13.3,18.36,2.23,10.295,27.85571142,53.965073,10.392213,7.300314916,0.085886058,0,0.343544231,0.057257372,26.77176639,52.81261197,9.602293085,9.494804729,0.680759584,0.028663561,0.537441777,0.071658904,5/19/2025
25-1387,8:50:00 AM,Cub Run above US50,38.909257,-77.466674,PF05 ,S10,7.12,0.43,0.173051448,0.315957895,0.116256547,0.129072533,0.075035958,4.08,4.07,0.223242947,0.42305984,0.025415594,2.1,0.079781607,0.81,1.54,3.51,1.64,0.682868687,1.46,0.089082033,0.069227198,0.037280632,0.86,0.066546325,3.41,0.113344831,0.13425224,0.015234387,0.028440254,0.049060024,0.016366829,0.064340289,0.021617545,0.063576825,0.005356857,0.422423641,0.46,0.181671892,0.053483581,60.9,1030,5.04,7.3,0.07,0.010501873,0.68,103,5.61,31.6,55.5,261,18.1,6.4,136.8186699,35.16504844,20.26191664,9.507107092,5.396024706,5/19/2025,52.38,112.7,193.27,35.32,11,7,2,1,5,1,6,19.42666667,12.47222222,390.2,0,17.54,18.30066667,1.712666667,30.7,1,-0.760666667,6.158245601,5,1,0,19.1,25.2,13,18.89,2.84,10.865,73.93174649,14.85517637,0.68827072,9.664468024,0.143389733,0,0.716948666,0,69.40619621,23.88841079,0.839070568,4.410499139,0.157773953,0.860585198,0.437464142,0,5/19/2025
25-1388,10:39:00 AM,Occ High Dam,38.6938889,-77.2772222,ST01 ,S37,9.29,0.54,0.30025161,0.313031921,0.11850671,0.11967764,0.066096563,4.63,3.63,0.235524627,0.406077055,0.024403619,2.52,0.49,0.158759989,1.6,3.31,1.88,0.747058811,1.26,0.087575648,0.068698103,0.036268073,1.2,0.066872194,3.91,0.114543321,0.140327968,0.019133986,0.019748017,0.045881132,0.013731975,0.063445739,0.023516505,0.047627955,0.005710881,0.435661173,0.02672858,0.18189236,0.049482176,36.2,183,7.59,7.2,0.06,0.02,0.57,16.5,3.94,4.78,20.4,11.1,21.9,6.5,47.12988581,38.19623433,23.42690366,10.22440058,4.544930085,5/19/2025,101.64,205.51,358.16,64.64,10,7,2,1,5,2,5,19.97,12.94,419,2,18.19142857,19.125,1.717666667,32.51,8,-0.933571429,10.74562092,5,1,0,20.3,26.1,14.5,20.55,3.19,11.87,22.75329136,39.23869491,0.028620492,0.515168861,15.82713223,17.48712078,1.917572982,2.232398397,45.4512894,35.20773639,0.128939828,0.32234957,7.191977077,8.832378223,1.053008596,1.812320917,5/19/2025
25-1389,10:42:31 AM,Bull Run at Rt 44,38.8030556,-77.4497222,ST45 ,S15,21.51,2.27,0.192724433,17.71,1.04,0.125808227,0.069576281,15.06,8.76,0.230105361,0.439710828,0.024130002,6.59,0.69,0.164920095,3.42,9.77,3.39,0.809267163,3.01,0.091108887,0.080562545,0.035312002,1.77,0.067377271,8.06,0.106079085,0.144842097,0.019970317,0.02438015,0.044534803,0.013792034,0.055462258,0.022520076,0.055747868,0.00479437,0.427943119,0.027065277,0.158754131,0.055122278,86.5,652,7.65,7.4,0.1,0.03,2.96,51.3,8.52,9.4,52.4,58.9,20.5,9.8,86.6236134,106.541611,78.97166936,21.22115778,6.348783814,5/19/2025,50.83,138.47,234.69,36.56,10,7,1,1,6,2,6,19.80666667,12.74444444,409.5,0,18.87428571,19.418,1.472666667,32.03,1,-0.543714286,7.131012463,5,1,0,19.3,25.4,13.2,18.81,2.28,10.545,42.10074413,40.98454493,3.14825415,7.126502576,6.410990269,0,0.085861477,0.143102461,59.5553962,30.46253137,1.039799211,6.905700968,1.821441377,0,0.179275726,0.035855145,5/19/2025
25-1514,8:58:35 AM,Bull Run Marina Bottom,38.7416667,-77.3883333,RE30,S27,20.86,1.13,0.217370043,0.30507194,1.02,0.134755977,0.066251607,8.53,5.25,0.227350625,0.455683345,0.025841169,5.52,0.080782916,0.16557847,4.82,8.27,3.16,0.765804844,4.44,0.081835311,0.079854816,0.041313686,0.334499064,0.070075538,5.14,0.119940807,0.1582531,0.016597848,0.025389533,0.046787031,0.013448773,0.058175777,0.025237454,0.056522943,0.005133705,7.36,0.02627117,6.84,0.054398331,52.3,326,8.63,7.2,0.05,0.02,0.93,22.5,3.32,5.81,33.1,16.4,15.9,28.7,54.2,85.99822582,50.66960006,13.95713028,21.37149548,5/29/2025,44.49,219.83,369.2,57.88,12,5,2,0,7,3,7,19.14666667,14.40444444,474.2,0,13.13285714,17.339,1.293,31.62,1,-4.206142857,12.67835515,5,1,13.76,13.6,15.6,11.6,1.42,0.25,0.835,8.366762178,76.07449857,1.06017192,3.266475645,10.0286533,0,0.372492837,0.830945559,13.78593448,68.70026525,5.778191985,3.333572299,7.548928239,0,0.415800416,0.437307334,5/29/2025
25-1521,12:44:00 PM,Occoquan River at Ravenwood Bridge Surface,38.7175,-77.3941667,RE35 ,S31,9.59,0.42,0.218014095,0.324979996,0.119729594,0.125185902,0.063477341,3.96,3.66,0.210268607,0.454120644,0.02415155,2.08,0.45,0.156649858,1.05,2.88,1.94,0.704544455,0.380288644,0.082488117,0.084510626,0.036756854,0.97,0.067118919,3.6,0.122183195,0.132131531,0.019390732,0.029584393,0.040644068,0.015178796,0.062791289,0.025443691,0.049494752,0.005661666,0.426440355,0.027399619,0.170879327,0.051663635,37.1,267,9.05,7.3,0.05,0.02,0.32,20.1,2.41,6.5,23.6,13,17.2,14.3,52.7,34.83117225,20.98905186,9.954446085,3.887674305,5/29/2025,49.49,233.18,388.34,63.6,13,4,2,0,7,2,7,19.17333333,14.47,477.9,0,12.99142857,17.19,1.305666667,31.26,2,-4.198571429,13.56486329,5,1,14.51,13.9,15.9,11.8,1.54,0.32,0.93,25.03580636,54.02463478,0.257805786,8.507590948,11.17158407,0,0.773417359,0.229160699,21.37842098,63.43315661,0.644791517,3.70396905,9.413956154,0.00716435,0.472847113,0.945694226,5/29/2025
25-1765,1:50:00 PM,Hooes Run,38.68,-77.2894444,FLOATB1,S38,19.24,0.134003409,0.152597706,0.314281705,0.49,0.123551332,0.075961198,8.17,7.37,0.22682469,0.463132167,0.023747049,4.55,0.64,0.164251077,0.18492546,9.65,3.18,0.650360836,2.55,0.081503195,0.083278906,0.033940881,0.339009231,0.06826576,6.66,0.125454898,0.151619542,0.019320824,0.025199526,0.049108226,0.012492352,0.060602027,0.025172927,0.056853138,0.006320713,3.19,0.029546069,2.83,0.048998476,38.4,171,7.744455168,7.1,0.09,0.01,0.31,11.5,1.96,2.53,20.4,0.895416906,20.9,3.5,38.90331418,72.25032332,45.70540393,18.1701766,8.374742785,6/16/2025,34.73,127.86,429.98,21.88,12,6,2,0,6,0,6,20.36333333,17.38111111,689.5,3,20.97,18.32433333,1.229333333,32.21,3,2.645666667,6.977607189,6,1,19.22,18.8,20.4,17.2,2.14,0.34,1.24,71.60847167,24.38465942,0.028620492,0.601030338,2.14653692,0,0.973096737,0.25758443,73.80184827,20.96855076,0.007163837,0.788022065,3.481624758,0.107457554,0.51579626,0.3295365,6/16/2025
25-1757,7:05:54 AM,UOSA Tributary,38.796984,-77.457145,PF01,S19,62.29,7.72,0.244858184,0.321061808,2.58,0.128833598,0.070730198,28.77,17.09,0.219730927,0.455542588,0.023203526,10.4,0.6,0.17229826,2.14,14.83,2.77,0.689934469,4.48,0.074262624,0.073479204,0.035270606,2.36,0.066139712,5.95,0.118560756,0.140179043,0.019327654,0.025700932,0.045363478,0.013219487,0.059784685,0.026265527,0.056582187,0.006004885,0.399744585,0.02872904,0.163041029,0.058873162,106,859,8.32,7.4,0.1,0.02,12.3,76.7,25.4,6.3,68,94.9,21.6,6,94.64923474,165.7167222,134.0116904,26.71246275,4.992569041,6/16/2025,49.73,124.92,338.17,27.12,10,6,2,1,5,1,5,20.22,17.07555556,668.4,2,22.57428571,19.16133333,1.139666667,34.3,3,3.412952381,6.519379306,6,1,38.07,18.6,20.4,16.9,2.47,0.28,1.375,53.44431688,29.19058553,2.755453502,9.529276693,4.936854191,0,0.057405281,0.086107922,63.31182796,24.19354839,1.433691756,9.11827957,1.82078853,0,0.086021505,0.035842294,6/16/2025
25-1758,7:10:20 AM,Bull Run above UOSA,38.797717,-77.45866,PF02,S17,33.33,1.95,0.238281372,0.310910846,0.118990322,0.119888878,0.07397096,8.87,0.113012085,0.223533201,0.465152455,0.02740329,6.6,1.89,0.162952734,9.38,0.442000334,3.82,0.701983371,5.09,1.13,0.07901311,0.037537005,4.3,0.06775579,9.36,3.98,0.145527993,0.018242778,0.026711644,0.047463049,0.013632973,3.31,0.022791613,0.055147539,0.005247576,0.432639699,0.024179246,0.165211893,0.053454267,27.1,209,8.72,6.9,0.05,0.03,0.26,13.4,2.32,3.92,19.3,6.19,18.6,150,62.28233633,97.20263602,68.38376068,16.54585831,12.27301703,6/16/2025,49.73,124.92,338.17,27.12,10,6,2,1,5,1,5,20.22,17.07555556,668.4,2,22.57428571,19.16133333,1.139666667,34.3,3,3.412952381,6.519379306,6,1,38.07,18.6,20.4,16.9,2.47,0.28,1.375,48.61150873,31.5774406,2.776982537,11.30833095,5.553965073,0,0.057257372,0.114514744,62.57255464,24.81547832,1.59082766,9.10784665,1.820136152,0,0.057327123,0.035829452,6/16/2025
25-1759,11:20:00 AM,South Run downstream of Vint Hill,38.7544227,-77.6752321,PF03,S23,9.78,0.42,0.214988593,0.315623158,0.11585115,0.121591969,0.064706982,0.23710065,2.8,0.225846563,0.443883073,0.027437478,2.6,0.075782383,1.37,1.65,5.87,2.71,0.716316512,1.72,0.08144258,0.074749151,0.036370415,1.16,0.066826555,7.2,0.122623801,0.129114704,0.018881858,0.027635035,0.050248248,0.016777195,0.074127776,0.021540499,0.05150028,0.006206708,0.455591845,0.033019633,0.179203499,0.05775769,12.9,106,6.00298053,6.8,0.03,0.01,0.17,10.9,2.28,3.83,7.99,4.86494882,21,20.9,47.09867334,41.34274598,22.49446185,13.0871834,5.761100727,6/16/2025,63.98,158.4,373.13,27.96,10,6,3,1,7,2,8,19.75666667,16.69222222,637.1,1,19.71571429,17.351,1.017666667,29.58,2,2.364714286,9.129156821,6,1,74.85,18.4,19.9,16.9,1.54,0.29,0.915,31.20526768,15.4881191,49.84254223,3.263670198,0.14314343,0,0.057257372,0,29.91109837,30.84313163,32.06194436,3.061370806,2.609693146,0,0.157728707,1.35503298,6/16/2025
25-1760,8:50:00 AM,Broad Run at Bradley Forest,38.697913,-77.484825,PF04,S34,14.07,0.82,0.228456462,0.316556441,0.112223044,0.130273615,0.068318486,4.05,2.8,0.209803559,0.487144807,0.024351801,3.03,0.079922167,0.154200305,0.194818943,0.435286251,1.97,0.744676915,0.376650715,0.077924782,0.075366742,0.035863787,0.324285517,0.071594327,4.46,0.131611281,0.132987608,0.016089712,0.024593333,0.05066607,0.011555613,1.08,0.020656709,0.054504998,0.004953438,0.426486946,0.027780206,0.170516396,0.055980233,27.3,157,7.015869007,6.8,0.12,0.02,0.17,14,2.85,4.75,14.5,5.85,20,51.7,50.76687307,37.55610121,24.82571158,9.59844183,3.131947801,6/16/2025,57.76,134.82,345.24,31.74,12,6,3,1,6,1,6,20.07,17.02444444,662.1,1,20.06285714,17.686,0.968,30.18,3,2.376857143,7.622978627,6,1,41.16,18.7,20.4,17,2.2,0.13,1.165,27.85571142,53.965073,10.392213,7.300314916,0.085886058,0,0.343544231,0.057257372,26.77176639,52.81261197,9.602293085,9.494804729,0.680759584,0.028663561,0.537441777,0.071658904,6/16/2025
25-1761,8:20:50 AM,Cub Run above US50,38.909257,-77.466674,PF05,S10,15.74,0.69,0.195686128,0.32405236,0.114967874,0.126613957,0.069421519,7.6,7.72,0.21423099,0.392144495,0.025605634,3.21,0.07897518,1.35,1.51,0.439032965,1.22,0.717090291,1.99,0.090071839,0.078392695,0.037959059,0.320671967,0.063673703,4.72,0.114340657,0.142137116,0.01901449,0.026353936,0.047140804,0.012399784,0.71,0.022410034,0.058735813,0.00523904,0.409341126,0.032917333,0.180675743,0.05103351,12,126,6.76,6.4,0.05,0.03,0.16,7.63,1.86,2.09,12.6,4.902183695,18.1,19,33.55080944,50.87033004,31.33815557,14.05585312,5.476321354,6/16/2025,71.5,150.52,324.19,35.26,12,6,3,1,6,1,7,19.74666667,16.68777778,636.8,1,20.42571429,17.878,1.357,30.7,2,2.547714286,8.419286274,6,1,34.79,18.1,19.5,16.7,1.76,0.37,1.065,73.93174649,14.85517637,0.68827072,9.664468024,0.143389733,0,0.716948666,0,69.40619621,23.88841079,0.839070568,4.410499139,0.157773953,0.860585198,0.437464142,0,6/16/2025
25-1762,12:25:00 PM,Occoquan High Dam,38.6938889,-77.2772222,ST01,S37,16.74,0.85,0.217439454,0.314411386,0.63,0.119420075,0.074222609,6.7,4,0.214060229,0.444790685,0.022205911,3.23,0.5,0.168686093,2.28,6.47,1.99,0.734328834,2.01,0.074610456,0.083587246,0.03449565,1.48,0.071363236,4.06,0.113173058,0.142434016,0.019086414,0.029341829,0.050241365,0.013191607,0.062456165,0.023322062,0.054018825,0.005710642,0.437963745,0.027606221,0.178720557,0.050073514,32.1,222,5.408546889,7,0.14,0.02,0.79,20.7,3.68,5.49,19.3,15.1,23.2,5.1,57.9672088,54.72096188,38.68340126,10.85056111,5.186999514,6/16/2025,31.08,129.43,440.31,21.73,12,6,2,0,6,0,6,20.16666667,17.21555556,676.4,4,19.13428571,17.524,1.246666667,32.51,3,1.610285714,7.385870806,6,1,32.84,18.6,20.2,17.1,1.91,0.29,1.1,22.75329136,39.23869491,0.028620492,0.515168861,15.82713223,17.48712078,1.917572982,2.232398397,45.4512894,35.20773639,0.128939828,0.32234957,7.191977077,8.832378223,1.053008596,1.812320917,6/16/2025
25-1763,9:08:30 AM,Bull Run at Rt 35,38.8030556,-77.4497222,ST45,S15,50.01,3.99,0.214026103,0.312039465,4.45,0.129860585,0.064795057,14.39,0.112516759,0.234545138,0.489872739,0.024448512,11.89,0.080624519,13.33,0.183928099,0.445819379,5.56,0.695096016,7.12,0.082923734,0.086600367,0.037732626,11.78,0.077015741,13.45,0.107664137,0.149104767,0.016486753,0.025688201,0.051162154,0.01060851,0.058143651,0.025334814,0.05859609,0.006299951,29.3,0.029660571,26.21,0.055037445,25.8,205,7.68,6.7,0.06,0.03,0.5,14,3.12,3.74,16.2,7.27,18.8,323,83.62002725,195.3456319,104.6379509,19.51834832,71.18933264,6/16/2025,49.73,124.92,338.17,27.12,10,6,2,1,5,1,5,20.22,17.07555556,668.4,2,22.57428571,19.16133333,1.139666667,34.3,3,3.412952381,6.519379306,6,1,38.07,18.6,20.4,16.9,2.47,0.28,1.375,42.10074413,40.98454493,3.14825415,7.126502576,6.410990269,0,0.085861477,0.143102461,59.5553962,30.46253137,1.039799211,6.905700968,1.821441377,0,0.179275726,0.035855145,6/16/2025
25-1780,11:10:02 AM,Bull Run Marina,38.7416667,-77.3883333,RE30,S27,37.36,1.71,0.200340475,0.305925045,1.22,0.120123938,0.064955107,18.98,9.48,0.220995409,0.396415819,0.02436597,9.73,2.03,0.16968422,10.14,0.439854706,11.1,0.708331649,7.46,0.56,0.06955044,0.041477759,0.33610367,0.069695127,14.98,0.115721366,0.141332265,0.015971092,0.021039324,0.045952455,0.016248829,2.47,0.023225972,0.054408587,0.006484655,0.427096583,0.029058645,0.172732171,0.048020152,29.6,251,6.36,6.7,0.1,0.03,0.75,15.6,3.03,3.81,16.7,11.4,19.8,16.7,40.20625962,131.5051114,80.2030527,38.37762878,12.92442995,6/17/2025,71.69,160.46,451.76,36.92,12,6,3,1,7,1,7,19.92,17.19555556,676.1,2,20.48,17.55266667,1.147,32.13,3,2.927333333,9.141630901,6,1,4.78,18.7,20.3,17.1,2.73,0.01,1.37,8.366762178,76.07449857,1.06017192,3.266475645,10.0286533,0,0.372492837,0.830945559,13.78593448,68.70026525,5.778191985,3.333572299,7.548928239,0,0.415800416,0.437307334,6/17/2025
25-1781,10:25:50 AM,Occoquan River Ravenwood Bridge,38.7175,-77.3941667,RE35,S31,13.45,0.45,0.176048684,0.334236615,0.113682397,0.123889178,0.078839887,3.7,2.8,0.223507844,0.430562001,0.026943575,2.5,0.49,1.38,1.48,6.55,1.53,0.770503454,1.52,0.08843657,0.077437685,0.036393937,0.325993476,0.072592688,3.49,0.122839805,0.142197882,0.016195177,0.024691588,0.043612039,0.014055409,0.86,0.023656571,0.061294016,0.005491687,0.430056573,0.033146864,0.171013558,0.053568267,16.5,163,7.36,6.6,0.08,0.05,0.28,10.9,2.7,3.62,10.9,5.24,19.8,18.6,44.3629412,44.22088743,30.0127379,8.626976872,5.581172659,6/17/2025,63.96,160.08,463.49,28.03,12,6,3,1,8,1,8,19.91333333,17.24555556,679,1,19.87142857,17.214,1.139333333,31.26,3,2.657428571,9.299407459,6,1,5.32,18.8,20.4,17.2,2.89,0.07,1.48,25.03580636,54.02463478,0.257805786,8.507590948,11.17158407,0,0.773417359,0.229160699,21.37842098,63.43315661,0.644791517,3.70396905,9.413956154,0.00716435,0.472847113,0.945694226,6/17/2025
25-1922,12:35:00 PM,Sand Branch at Pleasant Valley Rd,38.9165611,-77.4720556,FLOATD1 ,S3,7.92,0.131235585,0.210439629,6.611,0.11310085,0.123499582,0.07198688,5.155,3.618,0.235497607,0.428766285,0.027921719,2.294,1.509,0.173015675,0.18177874,5.155,10.199,0.677443808,1.26,0.0794927,0.080552564,0.039085551,0.324429177,0.071723536,7.221,0.119524219,0.135885316,0.018092909,0.02599158,0.264,0.014891227,0.061795195,0.023787095,0.045319836,0.005806484,0.426680404,0.027592949,0.172175126,0.04930072,27.8,1320,7.78,7.2,0.03,0.01,0.57,169,2.38,58.2,38.7,526,26.1,6,161.4291773,55.30281295,29.21639644,22.85287745,3.233539056,7/7/2025,20.07,169.29,387.81,35.26,14,5,1,0,6,2,8,25.25333333,19.65444444,890.2,13,26.44571429,22.115,1.139666667,37.55,9,4.330714286,7.654985304,7,1,0.29,27.1,31.9,22.3,20.9,1.34,11.12,62.05612829,26.00229095,1.288659794,6.500572738,0,3.035509737,1.116838488,0,57.09885387,32.57163324,1.489971347,4.505730659,0.150429799,3.08739255,0.830945559,0.26504298,7/7/2025
25-1925,8:35:00 AM,Dead Run Central A​,38.91554,-77.4544,FLOATD7 ,S7,230.159,0.133149624,0.257105032,1109.444,0.115175406,1.624,0.076776968,493.166,17.58,0.218963264,26.64,0.026743805,184.74,20.654,0.168264489,1798.481,127.5,170.76,0.647698351,51.207,3.284,49.688,0.038252859,24.369,0.065048654,116.819,4.871,0.142695913,0.018284677,0.030262817,0.545,0.013865849,0.071658074,0.02567229,0.056820544,0.007245535,0.440884924,0.026839534,0.149362856,0.05456006,44.1,456,7.8,7.1,0.03,0.01,0.05,34.9,4.87,5.36,43.8,71.85081758,22.5,7.1,57.32796626,4434.316332,2225.863066,329.3315081,1879.121757,7/7/2025,20.07,169.29,387.81,35.26,14,5,1,0,6,2,8,25.25333333,19.65444444,890.2,13,26.44571429,22.115,1.139666667,37.55,9,4.330714286,7.654985304,7,1,0.29,27.1,31.9,22.3,20.9,1.34,11.12,59.40906483,38.26735513,0,2.323580034,0,0,0,0,62.11024299,32.53530213,0.544763816,3.669987814,0.064511505,0.616443266,0.458748477,0,7/7/2025
25-1926,9:00:00 AM,Dead Run Central B​,38.915255,-77.452584,FLOATD8 ,S8,260.893,0.135247326,0.216699698,1237.007,0.120496874,2.004,0.072205256,575.316,18.235,0.210757264,35.809,0.025486281,204.558,22.166,0.179616981,2523.543,142.869,192.431,0.655066199,60.586,3.857,73.603,0.038638963,31.131,0.064170161,133.988,6.241,0.140816798,0.018965548,0.031762248,0.046607034,0.011681669,0.056553081,0.026115909,0.057137978,0.006246508,0.431980371,0.031165027,0.163438788,0.053400691,43.2,465,7.4,7.2,0.03,0.01,0.09,37.1,5.3,5.74,45.1,72.18699272,22,2.1,65.86393026,5527.031257,2519.002198,370.9063127,2637.122746,7/7/2025,20.07,169.29,387.81,35.26,14,5,1,0,6,2,8,25.25333333,19.65444444,890.2,13,26.44571429,22.115,1.139666667,37.55,9,4.330714286,7.654985304,7,1,0.29,27.1,31.9,22.3,20.9,1.34,11.12,62.57879656,36.4756447,0,0.945558739,0,0,0,0,62.43549312,32.59030963,0.544724771,3.562213303,0.043004587,0.408543578,0.415711009,0,7/7/2025
25-1938,11:00:00 AM,Hooes Run at Old Bridge Rd,38.68,-77.2894444,FLOAT B1 ,S38,13.481,0.139270664,0.223271748,14.873,0.11701883,0.130425407,0.074576937,10.656,13.28,0.211358496,0.555179787,0.024291703,5.687,0.078933737,0.16575169,2.095,13.798,3.73,0.67967104,3.404,0.083580217,0.080141294,0.035978584,1.543,0.065904379,7.508,0.111218661,0.125835906,0.018572218,0.023432842,0.046057745,0.01245135,0.068965939,0.021277935,0.056470358,0.005655284,0.446494463,0.029874398,0.15410014,0.048331767,35.9,200,7.48,7.1,0.06,0.02,0.28,14.9,2.59,3.49,23.1,5.62,25.3,1.1,45.06361821,93.88909352,63.95837729,24.88859835,5.042117876,7/9/2025,27.11,141.41,469.31,22.69,13,5,1,0,7,0,7,25.81666667,20.72,971.6,16,22.36714286,21.92666667,1.043,40.62,11,0.44047619,6.449224688,7,1,1.59,28.8,34.9,22.7,26.71,0.77,13.74,71.60847167,24.38465942,0.028620492,0.601030338,2.14653692,0,0.973096737,0.25758443,73.80184827,20.96855076,0.007163837,0.788022065,3.481624758,0.107457554,0.51579626,0.3295365,7/9/2025
25-1914,12:38:00 PM,UOSA Tributary,38.796984,-77.457145,PF01,S19,48.67,5.72,0.219268781,46,1.63,0.118360389,0.068604246,31.7,14.89,0.211717407,0.48936719,0.023009043,9.88,0.08192777,0.168075524,1.39,18.18,2.79,0.766200833,4.6,0.083485169,0.073920508,0.035549651,3.31,0.070999792,8.62,0.78,0.139511985,0.018877332,0.02817624,0.048414259,0.015474185,0.072904411,0.026293637,0.059171992,0.005844033,0.428375113,0.031367133,0.177300166,0.048395504,92,672,9.27,8,0.07,0.052972699,10.6,64.5,20.3,6.28,62.4,83.2,29,7.6,86.4315264,201.6705923,170.6302526,26.69442315,4.345916497,7/9/2025,36.65,210.48,454.06,41.23,11,6,1,1,8,4,8,25.91333333,20.58,960.5,16,27.54285714,23.92333333,0.982666667,38.61,11,3.61952381,8.798105058,7,1,9.11,29.2,35.9,22.6,31.57,0.66,16.115,53.44431688,29.19058553,2.755453502,9.529276693,4.936854191,0,0.057405281,0.086107922,63.31182796,24.19354839,1.433691756,9.11827957,1.82078853,0,0.086021505,0.035842294,7/9/2025
25-1915,12:45:00 PM,Bull Run above UOSA,38.797717,-77.45866,PF02,S17,9.88,0.135252448,0.194426327,12.82,0.120068459,0.131936523,0.05634001,9.52,6.07,0.23145847,0.420547522,0.025956686,4.62,0.34,0.163676642,1.67,8.15,3.82,0.661994626,3.59,0.084003181,0.077538705,0.035463538,1.14,0.072794801,8.11,0.122090503,0.13069161,0.016867097,0.026394216,0.045233942,0.015374711,0.070190047,0.023543446,0.044025337,0.005823604,0.430271572,0.025502472,0.173526702,0.051596962,58.5,498,8.54,7.6,0.04,0.01,0.15,53.7,2.27,12.6,37.9,75.5,27.7,2.5,99.75158288,73.32259016,50.23802101,18.64226034,4.442308814,7/9/2025,36.65,210.48,454.06,41.23,11,6,1,1,8,4,8,25.91333333,20.58,960.5,16,27.54285714,23.92333333,0.982666667,38.61,11,3.61952381,8.798105058,7,1,9.11,29.2,35.9,22.6,31.57,0.66,16.115,48.61150873,31.5774406,2.776982537,11.30833095,5.553965073,0,0.057257372,0.114514744,62.57255464,24.81547832,1.59082766,9.10784665,1.820136152,0,0.057327123,0.035829452,7/9/2025
25-1916,1:45:00 PM,South Run downstream of Vint Hill,38.7544227,-77.6752321,PF03,S23,10.19,0.134687915,0.236759076,6.33,0.113199185,0.130519955,0.056213176,4.38,2.81,0.216328119,0.35472693,0.02721646,2.04,0.28,0.167321499,0.183195809,5.81,3.83,0.753665185,1.51,0.0839671,0.081744963,0.039813396,0.3223549,0.06469699,6.94,0.124635921,0.150945366,0.019896553,0.025136368,0.045730118,0.01122988,0.073204099,0.024848923,0.047913418,0.005543408,0.442778953,0.032840691,0.166586527,0.052900501,16.8,143,8.66,7.4,0.02,0.056639196,0.08,11.8,2.18,4.61,12.2,14.1118212,28.9,6.3,40.91169703,48.31060138,31.1011318,14.18364769,3.025821888,7/9/2025,31.03,250.29,519.73,74.85,13,5,1,1,7,4,8,25.37666667,20.13444444,921.1,13,24.53857143,21.26966667,0.798,35.54,9,3.268904762,11.76746227,7,1,12.89,28.4,35,21.8,28.58,0.21,14.395,31.20526768,15.4881191,49.84254223,3.263670198,0.14314343,0,0.057257372,0,29.91109837,30.84313163,32.06194436,3.061370806,2.609693146,0,0.157728707,1.35503298,7/9/2025
25-1917,9:11:00 AM,Broad Run at Bradley Forest,38.697913,-77.484825,PF04,S34,8.3,0.137084304,0.213098623,5.25,0.12452518,0.119826403,0.068730066,4.33,3.85,0.203349752,0.396063356,0.026080057,2.02,0.078398686,0.151948295,0.182281938,6.06,1.27,0.616938825,1.4,0.08368468,0.085271033,0.036280206,0.347732827,0.065112176,3.91,0.106346176,0.145790742,0.020367698,0.024896387,0.047589771,0.016627048,0.063277225,0.025465745,0.059110408,0.005795701,0.436868032,0.026845643,0.155180737,0.051017664,29.6,245,7.42,7.4,0.03,0.036253779,0.3,18.8,2,6.17,19.2,11.5,27.1,6,57.82204781,40.51158538,28.22297251,9.432210357,2.85640252,7/9/2025,24.68,237.53,471.87,46.72,12,5,1,0,9,4,9,25.63666667,20.44222222,947.1,14,24.41857143,21.247,0.576333333,34.92,10,3.171571429,11.17946063,7,1,3.31,29,35.4,22.6,28.87,0.35,14.61,27.85571142,53.965073,10.392213,7.300314916,0.085886058,0,0.343544231,0.057257372,26.77176639,52.81261197,9.602293085,9.494804729,0.680759584,0.028663561,0.537441777,0.071658904,7/9/2025
25-1919,10:43:00 AM,Occoquan High Dam,38.6938889,-77.2772222,ST01,S37,15.77,0.52,0.208750199,10.28,0.118405583,0.125584194,0.064853717,7.95,3.98,0.222348524,0.477643371,0.021412754,3.21,0.23,0.168885764,1.64,7.2,1.7,0.74996005,0.373684652,0.083484003,0.077116599,0.038372236,0.99,0.066901851,5.45,0.11520418,0.138236819,0.019953088,0.026346448,0.048602162,0.015781827,0.064206301,0.021117122,0.055454333,0.005064689,0.442550708,0.028300658,0.165530844,0.059847665,31.1,233,12.3,8.5,0.01,0.054333264,0.55,20.3,3.85,5.17,21.8,16.3,30.9,3.8,58.90204954,62.92360034,46.6733015,11.6650503,4.585248543,7/9/2025,27.79,150.38,492.77,32.84,12,5,1,0,7,1,7,25.45,20.50333333,952.6,15,20.52714286,19.714,1.125,36.41,10,0.813142857,7.628081566,7,1,2.97,28.6,34.5,22.7,24.94,0.82,12.88,22.75329136,39.23869491,0.028620492,0.515168861,15.82713223,17.48712078,1.917572982,2.232398397,45.4512894,35.20773639,0.128939828,0.32234957,7.191977077,8.832378223,1.053008596,1.812320917,7/9/2025
25-1920,8:49:00 AM,Bull Run at Rt 36,38.8030556,-77.4497222,ST45,S15,30.15,2.73,0.212689595,26.39,0.79,0.12374364,0.061752945,18.99,9.43,0.219647823,0.448810233,0.024021072,6.74,0.36,0.15947911,1.45,12.36,2.78,0.798440634,3.9,0.084202599,0.074464115,0.035823252,1.52,0.061306391,8.02,0.125650666,0.141986954,0.015899107,0.03001877,0.053089269,0.013088198,0.059050399,0.015634708,0.061088802,0.00465082,0.443027048,0.02763402,0.159440673,0.052789603,72.1,535,5.62,7.3,0.1,0.02,4.82,55.5,10.3,9.34,48,75.6,27.1,10,90.15233667,129.1174304,103.8458086,20.88948346,4.382138351,7/9/2025,36.65,210.48,454.06,41.23,11,6,1,1,8,4,8,25.91333333,20.58,960.5,16,27.54285714,23.92333333,0.982666667,38.61,11,3.61952381,8.798105058,7,1,9.11,29.2,35.9,22.6,31.57,0.66,16.115,42.10074413,40.98454493,3.14825415,7.126502576,6.410990269,0,0.085861477,0.143102461,59.5553962,30.46253137,1.039799211,6.905700968,1.821441377,0,0.179275726,0.035855145,7/9/2025
25-2056,8:15:00 AM,Dead Run North Branch,38.916108,-77.456773,Float D4 ,S5,14.906,0.134765941,0.263495689,14.689,0.117307189,0.122346688,0.068296842,11.611,21.244,0.226349793,0.504835002,0.024205539,5.278,0.971,0.160488615,1.225,9.498,6.812,0.755593537,1.957,0.083946135,0.080613076,0.035562055,1.414,0.068315358,6.414,0.114920053,0.144542219,0.018468397,0.028279814,0.044651159,0.01184222,0.066395169,0.024831594,0.050449563,0.005818429,0.409287491,0.027434473,0.164124512,0.052287603,114,657,7.18,7.4,0.02,0.03,0.32,35.1,4.19,5.65,71.1,5.26,25.4,3.8,86.61636663,99.82845416,59.86511773,35.75465453,4.208681895,7/15/2025,38.09,167.45,394.87,35.26,14,5,2,0,6,2,8,26.16,21.33888889,1021.7,17,23.68714286,22.58,1.110333333,37.55,10,1.107142857,7.415854739,7,1,4.13,26.9,32,21.9,16.48,0.14,8.31,53.27798454,40.99627827,0.486687661,4.924133982,0,0,0.314915545,0,62.68539084,31.56838862,0.55169449,3.740058752,0.071648635,0.823959304,0.558859354,0,7/15/2025
25-2057,8:30:00 AM,Dead Run Central Branch,38.916168,-77.456154,Float D5 ,S4,218.799,0.131386503,7.07,992.178,0.116631557,1.699,0.067435542,466.837,18.141,0.212250512,31.231,0.023378464,174.639,21.221,0.158203361,1950.453,113.464,172.962,0.74488842,49.304,3.365,44.735,0.038613036,21.59,0.073398391,135.419,3.237,0.138256594,0.018231377,0.026608236,0.525,0.011157028,0.056075188,0.023272852,0.066114422,0.004810369,0.45992182,0.030795012,0.979,0.05353685,46.3,436,6.79,7.5,0.02,0.02,0.11,33,4.8,5.14,45.6,59.51026781,25.1,3.1,73.8412735,4430.302966,2040.444816,351.3271067,2038.531043,7/15/2025,38.09,167.45,394.87,35.26,14,5,2,0,6,2,8,26.16,21.33888889,1021.7,17,23.68714286,22.58,1.110333333,37.55,10,1.107142857,7.415854739,7,1,4.13,26.9,32,21.9,16.48,0.14,8.31,53.92100744,41.15626789,0.400686892,4.207212364,0,0,0.314825415,0,62.62546602,31.64611414,0.616575853,3.728133066,0.06452538,0.781474046,0.5377115,0,7/15/2025
25-2058,8:50:00 AM,Dead Run Central downstream of Perimeter Rd,38.915354,-77.450777,Float D9 ,S43,218.783,0.137862088,8.296,1013.515,0.115102248,2.101,0.067211396,485.851,16.776,0.224455898,42.047,0.02451601,169.44,19.45,0.180801356,2562.281,122.543,157.278,0.747054697,52.439,2.708,73.573,0.032563877,26.006,0.070348305,107.492,3.726,0.143620485,0.017591277,0.022858959,0.447,0.011377012,0.049971304,0.029598637,0.049095457,0.006485857,3.205,0.028238093,3.425,0.050855101,45,454,6.74,7.5,0.02,0.02,0.12,38.6,5.39,5.57,46,74.63525853,25.1,18.7,71.09196974,5093.391608,2092.67789,303.9371893,2696.776529,7/15/2025,38.09,167.45,394.87,35.26,14,5,2,0,6,2,8,26.16,21.33888889,1021.7,17,23.68714286,22.58,1.110333333,37.55,10,1.107142857,7.415854739,7,1,4.13,26.9,32,21.9,16.48,0.14,8.31,64.26934097,35.04297994,0,0.687679083,0,0,0,0,62.71939251,32.75306254,0.537287771,3.35983953,0.035819185,0.25789813,0.336700337,0,7/15/2025
25-2059,10:40:00 AM,Cub Run upstream of Dead Run,38.9165926,-77.4655216,Float O1 ,S2,67.328,0.134592904,0.213415744,260.482,0.121904215,0.116407597,0.06613219,141.918,7.867,0.228141742,26.868,0.02796374,53.44,7.275,0.170836707,910.145,55.915,64.845,0.721602241,17.48,1.868,27.789,0.036930245,4.642,0.071868812,96.537,0.121393046,0.148164526,0.019734392,0.026462387,0.512,0.015414936,0.059457667,0.022049601,0.054605834,0.005523966,0.422437126,0.030384195,0.171837107,0.053931114,24.5,444,6.65,7.6,0.06,0.02,0.15,41.5,18.8,6.39,30.9,71.71951674,25.5,3,81.82781157,1747.972192,601.7234161,178.6308512,967.6179248,7/15/2025,38.09,167.45,394.87,35.26,14,5,2,0,6,2,8,26.16,21.33888889,1021.7,17,23.68714286,22.58,1.110333333,37.55,10,1.107142857,7.415854739,7,1,4.13,26.9,32,21.9,16.48,0.14,8.31,51.64426651,38.28996283,0.629110666,7.206176723,0,1.458392908,0.772090363,0,60.12608353,32.45218139,1.038756358,4.362776703,0.157604413,1.031592521,0.759366717,0.07163837,7/15/2025
25-2061,10:30:00 AM,Broad Run East of Airport,38.727055,-77.5099491,FLOAT A4 ,S29,21.921,1,0.216850632,10.62,0.326,0.13001886,0.07067135,8.127,3.268,0.220370457,0.398704202,0.024294023,3.932,0.076951027,0.16189282,0.211078244,7.556,1.741,0.714666883,2.148,0.088408237,0.077443928,0.032519069,0.332863569,0.068859365,4.172,0.113380218,0.149977468,0.018685648,0.023558766,0.049256894,0.011131517,0.060263594,0.025351859,0.054264183,0.006143549,0.457312025,0.027656641,0.161265926,0.056477074,41.3,301,8.77,7.6,0.02,0.02,0.19,44.1,1.54,8.65,43.9,71.8,28.2,3.1,98.67171819,68.85131803,56.21433033,9.581943329,3.055044371,7/16/2025,38.75,218.52,476.25,46.72,14,5,1,0,7,3,7,26.41333333,21.74444444,1057.6,18,20.46142857,21.34,0.578,34.92,9,-0.878571429,10.23992502,7,1,0,27.6,32.6,22.6,21.15,0.59,10.87,79.05444126,7.478510029,2.091690544,8.452722063,0.544412607,0,1.977077364,0.401146132,69.97061564,8.263455888,14.11166057,5.876872357,0.731025586,0.007166918,0.752526338,0.2866767,7/16/2025
25-2055,6:45:00 AM,Cub Run above US50,38.909257,-77.466674,PF05,S10,17.26,0.134318053,0.207595945,41.12,0.118645461,0.133527353,0.069259072,23.41,5.48,0.210869739,0.506894057,0.024538179,9.36,1.9,0.159106421,96.93,9.78,13.66,0.704799997,2.77,0.081980367,2.64,0.036544164,1.37,0.072840988,16.35,0.128405942,0.139101412,0.020235736,0.024124689,0.048581462,0.015584746,0.067738663,0.023811074,0.050197529,0.00610078,0.42277708,0.028433443,0.156211375,0.059882619,56.1,1090,5.78,7.4,0.04,0.02,0.34,118,3.9,37.7,51.5,321,23.6,12.4,145.5548286,245.6821063,105.5934303,37.70135229,102.3873237,7/16/2025,41.11,136.32,399,34.79,14,5,2,0,5,1,7,26.27,21.49,1035.3,17,21.86857143,22.68466667,1.104333333,37.55,10,-0.816095238,6.00934552,7,1,0,27.6,32.5,22.6,21.78,0.81,11.295,73.93174649,14.85517637,0.68827072,9.664468024,0.143389733,0,0.716948666,0,69.40619621,23.88841079,0.839070568,4.410499139,0.157773953,0.860585198,0.437464142,0,7/16/2025
25-2089,7:20:21 AM,UOSA Tributary,38.796984,-77.457145,PF01,S19,52.37,6.02,0.235574867,52.88,1.5,0.123441899,0.061500714,35.68,18.05,0.218060517,0.403359376,0.026176555,9.48,0.45,0.16312833,0.75,17.78,3.62,0.664443405,3.49,0.087839773,0.082659593,0.037067896,2.19,0.061037304,8.09,0.109417085,0.139697904,0.018728494,0.028204926,0.04964693,0.012239466,0.062328904,0.020595811,0.058860895,0.006058464,0.433599143,0.031031719,0.161473817,0.053468211,86.1,772,6.91,7.7,0.06,0.041729246,12.2,65.4,20.2,7.54,56.3,86.8,24.6,3.2,83.80869823,215.699642,181.6488118,30.52133647,3.529493721,7/23/2025,37.65,217.97,550.78,44.94,11,5,1,1,7,4,7,27.67666667,22.73555556,1146.2,20,23.12,25.82166667,1.066,38.61,9,-2.701666667,8.441360614,7,1,0,25.8,31.8,19.8,27.93,1.18,14.555,53.44431688,29.19058553,2.755453502,9.529276693,4.936854191,0,0.057405281,0.086107922,63.31182796,24.19354839,1.433691756,9.11827957,1.82078853,0,0.086021505,0.035842294,7/23/2025
25-2090,7:15:00 AM,Bull Run above UOSA,38.797717,-77.45866,PF02,S17,11.64,0.133734045,0.252627399,9.52,0.118398945,0.111965742,0.064970701,7.85,6.87,0.218208127,0.459625031,0.026735836,3.68,0.39,0.179616487,0.193130432,9.38,3.41,0.734188836,1.79,0.088960261,0.084565657,0.037214358,0.338306317,0.07478706,6.7,0.11587353,0.143985123,0.01883499,0.021093832,0.049020308,0.010138847,0.068783083,0.021275102,0.054985024,0.005420142,0.451473553,0.028049924,0.167985282,0.053159288,48.6,526,6.43,7.5,0.02,0.02,0.47,49.8,2.4,12,29.9,67.4,22.8,1.9,98.32455831,65.55711326,44.71117477,17.6853503,3.160588186,7/23/2025,37.65,217.97,550.78,44.94,11,5,1,1,7,4,7,27.67666667,22.73555556,1146.2,20,23.12,25.82166667,1.066,38.61,9,-2.701666667,8.441360614,7,1,0,25.8,31.8,19.8,27.93,1.18,14.555,48.61150873,31.5774406,2.776982537,11.30833095,5.553965073,0,0.057257372,0.114514744,62.57255464,24.81547832,1.59082766,9.10784665,1.820136152,0,0.057327123,0.035829452,7/23/2025
25-2091,1:05:00 PM,Occoquan High Dam,38.6938889,-77.2772222,ST01,S37,12.23,0.139914777,0.251792058,5.59,0.116343532,0.128552449,0.068485843,4.5,2.9,0.215245775,0.426800048,0.026951548,2.2,0.31,0.153565075,0.182085967,5.84,1.45,0.672231328,1.62,0.079058432,0.086771199,0.034603155,0.33665288,0.069995957,4.31,0.127022493,0.147958721,0.01917602,0.025595597,0.047031903,0.015177444,0.0635626,0.023069329,0.054116346,0.005531619,0.443154391,0.030208904,0.174506692,0.051679632,18.5,144,9.22,7.3,1.132884189,0.142889906,0.08,12.7,3.24,3.62,13.6,8.16,28,4.7,47.46681653,45.16684171,32.84320823,9.286923114,3.036710375,7/23/2025,27.82,133.61,513.78,27.24,12,5,1,0,5,1,5,27,22.50333333,1125.3,18,17.83,19.87,1.263666667,36.41,8,-2.04,6.724207348,7,1,0,25.1,30,20.2,21.48,1.69,11.585,22.75329136,39.23869491,0.028620492,0.515168861,15.82713223,17.48712078,1.917572982,2.232398397,45.4512894,35.20773639,0.128939828,0.32234957,7.191977077,8.832378223,1.053008596,1.812320917,7/23/2025
25-2094,12:18:00 PM,Hooes Run at Old Bridge Rd,38.68,-77.2894444,ST05,S38,12.53,0.137993951,0.19413046,11.94,0.113701921,0.142455186,0.065095676,8.65,9.18,0.227313422,0.442781009,0.025172113,6.52,0.081018352,0.163540255,0.181027048,9.9,2.75,0.695910493,2.36,0.088014532,0.076669387,0.033590448,2.98,0.067862006,7.86,0.132737689,0.15035299,0.017096993,0.02802652,0.047645839,0.013635658,0.067163008,0.022463491,0.04941967,0.005439495,1.79,0.030027493,2.1,0.057369348,33.6,178,8.05,7.1,0.02,0.02,0.19,13.4,2.67,3.25,21.2,5.221163778,25.2,2,40.85754052,81.91765445,55.40904276,20.19319362,6.31541807,7/23/2025,27.59,154.2,503.79,38.23,13,4,1,0,5,1,5,27.26666667,22.71222222,1144.1,18,18.78285714,21.845,1.101666667,40.62,9,-3.062142857,7.058823529,7,1,0,25.4,30.9,19.9,24.06,1.34,12.7,71.60847167,24.38465942,0.028620492,0.601030338,2.14653692,0,0.973096737,0.25758443,73.80184827,20.96855076,0.007163837,0.788022065,3.481624758,0.107457554,0.51579626,0.3295365,7/23/2025
25-2092,11:00:00 AM,Lake Jackson,38.7051667,-77.4454833,ST10,S33,10.28,0.132531741,0.19158394,4,0.115853044,0.127322323,0.068075566,3.36,3.66,0.220349327,0.503583738,0.026110703,2.1,0.079226676,0.158959146,0.200404257,3.61,1.34,0.735169662,0.96,0.081004786,0.082620211,0.036660049,0.343759394,0.069133216,3.96,0.120651226,0.132344838,0.016751439,0.024995957,0.048236723,0.013866545,0.06420057,0.027379875,0.050151947,0.007027523,0.46471592,0.030023708,0.152504137,0.05536554,15.7,150,8.4,7.2,0.03,0.02,0.29,14.6,2.77,4.84,12.9,8.62,27.2,7.6,52.42898434,37.65056373,25.16214388,9.343712384,3.144707464,7/23/2025,41.72,185.08,532.06,42.34,12,5,1,1,5,3,5,27.25666667,22.51888889,1126.7,19,20.32285714,22.711,0.759333333,35.72,8,-2.388142857,8.149354938,7,1,0,25.1,30.8,19.4,24.3,0.65,12.475,28.17505721,59.23913043,0.85812357,4.090389016,7.179633867,0,0.257437071,0.200228833,29.30515759,62.84383954,1.568767908,2.944126074,2.908309456,0,0.085959885,0.343839542,7/23/2025
25-2093,8:34:46 AM,Bull Run at Rt 37,38.8030556,-77.4497222,ST45,S15,31.71,3.04,0.27085811,31.99,0.82,0.119822042,0.070786557,21.23,12.46,0.210850584,0.453862645,0.026741742,7.48,0.081605995,0.175261032,0.176414239,9.16,4.03,0.628312624,3.83,0.084847251,0.090637289,0.040276497,0.347117581,0.070128652,8,0.114247411,0.142528236,0.018782924,0.02179577,0.045861087,0.016008075,0.073723628,0.025819658,0.057162696,0.007080115,0.433500621,0.03137994,0.177073369,0.053354875,67.6,657,6.26,7.5,0.08,0.02,6.16,57.1,11.2,9.84,44.4,77.5,24.6,2.7,90.07706394,137.8158412,109.8740471,24.893414,3.048380161,7/23/2025,37.65,217.97,550.78,44.94,11,5,1,1,7,4,7,27.67666667,22.73555556,1146.2,20,23.12,25.82166667,1.066,38.61,9,-2.701666667,8.441360614,7,1,0,25.8,31.8,19.8,27.93,1.18,14.555,42.10074413,40.98454493,3.14825415,7.126502576,6.410990269,0,0.085861477,0.143102461,59.5553962,30.46253137,1.039799211,6.905700968,1.821441377,0,0.179275726,0.035855145,7/23/2025
25-2107,10:47:12 AM,Occoquan Reservoir Near Dam Surface,38.6962667,-77.3883333,RE02,S36,10.9,0.133071574,0.235604952,5.12,0.11773264,0.135664204,0.066559916,4.19,2.62,0.222449058,0.417112557,0.027214297,1.98,0.076449144,0.168842373,0.176532478,5.62,1.16,0.686657324,0.92,0.081633778,0.079326903,0.041254378,0.326637113,0.060622135,3.6,0.127231031,0.151996089,0.019632208,0.026725307,0.043970662,0.014101724,0.067364159,0.019343893,0.055227421,0.004980691,0.456619658,0.029704052,0.164840634,0.051675797,17,130,8.77,7.4,0.02,0.034550267,0.13,12.2,3.31,3.51,12.9,8.26,28.1,6.9,42.6,40.39677815,29.58398924,7.775351825,3.03743708,7/25/2025,3.07,156.37,536.85,33.05,12,5,0,0,5,3,5,26.95333333,22.72333333,1145.1,16,21.23,21.58633333,1.033,36.58,6,-0.356333333,7.243935206,7,1,0,26.8,31.8,21.8,21.49,1.42,11.455,17.28784404,76.77752294,0,4.759174312,0,0,0.143348624,1.032110092,28.14113597,67.383821,0.014343087,3.384968445,0.114744693,0,0.207974756,0.753012048,7/25/2025
25-2122,11:16:39 AM,Occoquan Reservoir Near Dam Bottom,38.6962667,-77.3883333,RE02,S36,11.73,0.138505792,0.212736725,6.73,0.110106976,0.110940976,0.061336953,6.01,3.33,0.223316092,0.495982029,0.025017832,2.53,0.26,0.176878985,0.79,6.58,1.77,0.756479398,1.71,0.083185592,0.078148032,0.035860909,0.3369001,0.067836353,4.38,0.125206803,0.149242637,0.01904849,0.028232632,0.054401248,0.016904834,0.064397839,0.024673369,0.051799962,0.004354234,0.434861974,0.030521711,0.171618067,0.051393511,41.3,255,3.64,6.4,0.18,0.02,0.63,21.1,3.77,5.53,22.7,14.2,18.5,6.6,58.9,49.95989005,36.1451501,10.06242699,3.752312963,7/25/2025,3.07,156.37,536.85,33.05,12,5,0,0,5,3,5,26.95333333,22.72333333,1145.1,16,21.23,21.58633333,1.033,36.58,6,-0.356333333,7.243935206,7,1,0,26.8,31.8,21.8,21.49,1.42,11.455,17.28784404,76.77752294,0,4.759174312,0,0,0.143348624,1.032110092,28.14113597,67.383821,0.014343087,3.384968445,0.114744693,0,0.207974756,0.753012048,7/25/2025
25-2158,1:10:45 PM,Ryans Dam Bottom,38.7211833,-77.3512833,RE15,S30,10.39,0.140335171,0.219238738,4.84,0.113986439,0.121976891,0.062408541,3.4,2.3,0.220254295,0.407383652,0.024887766,1.75,0.077402187,0.166228461,0.195275609,4.55,1.13,0.765085099,1.5,0.085485915,0.088946788,0.037265721,0.344546223,0.073499572,3.86,0.114855812,0.13887216,0.017987273,0.024730896,0.048821178,0.013780701,0.068527221,0.024089673,0.051217918,0.006889318,0.387054065,0.032644695,0.154496794,0.052497851,15.8,139,0.15,6.6,0.34,0.04,0.23,11.4,3.2,3.45,11.8,6.04,24.6,5.7,44.5,38.00067262,27.28819968,7.679394995,3.033077948,7/25/2025,2.7,139.55,525.83,26.81,11,5,0,0,5,2,5,26.86666667,22.72666667,1145.4,17,20.22571429,20.27233333,1.207333333,36.03,6,-0.046619048,6.883766052,7,1,0,26.8,31.5,22,20.26,1.73,10.995,12.13077144,65.95927732,0,1.03240608,19.78778319,0,0.25810152,0.831660453,12.25542894,72.81588189,0.953200029,2.171576005,11.13738981,0,0.279509783,0.387013545,7/25/2025
25-2149,1:00:52 PM,Ryans Dam Surface,38.7211833,-77.3512833,RE15,S30,12.92,0.133354719,0.183670122,6.66,0.113192985,0.123775108,0.069021897,5.87,3.31,0.218587041,0.497984615,0.022580819,2.35,0.072388433,0.159349325,0.176488611,7.07,1.53,0.723727061,1.21,0.079520241,0.077003814,0.039752193,0.83,0.077963544,3.62,0.120747796,0.15024357,0.018558689,0.026000829,0.052320225,0.010600197,0.07088185,0.021533681,0.056712896,0.006411427,0.455534661,0.030395482,0.165659681,0.054848976,18.2,154,13.4,9,0.02,0.01,0.32,15.2,3.76,4.09,11.4,10.7,30.3,5.7,49.7,49.37881049,37.43089108,8.841837056,3.106082356,7/25/2025,2.7,139.55,525.83,26.81,11,5,0,0,5,2,5,26.86666667,22.72666667,1145.4,17,20.22571429,20.27233333,1.207333333,36.03,6,-0.046619048,6.883766052,7,1,0,26.8,31.5,22,20.26,1.73,10.995,12.13077144,65.95927732,0,1.03240608,19.78778319,0,0.25810152,0.831660453,12.25542894,72.81588189,0.953200029,2.171576005,11.13738981,0,0.279509783,0.387013545,7/25/2025
25-2174,9:28:03 AM,Bull Run Marina Bottom,38.7416667,-77.3883333,RE30,S27,26.82,2.06,0.236108555,24.79,0.46,0.127249341,0.067008995,17.62,10.12,0.218796866,0.427170865,0.024340408,5.57,0.38,0.160107049,0.197596987,12,3.15,0.649263851,2.78,0.088301046,0.074961653,0.039601918,1.19,0.073301498,7.33,0.114833331,0.15068362,0.017033317,0.030700216,0.042443633,0.012627033,0.070997601,0.025003664,0.060588505,0.006348022,0.457292977,0.029988931,0.157926113,0.053123474,60.8,433,3.31,7.1,0.23,0.02,4.32,46.9,9.32,8.65,40.9,57.1,26.8,14.6,88.9,117.8833995,93.56711965,21.30433711,3.011942706,7/25/2025,2.42,169.98,550.29,51.82,12,5,0,0,5,2,5,27.04333333,22.75333333,1147.8,17,21.90571429,22.361,1.031,37.6,6,-0.455285714,7.601627834,7,1,0,26.9,32,21.9,22.04,1.56,11.8,8.366762178,76.07449857,1.06017192,3.266475645,10.0286533,0,0.372492837,0.830945559,13.78593448,68.70026525,5.778191985,3.333572299,7.548928239,0,0.415800416,0.437307334,7/25/2025
25-2168,9:20:37 AM,Bull Run Marina Surface,38.7416667,-77.3883333,RE30,S27,27.15,2.08,0.273048679,26.33,0.58,0.125166799,0.058292719,18.58,9.85,0.214713588,0.535130364,0.023289249,5.81,0.43,0.17048488,0.192824702,11.31,3.17,0.709239406,2.28,0.082832511,0.072610872,0.038698737,1.24,0.068236539,6.64,0.129421531,0.149703188,0.018137522,0.026931225,0.051157267,0.015233653,0.069232963,0.02727893,0.049660581,0.005965954,0.442972738,0.026748054,0.174527821,0.056891603,58.1,442,9.94,8.1,0.03,0.063180124,4.16,44.3,8.57,8.34,39.1,52.9,28.1,9.4,88.9,119.2584321,95.6352463,20.41244101,3.210744768,7/25/2025,2.42,169.98,550.29,51.82,12,5,0,0,5,2,5,27.04333333,22.75333333,1147.8,17,21.90571429,22.361,1.031,37.6,6,-0.455285714,7.601627834,7,1,0,26.9,32,21.9,22.04,1.56,11.8,8.366762178,76.07449857,1.06017192,3.266475645,10.0286533,0,0.372492837,0.830945559,13.78593448,68.70026525,5.778191985,3.333572299,7.548928239,0,0.415800416,0.437307334,7/25/2025
25-2175,2:23:18 PM,Occoquan River at Ravenwood Bridge Surface,38.7175,-77.3941667,RE35,S31,10.64,0.133974343,0.251921396,4.24,0.114899926,0.114658162,0.06599756,3.17,2.82,0.222011297,0.452869273,0.025378252,1.77,0.38,0.15862397,0.179477125,5.04,1.33,0.642344397,0.375968554,0.085151188,0.084096295,0.039725598,0.348703515,0.064699333,2.59,0.118591638,0.146062557,0.017030394,0.028043547,0.051735899,0.016076264,0.066258365,0.022016595,0.054404236,0.004828869,0.426895869,0.031272805,0.171670092,0.057331239,12.8,128,13.1,8.9,0.02,0.01,0.03,12.9,3.11,4.22,8.12,7.81,31.3,11.8,47.5,36.55271856,26.10084412,7.43654412,3.015330312,7/25/2025,3.07,156.37,536.85,33.05,12,5,0,0,5,3,5,26.95333333,22.72333333,1145.1,16,21.23,21.58633333,1.033,36.58,6,-0.356333333,7.243935206,7,1,0,26.8,31.8,21.8,21.49,1.42,11.455,25.03580636,54.02463478,0.257805786,8.507590948,11.17158407,0,0.773417359,0.229160699,21.37842098,63.43315661,0.644791517,3.70396905,9.413956154,0.00716435,0.472847113,0.945694226,7/25/2025
25-2182,2:28:20 PM,Occoquan River at Ravenwood Bridge Bottom,38.7175,-77.3941667,RE35,S31,10.89,0.141619277,0.200720463,3.87,0.113962938,0.12474021,0.074603498,3.58,2.92,0.213270348,0.388071322,0.026797162,1.69,0.082505139,0.167486593,0.191775271,5.95,1.45,0.692802886,1.16,0.08522059,0.081117312,0.042161837,0.340450293,0.069807155,3.88,0.116442323,0.135821317,0.017988185,0.022974266,0.047602097,0.014332631,0.061692405,0.025303577,0.064095782,0.004698276,0.43028475,0.028715597,0.167961041,0.052102516,12.5,126,3.57,6.7,0.13,0.04,0.37,12.8,3.16,4.2,7.94,7.67,26.3,9.8,45.8,39.61712706,28.00123728,8.642666878,2.973222896,7/25/2025,3.07,156.37,536.85,33.05,12,5,0,0,5,3,5,26.95333333,22.72333333,1145.1,16,21.23,21.58633333,1.033,36.58,6,-0.356333333,7.243935206,7,1,0,26.8,31.8,21.8,21.49,1.42,11.455,25.03580636,54.02463478,0.257805786,8.507590948,11.17158407,0,0.773417359,0.229160699,21.37842098,63.43315661,0.644791517,3.70396905,9.413956154,0.00716435,0.472847113,0.945694226,7/25/2025
25-2375,9:40:06AM,UOSA Tributary,38.796984,-77.457145,PF01,S19,38.01,4.35,0.249735425,42.33,1.15,0.122003938,0.079116352,26.85,14.06,0.233065919,0.420992307,0.023653471,6.71,0.33,0.165699413,0.183423281,13.89,2.29,0.704621255,3.48,0.085916272,0.072621786,0.041512815,1.47,0.070389068,6.05,0.119036466,0.145142464,0.022933032,0.023480011,0.048817534,0.020137915,0.059731331,0.02662542,0.055265762,0.006094734,0.45172305,0.02919,0.146199902,0.053891232,95.6,850,7.04,7.4,0.07,0.01,12.6,66.4,22.7,8.17,64.7,100,24.9,8.7,82.19168579,164.6310202,138.4975136,23.06050331,3.073003277,8/12/2025,0,137.56,492.04,44.94,8,10,0,0,5,2,5,26.09,24.09333333,1268.4,12,23.46571429,23.983,0.96,34.55,5,-0.517285714,5.735729475,8,1,0,25.9,31,20.7,21.34,0.89,11.115,53.44431688,29.19058553,2.755453502,9.529276693,4.936854191,0,0.057405281,0.086107922,63.31182796,24.19354839,1.433691756,9.11827957,1.82078853,0,0.086021505,0.035842294,8/12/2025
25-2376,9:35:23AM,Bull Run above UOSA,38.797717,-77.45866,PF02,S17,10.16,0.133631542,0.209807273,10.02,0.119510503,0.12633777,0.070868438,7.23,5.72,0.217095765,0.42574692,0.028804825,3.45,0.37,0.153808333,0.198759602,7.57,2.62,0.744711887,2.76,0.08609149,0.077912508,0.036633782,0.339551193,0.066862633,7.74,0.112278633,0.137119594,0.01902559,0.02469089,0.04512191,0.014340832,0.065018125,0.023246924,0.053093738,0.005925423,0.439038315,0.027549117,0.161593755,0.05237384,64.3,797,6.65,7.6,0.03,0.02,0.08,91.2,2.51,18.9,39.1,180,22.8,1.5,104.3496772,61.85655115,42.03777462,16.76455468,3.054221851,8/12/2025,0,137.56,492.04,44.94,8,10,0,0,5,2,5,26.09,24.09333333,1268.4,12,23.46571429,23.983,0.96,34.55,5,-0.517285714,5.735729475,8,1,0,25.9,31,20.7,21.34,0.89,11.115,48.61150873,31.5774406,2.776982537,11.30833095,5.553965073,0,0.057257372,0.114514744,62.57255464,24.81547832,1.59082766,9.10784665,1.820136152,0,0.057327123,0.035829452,8/12/2025
25-2379,10:45:07AM,Cub Run above US50,38.909257,-77.466674,PF05,S10,6.62,0.133760319,0.173863682,6.26,0.11454948,0.118960932,0.074488577,4.06,2.11,0.208935606,0.39380124,0.025728276,2.28,0.87,0.170027889,3.27,2.46,5.33,0.678467482,0.92,0.081895708,0.074512458,0.034245432,0.337779634,0.07052275,5.29,0.117653227,0.145381726,0.018460718,0.030016594,0.046106623,0.009076866,0.060972819,0.024430496,0.058192936,0.006139869,0.412705688,0.02856254,0.176142157,0.054367474,29.8,1380,7.34,7.8,0.03,0.044008884,0.35,181,2.4,61.4,39.7,584,23.6,11,150.9028238,43.3497492,23.45292501,13.91111366,5.985710529,8/12/2025,0,60.97,368.29,14.28,8,9,0,0,3,0,3,25.68333333,23.65666667,1229.1,12,22.00857143,22.85566667,1.013,32.36,5,-0.847095238,2.667609783,8,1,0,25.3,30.3,20.4,19.45,0.46,9.955,73.93174649,14.85517637,0.68827072,9.664468024,0.143389733,0,0.716948666,0,69.40619621,23.88841079,0.839070568,4.410499139,0.157773953,0.860585198,0.437464142,0,8/12/2025
25-2382,11:37:12AM,Bull Run at Rt 38,38.8030556,-77.4497222,ST45,S15,26.94,2.64,0.199694336,30.56,0.78,0.122094259,0.06332934,19.4,11.07,0.223687189,0.45982073,0.026792768,4.83,0.080272206,0.16650418,0.187300262,9.16,2.25,0.723065172,2.5,0.092959497,0.085949537,0.04153478,1.36,0.077599018,5.09,0.107912155,0.138351483,0.017350739,0.030049173,0.049427909,0.012291547,0.068607912,0.025508066,0.054768801,0.005764535,0.437655807,0.031024683,0.181563406,0.054953837,86.9,819,6.9,7.6,0.1,0.02,7.98,71.7,17.5,10.9,56.6,119,25.7,4.9,92.64792768,120.3458333,98.43133804,18.80929084,3.105204446,8/12/2025,0,137.56,492.04,44.94,8,10,0,0,5,2,5,26.09,24.09333333,1268.4,12,23.46571429,23.983,0.96,34.55,5,-0.517285714,5.735729475,8,1,0,25.9,31,20.7,21.34,0.89,11.115,42.10074413,40.98454493,3.14825415,7.126502576,6.410990269,0,0.085861477,0.143102461,59.5553962,30.46253137,1.039799211,6.905700968,1.821441377,0,0.179275726,0.035855145,8/12/2025
25-2377,13:15PM,South Run downstream of Vint Hill,38.7544227,-77.6752321,PF03,S23,6.67,0.138544325,0.241704092,7.09,0.115562621,0.124769501,0.067893272,5.03,3.22,0.226842582,0.455467036,0.025053504,2.27,0.080831004,0.165419929,0.1869464,6.89,4.37,0.744705417,1.99,0.078918949,0.089475872,0.034717165,0.347892951,0.073119522,10.92,0.116009647,0.133540762,0.017956517,0.027831898,0.049278972,0.018207411,0.064359786,0.028435352,0.051072306,0.005503825,0.427244168,0.029662074,0.171697322,0.051323112,19.8,131,9.33,7.5,0.01,0.02,0.27,14,2.78,4.97,11.8,12.27914508,25.4,1.3,45.53298985,52.83998729,30.80127353,18.89844732,3.140266436,8/13/2025,0,116.12,543.93,72.85,7,11,0,0,2,1,3,25.24666667,23.58222222,1222.4,9,19.30714286,21.01033333,0.641,29.38,3,-1.703190476,5.526804271,8,1,0,26.9,31.9,22,19.75,0.51,10.13,31.20526768,15.4881191,49.84254223,3.263670198,0.14314343,0,0.057257372,0,29.91109837,30.84313163,32.06194436,3.061370806,2.609693146,0,0.157728707,1.35503298,8/13/2025
25-2378,12:30PM,Broad Run at Bradley Forest,38.697913,-77.484825,PF04,S34,8.8,0.132258894,0.245106522,6.32,0.112701672,0.129413933,0.066323298,4.96,5,0.220907038,0.42790497,0.023149416,2.59,0.080234665,0.164686901,0.189214274,5.31,1.71,0.610270753,1.55,0.084625033,0.077081959,0.035572768,0.326128011,0.073614146,3.99,0.114854141,0.150817983,0.017862311,0.027048669,0.048837485,0.013208315,0.071544199,0.019439422,0.054433013,0.005910328,0.433572552,0.028507755,0.163246772,0.052882414,43.1,340,7.24,7.6,0.03,0.047012921,0.02,35.4,2.4,10.3,29.2,38.9,26.2,5.6,87.41768547,44.43135961,30.3689686,11.09524747,2.96714354,8/13/2025,0,84.15,443.11,43.89,8,11,0,0,2,1,2,25.60333333,23.90555556,1251.5,11,20.30285714,21.17933333,0.565,28.31,5,-0.87647619,3.97321288,8,1,0,27.3,32.2,22.3,20.06,0.46,10.26,27.85571142,53.965073,10.392213,7.300314916,0.085886058,0,0.343544231,0.057257372,26.77176639,52.81261197,9.602293085,9.494804729,0.680759584,0.028663561,0.537441777,0.071658904,8/13/2025
25-2410,10:02:47AM,Occoquan Reservoir Near Dam Bottom,38.6962667,-77.3883333,RE02,S36,11.35,0.3,0.203177289,7.56,0.115659459,0.127997529,0.067167828,5.7,3.83,0.221000573,0.525880271,0.02304227,3.08,0.079950971,0.163965192,0.84,8.37,2.17,0.664473279,2.09,0.088583271,0.077414185,0.038325443,0.91,0.070863202,4.07,1.15,0.142037139,0.019261041,0.02401454,0.050226961,0.012210297,0.061666905,0.027705885,0.049339461,0.007299202,0.442967128,0.028037446,0.157944793,0.057180741,98.67742377,634.7309192,8.424516468,7.406534449,1.523575331,0.194290564,3.299949066,53.73726016,8.985035048,12.06629868,59.4970589,76.93532016,19.48064681,30.70141984,88.83780355,54.9673923,40.76068037,10.47009008,3.736621861,8/13/2025,0,94.14,410.99,35.16,7,11,0,0,3,2,3,25.59666667,23.90777778,1251.7,10,19.42571429,20.45066667,0.987333333,28.22,4,-1.024952381,4.603272917,8,1,0,27.3,31.7,22.9,18.47,1.16,9.815,17.28784404,76.77752294,0,4.759174312,0,0,0.143348624,1.032110092,28.14113597,67.383821,0.014343087,3.384968445,0.114744693,0,0.207974756,0.753012048,8/13/2025
25-2396,9:50:19AM,Occoquan Reservoir Near Dam Surface,38.6962667,-77.3883333,RE02,S36,12.77,0.5,0.201252147,8.27,0.114495111,0.12956686,0.065173076,6.22,3.73,0.226990494,0.461364437,0.025063061,3.01,0.075537694,0.163298275,0.18672155,8.09,1.49,0.702428326,2.22,0.082998796,0.079000259,0.035220844,0.81,0.074270349,4.06,0.114828481,0.135524675,0.019997516,0.025724957,0.050683609,0.011646999,0.066710905,0.023645649,0.054660194,0.0057118,0.472012374,0.024912841,0.181763365,0.060525954,22.2,176,8.91,7.6,0.733130503,0.115653844,0.26,16.5,3.82,4.2,16.1,13.3,27.5,5,46.5,55.0417306,42.26641965,9.660126188,3.11518476,8/13/2025,0,94.14,410.99,35.16,7,11,0,0,3,2,3,25.59666667,23.90777778,1251.7,10,19.42571429,20.45066667,0.987333333,28.22,4,-1.024952381,4.603272917,8,1,0,27.3,31.7,22.9,18.47,1.16,9.815,17.28784404,76.77752294,0,4.759174312,0,0,0.143348624,1.032110092,28.14113597,67.383821,0.014343087,3.384968445,0.114744693,0,0.207974756,0.753012048,8/13/2025
25-2447,11:58:26AM,Ryans Dam Bottom,38.7211833,-77.3512833,RE15,S30,11.77,0.41,0.21131018,6.8,0.117306591,0.120320935,0.064454432,5.41,3.02,0.217640428,0.319206274,0.025668782,2.53,0.36,0.162428818,0.196085319,7.23,1.32,0.668160815,2.34,0.08390455,0.083419663,0.03907929,1.11,0.068580913,5.42,0.118920774,0.150585919,0.019636241,0.019657151,0.044523351,0.015399503,0.06634075,0.025617423,0.068262068,0.005015201,0.405597018,0.028484424,0.165420232,0.053950028,19.2,198,0.15,6.8,1.37,0.02,0.3,16.5,3.82,4.26,14.1,6.76,29.0753684,20.8,69.3,51.28497708,37.99048733,10.44582762,2.848662121,8/13/2025,0,98.96,383.57,44.74,7,11,0,0,3,2,3,25.52,23.86777778,1248.1,11,17.84571429,18.983,1.193,26.99,3,-1.137285714,5.213085392,8,1,0,27.2,31.3,23.2,16.39,1.51,8.95,12.13077144,65.95927732,0,1.03240608,19.78778319,0,0.25810152,0.831660453,12.25542894,72.81588189,0.953200029,2.171576005,11.13738981,0,0.279509783,0.387013545,8/13/2025
25-2437,11:49:24AM,Ryans Dam Surface,38.7211833,-77.3512833,RE15,S30,19.25,0.97,0.215132259,14.11,0.115643869,0.121199502,0.066026599,11.05,5.73,0.227939984,0.389521005,0.02262005,4.12,0.080662777,0.17424349,0.184871196,8.25,2.09,0.686352671,2.66,0.079316652,0.092161818,0.039704505,0.325462673,0.073708967,4.91,0.120022348,0.131906219,0.018099517,0.028652459,0.047456529,0.013412288,0.066849661,0.02467499,0.058409106,0.005471983,0.44230126,0.028397793,0.165022501,0.051313807,31.7,257,12.3,9,0.02,0.060891533,0.92,25.2,5.3,5.69,19.4,26.1,29,5.8,59.3,77.23655848,61.12504012,13.10616448,3.005353887,8/13/2025,0,98.96,383.57,44.74,7,11,0,0,3,2,3,25.52,23.86777778,1248.1,11,17.84571429,18.983,1.193,26.99,3,-1.137285714,5.213085392,8,1,0,27.2,31.3,23.2,16.39,1.51,8.95,12.13077144,65.95927732,0,1.03240608,19.78778319,0,0.25810152,0.831660453,12.25542894,72.81588189,0.953200029,2.171576005,11.13738981,0,0.279509783,0.387013545,8/13/2025
25-2500,8:59:32AM,Bull Run Marina Bottom,38.7416667,-77.3883333,RE30,S27,32.3,3.29,0.239075803,34.81,0.8,0.11974757,0.075774215,21.8,12.69,0.211580218,0.509434726,0.023525886,6.57,0.081418966,0.163202637,0.186696029,14.43,3,0.699152922,3.62,0.083123164,0.076875121,0.03675421,1.23,0.075538734,7.1,0.104917593,0.143475713,0.017934203,0.023608503,0.044168238,0.011697289,0.99,0.024004813,0.052034049,0.00540279,0.420025542,0.026418664,0.83,0.05537292,79.4,586,2.56,7,0.12,0.024217659,6.24,61,13.1,9.93,52.7,96.4,24.9,7.5,86.3,146.9709605,120.0205601,23.18058282,3.769817548,8/13/2025,0,99.09,430.03,27.29,7,11,0,0,3,3,3,25.66666667,23.96222222,1256.6,11,20.23285714,21.12833333,0.970333333,29.31,5,-0.89547619,4.689910862,8,1,0,27.5,32.1,22.8,20.03,1.06,10.545,8.366762178,76.07449857,1.06017192,3.266475645,10.0286533,0,0.372492837,0.830945559,13.78593448,68.70026525,5.778191985,3.333572299,7.548928239,0,0.415800416,0.437307334,8/13/2025
25-2494,8:53AM,Bull Run Marina Surface,38.7416667,-77.3883333,RE30,S27,33.34,2.77,0.237568097,32.76,0.69,0.129359659,0.064946239,20.24,10.97,0.23160696,0.430953737,0.025610733,6.44,0.075949443,0.157354041,0.183111822,13.95,2.23,0.671637097,3.41,0.081918196,0.083923422,0.035182539,1.19,0.068912106,6.98,0.116545384,0.151877625,0.018653739,0.021973964,0.049068692,0.014422066,0.064211642,0.028399713,0.057449239,0.006858472,0.422997818,0.029046841,0.171217933,0.051870001,71.8,535,11,8.6,0.07,0.055023388,4.33,53.8,11.4,9.19,47.4,81.8,28,13.2,88.6,138.6526272,115.0501802,20.58368999,3.018757004,8/13/2025,0,99.09,430.03,27.29,7,11,0,0,3,3,3,25.66666667,23.96222222,1256.6,11,20.23285714,21.12833333,0.970333333,29.31,5,-0.89547619,4.689910862,8,1,0,27.5,32.1,22.8,20.03,1.06,10.545,8.366762178,76.07449857,1.06017192,3.266475645,10.0286533,0,0.372492837,0.830945559,13.78593448,68.70026525,5.778191985,3.333572299,7.548928239,0,0.415800416,0.437307334,8/13/2025
25-2508,12:56:02PM,Occoquan River at Ravenwood Bridge Bottom,38.7175,-77.3941667,RE35,S31,9.37,0.138909762,0.242354971,6.07,0.115435851,0.122426197,0.080876683,4.62,3.82,0.204243944,0.396107763,0.025178812,2.99,0.077843081,0.171445346,0.199359585,9.47,1.65,0.716288648,2.51,0.080391555,0.089060037,0.03566714,0.341137702,0.069461497,4.32,1.17,0.14072728,0.021300346,0.027248941,0.047240022,0.013978425,1.07,0.026266871,0.059700109,0.00545114,0.448622043,0.027790432,0.16541592,0.058733231,23.9,208,0.3,6.7,0.12,0,0.03,19.9,2.66,6.46,17.4,14.4,25.4,8.8,60.2,51.20866333,37.95243236,10.18113751,3.075093455,8/13/2025,0,94.14,410.99,35.16,7,11,0,0,3,2,3,25.59666667,23.90777778,1251.7,10,19.42571429,20.45066667,0.987333333,28.22,4,-1.024952381,4.603272917,8,1,0,27.3,31.7,22.9,18.47,1.16,9.815,25.03580636,54.02463478,0.257805786,8.507590948,11.17158407,0,0.773417359,0.229160699,21.37842098,63.43315661,0.644791517,3.70396905,9.413956154,0.00716435,0.472847113,0.945694226,8/13/2025
25-2501,12:48:51AM,Occoquan River at Ravenwood Bridge Surface,38.7175,-77.3941667,RE35,S31,10.78,0.131628357,0.226199804,6.19,0.111614416,0.125837141,0.062678479,5.49,3.82,0.225226565,0.489967704,0.025099037,2.83,0.078978404,0.15889355,0.174546356,5.59,1.98,0.690415435,1.99,0.084395444,0.0759777,0.035046383,0.345828247,0.070333779,3.95,1.63,0.149952127,0.018563027,0.026692538,0.046719505,0.015165388,0.061795011,0.026264835,0.059714259,0.005443244,0.442201073,0.029681655,0.162525451,0.055305285,22.8,195,10.2,8.4,0.02,0.045214941,2.006020875,19.2,3.14,6.01,13.8,13.8,28.6,10,55.9,48.4626902,35.23727283,10.15386151,3.071555866,8/13/2025,0,94.14,410.99,35.16,7,11,0,0,3,2,3,25.59666667,23.90777778,1251.7,10,19.42571429,20.45066667,0.987333333,28.22,4,-1.024952381,4.603272917,8,1,0,27.3,31.7,22.9,18.47,1.16,9.815,25.03580636,54.02463478,0.257805786,8.507590948,11.17158407,0,0.773417359,0.229160699,21.37842098,63.43315661,0.644791517,3.70396905,9.413956154,0.00716435,0.472847113,0.945694226,8/13/2025
25-2380,10:30AM,Occoquan High Dam,38.6938889,-77.2772222,ST01,S37,11.21,0.43,0.259713878,8.03,0.115713931,0.122751153,0.064761252,6.31,3.46,0.226669696,0.497991933,0.023518445,3.13,0.081088392,0.157793853,0.210935524,6.18,1.65,0.675624017,1.72,0.082721291,0.083369831,0.041671324,0.344028153,0.065974087,4.26,0.112762635,0.142882009,0.01760793,0.026199869,0.052607212,0.013129698,0.061874317,0.025413302,0.056387744,0.005889054,0.405318829,0.026912576,0.171039794,0.054165216,21.6,147,9.8,7.7,0.02,0.046505392,0.18,15.5,3.63,4.01,15.5,11.7,27.4,5.5,52.42335592,50.60651695,37.72696665,9.762250122,3.117300174,8/13/2025,0,106.13,389.65,49.79,8,11,0,0,3,1,3,25.33333333,23.76555556,1238.9,11,16.64142857,17.70566667,1.191666667,25.64,1,-1.064238095,5.994126174,8,1,0,27,30.8,23.2,14.59,1.43,8.01,22.75329136,39.23869491,0.028620492,0.515168861,15.82713223,17.48712078,1.917572982,2.232398397,45.4512894,35.20773639,0.128939828,0.32234957,7.191977077,8.832378223,1.053008596,1.812320917,8/13/2025
25-2395,10:00AM,Hooes Run at Old Bridge Rd,38.68,-77.2894444,ST05,S38,9.77,0.135280431,0.20105195,12.03,0.11577676,0.124443924,0.064138828,8.88,8.94,0.215032299,0.40096335,0.024518156,3.83,0.61,0.160754872,0.195721851,11.99,2.86,0.692559108,2.28,0.083489366,0.075572166,0.036411194,1.89,0.0744727,8.06,1.02,0.1453415,0.018929435,0.027361012,0.048517067,0.013441728,0.06144776,0.026525735,0.061878075,0.005669554,0.429086703,0.027741328,0.17509306,0.053215551,44.5,186,6.72,7.1,0.04,0.03903697,0.25,16.3,2.91,3.74,25.2,1.820390742,23.9,1.2,49.37177031,75.85443546,52.09174404,20.78791547,2.974775951,8/13/2025,0,96.59,377.1,41.31,8,11,0,0,2,1,2,25.52333333,24,1260,10,18.19571429,19.37333333,0.993333333,27.23,3,-1.177619048,4.985719202,8,1,0,27.2,31.4,23,17,1.14,9.07,71.60847167,24.38465942,0.028620492,0.601030338,2.14653692,0,0.973096737,0.25758443,73.80184827,20.96855076,0.007163837,0.788022065,3.481624758,0.107457554,0.51579626,0.3295365,8/13/2025
25-2381,12:00PM,Lake Jackson,38.7051667,-77.4454833,ST10,S33,9.72,0.131747923,0.21041118,6.11,0.120567006,0.113116906,0.071941291,4.88,4.19,0.232446939,0.485373242,0.024369464,2.15,0.080226065,0.165064524,0.19129551,4.58,1.78,0.669609818,1.32,0.08485808,0.084486621,0.033768609,0.327525322,0.069692906,3.82,0.118786888,0.145254773,0.019794109,0.025751874,0.045969677,0.011702771,0.063335765,0.023959123,0.053505632,0.004176744,2.97,0.02884173,2.57,0.04866028,22.6,173,7.44,7.5,0.06,0.01,0.04,20.2,2.6,6.33,17,15.2,27.5,5.5,64.14882095,47.77624077,29.60122041,10.18434113,7.990679233,8/13/2025,0,80.15,443.18,38.04,8,11,0,0,2,1,2,25.55,23.88444444,1249.6,11,20.30285714,21.10233333,0.686666667,28.04,5,-0.79947619,3.798158182,8,1,0,27.3,32,22.5,19.59,0.73,10.16,28.17505721,59.23913043,0.85812357,4.090389016,7.179633867,0,0.257437071,0.200228833,29.30515759,62.84383954,1.568767908,2.944126074,2.908309456,0,0.085959885,0.343839542,8/13/2025
25-2601,11:50:00 AM,UOSA Tributary,38.796984,-77.457145,PF01,S19,47.2,6.55,0.208579731,46.11,2.27,0.127726425,0.071679439,31.96,14.49,0.232740237,0.446975489,0.028048805,9.41,0.079366826,0.167106586,0.182747944,10.68,1.9,0.723958609,3.03,0.080657836,0.079472992,0.036374755,4.31,0.065268641,6.58,3.14,0.13577714,0.019041013,4.7,0.050051881,0.011689356,0.064032409,0.024098959,0.049766482,0.004266998,0.435951771,0.033132261,0.15758824,0.050135146,93.4,820,8.21,8,0.06,0.049628077,14.5,70,23.7,8.12,65.1,106,23.8,9,86.30287553,195.896236,169.4737989,23.35294693,3.069490146,8/26/2025,0,39.99,437.06,19.48,5,12,0,0,2,0,2,24.84333333,25.05666667,1355.1,9,14.66285714,22.00833333,0.948,34.55,5,-7.34547619,1.817039,8,1,0,21.2,29.2,13.2,27.04,1.56,14.3,53.44431688,29.19058553,2.755453502,9.529276693,4.936854191,0,0.057405281,0.086107922,63.31182796,24.19354839,1.433691756,9.11827957,1.82078853,0,0.086021505,0.035842294,8/26/2025
25-2602,11:25:00 AM,Bull Run above UOSA,38.797717,-77.45866,PF02,S17,15.68,0.138502776,0.192385005,19.6,0.118170214,0.12510746,0.062437821,10.36,6.93,0.229674109,0.398529245,0.023254608,7.25,0.080587145,0.171157788,0.201023241,7.26,3.84,0.748635307,4.12,0.085434409,0.076480339,0.03774319,6.13,0.069701004,8.37,5.38,0.132086343,0.018790684,0.026604199,0.047534535,0.015421665,0.058765886,0.023348951,0.060135339,0.007008283,0.440603121,0.028736083,0.167690791,0.054214888,62.2,828,8.35,7.7,0.04,0.02,0.16,97.4,2.67,20.4,39,202,21.4,2,104.7816651,98.75976443,76.18217841,19.52593209,3.051653926,8/26/2025,0,39.99,437.06,19.48,5,12,0,0,2,0,2,24.84333333,25.05666667,1355.1,9,14.66285714,22.00833333,0.948,34.55,5,-7.34547619,1.817039,8,1,0,21.2,29.2,13.2,27.04,1.56,14.3,48.61150873,31.5774406,2.776982537,11.30833095,5.553965073,0,0.057257372,0.114514744,62.57255464,24.81547832,1.59082766,9.10784665,1.820136152,0,0.057327123,0.035829452,8/26/2025
25-2603,1:15:00 PM,Occoquan High Dam,38.6938889,-77.2772222,ST01,S37,11.57,0.49,0.208367161,8.95,0.121826611,0.124068816,0.067138883,6.41,4.13,0.212414183,0.450935345,0.023708419,2.89,0.078408582,0.18447009,0.19686482,4.72,1.67,0.640807712,1.88,0.078756411,0.077820491,0.03835728,0.8,0.06844237,5.29,0.112007051,0.140608884,0.016157613,0.027075791,0.045843961,0.014703221,0.072264216,0.024770799,0.051054603,0.006982316,0.398008545,0.032072691,0.160725109,0.051986597,23.7,132,8.43,7.4,0.02,0.039741641,0.19,17.7,4.02,4.48,17.4,14.1,27,6,66.7,52.52664857,38.09422827,11.47409625,2.958324055,8/26/2025,2.92,88.09,371.48,49.79,6,12,0,0,2,1,4,24.15333333,24.50222222,1305.2,9,10.20714286,15.795,1.106333333,24.15,0,-5.587857143,5.577081355,8,1,0,21.2,28.3,14.1,23.39,2.08,12.735,22.75329136,39.23869491,0.028620492,0.515168861,15.82713223,17.48712078,1.917572982,2.232398397,45.4512894,35.20773639,0.128939828,0.32234957,7.191977077,8.832378223,1.053008596,1.812320917,8/26/2025
25-2607,11:30:00 AM,Hooes Run at Old Bridge Rd,38.68,-77.2894444,ST05,S38,6.22,0.133784331,0.222333758,6.7,0.113667068,0.124758379,0.064082567,5.85,8.4,0.224025998,0.403562388,0.024153938,3.01,0.074689854,0.161775307,0.182964349,6.26,2.88,0.648787991,0.372314368,0.080294687,0.062929191,0.035685363,0.322134614,0.066862729,6.34,0.118379267,0.148632687,0.020192415,0.025777338,0.050644229,0.013253263,0.062573677,0.020067789,0.061634604,0.00552793,0.391729735,0.026909826,0.169990098,0.054241235,51.5,160,6.38,6.8,0.07,0.042725933,0.34,14.3,2.74,3.17,29.6,5.71,19.9,5.4,40.1,50.14836097,29.25026527,18.00681256,2.891283144,8/26/2025,3.2,84.75,371.65,41.31,7,12,0,0,3,1,3,24.35666667,24.76,1328.4,9,11.45285714,17.688,0.897666667,27.23,2,-6.235142857,4.791383989,8,1,0,21.1,28.5,13.7,23.81,1.61,12.71,71.60847167,24.38465942,0.028620492,0.601030338,2.14653692,0,0.973096737,0.25758443,73.80184827,20.96855076,0.007163837,0.788022065,3.481624758,0.107457554,0.51579626,0.3295365,8/26/2025
25-2604,10:10:00 AM,Lake Jackson,38.7051667,-77.4454833,ST10,S33,8.02,0.138233791,0.243549195,5.44,0.113767099,0.117029746,0.062826795,3.94,4.15,0.220448013,0.435116233,0.025161357,2.55,0.078519664,0.176306837,0.187829615,5.13,1.76,0.601145818,1.12,0.085704637,0.086112455,0.042416435,0.33229447,0.069498295,4.08,0.116194787,0.144806817,0.020978591,0.030576468,0.050444726,0.015286923,0.066091694,0.024898338,0.050743391,0.006191312,0.467047502,0.028715372,0.89,0.052393938,24.9,159,7.39,7.4,0.04,0.01,0.03,23.8,2.64,7.37,19,18.4,25,7.2,70.6,41.17033032,27.0479017,10.39154764,3.730880976,8/26/2025,1.87,42.03,414.69,16.93,6,12,0,0,2,0,2,24.44333333,24.72888889,1325.6,10,13.08285714,19.59333333,0.666666667,30.16,5,-6.51047619,2.145117387,8,1,0,20.9,28.8,13,25.49,1.17,13.33,28.17505721,59.23913043,0.85812357,4.090389016,7.179633867,0,0.257437071,0.200228833,29.30515759,62.84383954,1.568767908,2.944126074,2.908309456,0,0.085959885,0.343839542,8/26/2025
25-2600,12:19:34 PM,Bull Run at Rt 39,38.8030556,-77.4497222,ST45,S15,40.96,5.04,0.249886188,43.02,1.87,0.124802092,0.069108908,27.87,14.99,0.223766853,0.426400706,0.024671674,9.09,0.080642274,0.168760944,0.17693359,12.52,2.57,0.7713433,2.71,0.083488204,0.079415748,0.037853935,3.79,0.068313837,7.15,0.106286003,0.143128262,0.018595272,0.026231353,0.049980695,0.014761158,0.068337141,0.023104095,0.0587692,0.00594926,0.45084589,0.028592867,0.174583432,0.057416968,87.6,836,7.3,7.7,0.12,0.02,11.1,75.5,20,10.5,60.4,127,24.7,5.9,84.6,175.3919698,147.1296237,25.1043402,3.158005953,8/26/2025,0,39.99,437.06,19.48,5,12,0,0,2,0,2,24.84333333,25.05666667,1355.1,9,14.66285714,22.00833333,0.948,34.55,5,-7.34547619,1.817039,8,1,0,21.2,29.2,13.2,27.04,1.56,14.3,42.10074413,40.98454493,3.14825415,7.126502576,6.410990269,0,0.085861477,0.143102461,59.5553962,30.46253137,1.039799211,6.905700968,1.821441377,0,0.179275726,0.035855145,8/26/2025
25-2630,10:22:04 AM,Occoquan Reservoir Near Dam Bottom,38.6962667,-77.3883333,RE02B,S36,9.46,0.36,0.206352466,6.26,0.119562222,0.123716358,0.073778823,4.8,3.41,0.217511684,0.371844449,0.02531783,2.37,0.08061139,0.173550243,0.187391591,3.98,1.81,0.676732753,1.76,0.088770161,0.076050024,0.038567628,1.38,0.068050089,5.59,0.120908653,0.148296547,0.019490121,0.027708988,0.045085277,0.010404066,0.067560175,0.022647371,0.058824177,0.005678297,0.40881217,0.025441081,0.166449835,0.05046324,29.2,206,0.31,6.3,0.3,0.02,0.43,18.3,3.61,4.87,19.5,10.2,21.4,6.2,53.4,44.88557771,30.76456421,11.21121578,2.909797711,8/28/2025,1.52,36.9,349.16,13.77,6,12,0,0,2,0,1,23.93,24.85777778,1337.2,7,18.01714286,18.99333333,1.059,28.51,4,-0.976190476,1.942786943,8,1,0,19.6,25.7,13.4,21.91,1.59,11.75,17.28784404,76.77752294,0,4.759174312,0,0,0.143348624,1.032110092,28.14113597,67.383821,0.014343087,3.384968445,0.114744693,0,0.207974756,0.753012048,8/28/2025
25-2616,10:07:00 AM,Occoquan Reservoir Near Dam Surface,38.6962667,-77.3883333,RE02S,S36,11.36,0.44,0.232982096,8.6,0.115919962,0.125755746,0.075527164,6.91,3.84,0.21229951,0.486817939,0.0278815,2.72,0.078301152,0.17382962,0.200099427,6.59,1.87,0.717147406,2.06,0.0945877,0.078026491,0.039556196,1.65,0.068510931,4.89,0.119028402,0.12709408,0.016646544,0.022758111,0.046828887,0.014875679,0.064147133,0.022217366,0.051442515,0.00624364,0.439650354,0.025417999,0.162225764,0.051423825,24.1,188,7.53,7.2,0.01,0.045271575,0.19,18.2,4.03,4.59,17.5,14.1,26,5.2,50.2,54.82724314,40.70329612,10.98784766,3.136099355,8/28/2025,1.52,36.9,349.16,13.77,6,12,0,0,2,0,1,23.93,24.85777778,1337.2,7,18.01714286,18.99333333,1.059,28.51,4,-0.976190476,1.942786943,8,1,0,19.6,25.7,13.4,21.91,1.59,11.75,17.28784404,76.77752294,0,4.759174312,0,0,0.143348624,1.032110092,28.14113597,67.383821,0.014343087,3.384968445,0.114744693,0,0.207974756,0.753012048,8/28/2025
25-2665,11:59:09 AM,Ryans Dam Bottom,38.7211833,-77.3512833,RE15B,S30,18.73,1.77,0.208194855,20.17,0.48,0.124060845,0.070379397,12.09,7.89,0.216806028,0.425623026,0.022158587,5.24,0.079057208,0.164896956,0.72,9.3,2.33,0.649761211,4.22,0.094010748,0.069841764,0.03612247,1.9,0.071009455,7.61,1,0.151263841,0.018031812,1.07,0.04451145,0.013806398,0.062547852,0.021576786,0.046666281,0.004681413,0.432316832,0.030988589,0.15923145,0.056332984,43.1,333,0.27,6.8,1.97,0.02,0.59,34.5,7.04,7.13,30,39.9,23.9,14.9,85.8,97.79387824,76.07921413,18.23458679,3.480077311,8/28/2025,1.43,40.49,328.63,11.5,6,12,0,0,3,0,3,23.82333333,24.77666667,1329.9,7,16.43142857,17.376,1.248666667,26.23,3,-0.944571429,2.330225599,8,1,0,19.6,25.4,13.9,20.82,1.98,11.4,12.13077144,65.95927732,0,1.03240608,19.78778319,0,0.25810152,0.831660453,12.25542894,72.81588189,0.953200029,2.171576005,11.13738981,0,0.279509783,0.387013545,8/28/2025
25-2656,11:51:41 AM,Ryans Dam Surface,38.7211833,-77.3512833,RE15S,S30,18.68,1.41,0.192168087,18.97,0.44,0.12538172,0.076076145,11.53,8.2,0.227623748,0.442910948,0.024393342,4.62,0.078349051,0.159874013,0.183575376,6.74,2.23,0.760782146,2.38,0.081438417,0.074697453,0.037777515,1.57,0.068667687,5.79,0.117103275,0.144895512,0.019290191,0.02756765,0.045089063,0.012469729,0.06699065,0.02258395,0.049820671,0.006665932,0.436700649,0.029998039,0.155004813,0.054954893,45.4,362,7.26,7.6,0.12,0.056824603,1.66,35.5,7.14,7.39,31.2,46.2,26.7,6,71.8,86.28285066,66.60148225,16.61008612,3.071282295,8/28/2025,1.43,40.49,328.63,11.5,6,12,0,0,3,0,3,23.82333333,24.77666667,1329.9,7,16.43142857,17.376,1.248666667,26.23,3,-0.944571429,2.330225599,8,1,0,19.6,25.4,13.9,20.82,1.98,11.4,12.13077144,65.95927732,0,1.03240608,19.78778319,0,0.25810152,0.831660453,12.25542894,72.81588189,0.953200029,2.171576005,11.13738981,0,0.279509783,0.387013545,8/28/2025
25-2680,9:14:28 AM,Bull Run Marina Bottom,38.7416667,-77.3883333,RE30B,S27,31.64,3.7,0.182764706,35.11,1.28,0.121619942,0.071492594,22.96,12.98,0.215395689,0.505384718,0.025608283,7.03,0.077665204,0.167605105,0.186717276,10.27,2.79,0.7465856,4.22,0.087280143,0.075545254,0.037212249,1.91,0.072918966,6.52,0.121510924,0.145876399,0.017729835,0.027079449,0.043019178,0.018964221,0.067651268,0.023547468,0.049172721,0.007147064,0.443299031,0.023895033,0.173674676,0.052955141,82,653,7.87,7.7,0.05,0.050035299,9.69,69.8,16.1,10.8,55.6,116,23.5,12.4,95.7,144.1993181,118.3854144,22.69381862,3.120085158,8/28/2025,1.19,37.49,367.61,25.16,7,12,0,0,1,1,1,23.99666667,24.92888889,1343.6,8,18.72428571,19.73,1.025666667,30.28,5,-1.005714286,1.900152053,8,1,0,19.5,25.8,13.1,22.05,1.42,11.735,8.366762178,76.07449857,1.06017192,3.266475645,10.0286533,0,0.372492837,0.830945559,13.78593448,68.70026525,5.778191985,3.333572299,7.548928239,0,0.415800416,0.437307334,8/28/2025
25-2674,9:04:48 AM,Bull Run Marina Surface,38.7416667,-77.3883333,RE30S,S27,31.9,3.9,0.237655402,33.75,1.14,0.136326429,0.073843504,22.8,12.9,0.232178359,0.448197061,0.024680018,7.17,0.078721232,0.168023584,0.185237603,10.17,2.79,0.673357449,3.67,0.082613288,0.08266749,0.037127833,1.8,0.069922259,5.87,0.108381894,0.14502579,0.017194259,0.031345426,0.048047112,0.012700176,0.062301109,0.021542676,0.053000337,0.005754413,0.395187909,0.026170778,0.164929969,0.049950259,81.3,658,8.48,7.8,0.04,0.052750892,8.81,69.9,16.4,10.8,53.1,116,23.7,8.5,91.1,141.5320836,116.5550288,21.94823185,3.028822997,8/28/2025,1.19,37.49,367.61,25.16,7,12,0,0,1,1,1,23.99666667,24.92888889,1343.6,8,18.72428571,19.73,1.025666667,30.28,5,-1.005714286,1.900152053,8,1,0,19.5,25.8,13.1,22.05,1.42,11.735,8.366762178,76.07449857,1.06017192,3.266475645,10.0286533,0,0.372492837,0.830945559,13.78593448,68.70026525,5.778191985,3.333572299,7.548928239,0,0.415800416,0.437307334,8/28/2025
25-2688,1:14:52 PM,Occoquan River at Ravenwood Bridge Bottom,38.7175,-77.3941667,RE35B,S31,10.28,0.31,0.253494826,6.81,0.113894501,0.125378658,0.069106697,4.79,3.88,0.212035944,0.432907086,0.02518476,2.27,0.082717898,0.156659123,0.186865635,5.66,2.08,0.642748674,0.374202267,0.086514508,0.077754817,0.041145667,1.94,0.070660091,3.79,0.108537462,0.13262079,0.015470164,0.027086764,0.048774787,0.014578631,0.064155039,0.021043921,0.061664242,0.005809597,0.422774698,0.029998137,0.157863793,0.052499992,24.5,208,4.05,7,0.04,0.001922383,1.462409751,20.2,2.89,6.56,18,13.7,24.2,14.6,63.4,45.92414917,32.80954028,10.13394027,2.980668626,8/28/2025,1.52,36.9,349.16,13.77,6,12,0,0,2,0,1,23.93,24.85777778,1337.2,7,18.01714286,18.99333333,1.059,28.51,4,-0.976190476,1.942786943,8,1,0,19.6,25.7,13.4,21.91,1.59,11.75,25.03580636,54.02463478,0.257805786,8.507590948,11.17158407,0,0.773417359,0.229160699,21.37842098,63.43315661,0.644791517,3.70396905,9.413956154,0.00716435,0.472847113,0.945694226,8/28/2025
25-2681,1:06:55 PM,Occoquan River at Ravenwood Bridge Surface,38.7175,-77.3941667,RE35S,S31,8.94,0.132990508,0.184847033,6.5,0.112164095,0.118059235,0.064385143,4.88,3.87,0.222270408,0.501125075,0.024097762,2.87,0.081457638,0.154323591,0.198395457,6.24,2.04,0.750719715,1,0.081343558,0.080267948,0.036317634,0.33723734,0.063427499,4.88,0.125184261,0.142662327,0.018862057,0.026715596,0.047733739,0.016440926,0.064818607,0.022193269,0.058910856,0.005408745,0.457367099,0.026497797,0.162055346,0.053768447,25.5,209,6.47,7.2,0.01,0.037083396,1.369848709,20.9,2.91,6.69,18.1,14.3,26.7,8.6,61.2,45.59204871,31.28802126,11.18246628,3.121561166,8/28/2025,1.52,36.9,349.16,13.77,6,12,0,0,2,0,1,23.93,24.85777778,1337.2,7,18.01714286,18.99333333,1.059,28.51,4,-0.976190476,1.942786943,8,1,0,19.6,25.7,13.4,21.91,1.59,11.75,25.03580636,54.02463478,0.257805786,8.507590948,11.17158407,0,0.773417359,0.229160699,21.37842098,63.43315661,0.644791517,3.70396905,9.413956154,0.00716435,0.472847113,0.945694226,8/28/2025
25-2705,8:00:00 AM,Cub Run above US50,38.909257,-77.466674,PF05,S10,4.8,0.127542032,0.209769528,5.39,0.115467778,0.136710949,0.059559713,3.33,2.13,0.224195425,0.489644164,0.026758317,1.38,0.77,0.163128613,0.183822095,2.4,5.63,0.726795664,0.378328509,0.080878408,0.078829181,0.03767854,0.324916856,0.062930136,2.99,0.124530946,0.136505622,0.019621529,0.026462598,0.045244835,0.013708533,0.062191099,0.031879717,0.057242457,0.004520935,0.471056203,0.029938574,0.16791058,0.050308182,27.5,1420,8.42,7.6,0.03,0.01,0.03,186,2.1,65.2,38.1,600,18,20.3,157.7960085,33.48807772,18.51668228,11.83387306,3.137522382,9/8/2025,3.18,27.44,256.88,12.9,4,19,0,0,1,0,1,22.46666667,24.79,1331.1,3,24.99285714,21.606,1.194666667,32.11,4,3.386857143,1.270017588,9,1,0,16.9,25,8.9,22.08,1.58,11.83,73.93174649,14.85517637,0.68827072,9.664468024,0.143389733,0,0.716948666,0,69.40619621,23.88841079,0.839070568,4.410499139,0.157773953,0.860585198,0.437464142,0,9/8/2025
25-2706,12:00:00 PM,Occoquan High Dam,38.6938889,-77.2772222,ST01,S37,14.25,0.8,0.268311246,11.59,0.117275634,0.126249945,0.066456772,8.85,4.09,0.211606656,0.468133242,0.024081649,4.01,0.080993377,0.168278553,0.181772462,15.98,1.87,0.70140717,3.04,0.086846234,0.0860395,0.042375427,0.345101162,0.068615938,4.28,0.104179031,0.13835818,0.018724531,0.025765048,0.047518049,0.013065935,0.076713905,0.023767327,0.052363633,0.006346552,0.438693299,0.03108516,0.169620696,0.051941373,27.4,179,4.76,6.8,0.06,0.013113155,0.27,19.9,4.48,4.87,18.4,16.4,24.4,3.7,72.4,73.00168769,59.24139841,10.63218378,3.128105488,9/8/2025,19.71,44.83,320.05,11.65,6,15,1,0,1,0,3,22.45,24.66888889,1320.2,4,22.75285714,18.101,1.407,26.46,2,4.651857143,2.476658748,9,1,0.04,17.3,24.5,10.2,19.28,1.23,10.255,22.75329136,39.23869491,0.028620492,0.515168861,15.82713223,17.48712078,1.917572982,2.232398397,45.4512894,35.20773639,0.128939828,0.32234957,7.191977077,8.832378223,1.053008596,1.812320917,9/8/2025
25-2711,12:01:00 PM,UOSA Tributary,38.796984,-77.457145,PF01,S19,47.27,7.1,0.215164614,40.59,2.16,0.116165359,0.074154599,29.37,16.06,0.219233772,0.483017207,0.026979439,9.21,0.26,0.16636566,0.197650155,15.17,2.23,0.717686873,3.76,0.074585383,0.081705241,0.039885965,2.24,0.06960979,5.96,0.124281125,0.13225451,0.01678458,0.028935702,0.048018032,0.018102,0.0593597,0.028349008,0.048532788,0.0061563,0.467612794,0.027611751,0.173808119,0.05696184,97.1,738,8.17,7.9,0.06,0.044162834,11.7,69.6,23.2,7.55,67.9,113,24.8,7.7,83.48809482,185.0989723,157.1311093,24.81321122,3.15465177,9/9/2025,4.44,12.71,381.67,4.16,4,19,0,0,0,0,0,22.81333333,25.15222222,1363.7,4,25.22857143,22.919,1.224,34.15,3,2.309571429,0.554561717,9,1,0,17.1,25.1,9,22.87,0.91,11.89,53.44431688,29.19058553,2.755453502,9.529276693,4.936854191,0,0.057405281,0.086107922,63.31182796,24.19354839,1.433691756,9.11827957,1.82078853,0,0.086021505,0.035842294,9/9/2025
25-2712,12:19:00 PM,Bull Run above UOSA,38.797717,-77.45866,PF02,S17,9.46,0.137721423,0.228047986,11.76,0.116738207,0.127210196,0.070156745,7.92,6.64,0.223969031,0.447110267,0.023437733,4.31,0.63,0.166029071,0.185411248,8.17,4.58,0.714739716,3.27,0.085297811,0.077174887,0.039128478,1.17,0.069357772,8.13,0.109343259,0.148346676,0.017731679,0.026748592,0.04733268,0.013603639,0.063613216,0.022638641,0.049777294,0.004527889,0.450482527,0.02703864,0.177124679,0.052007363,65.5,919,8.51,7.8,0.03,0.02,0.06,140,2.73,28.5,43.3,320,20.2,1.3,126.5531821,69.96184734,46.56394199,20.29558407,3.102321285,9/9/2025,4.44,12.71,381.67,4.16,4,19,0,0,0,0,0,22.81333333,25.15222222,1363.7,4,25.22857143,22.919,1.224,34.15,3,2.309571429,0.554561717,9,1,0,17.1,25.1,9,22.87,0.91,11.89,48.61150873,31.5774406,2.776982537,11.30833095,5.553965073,0,0.057257372,0.114514744,62.57255464,24.81547832,1.59082766,9.10784665,1.820136152,0,0.057327123,0.035829452,9/9/2025
25-2703,3:15:00 PM,South Run downstream of Vint Hill,38.7544227,-77.6752321,PF03,S23,9.41,0.135853374,0.235791595,14.51,0.117123009,0.120802176,0.070656064,9.28,4.98,0.221077356,0.468014615,0.025324915,3.51,1.2,0.169745903,0.189749487,13.17,8.61,0.688289057,2.69,0.47,0.086268882,0.037852958,0.332074921,0.070506253,9.22,0.117904872,0.145181712,0.0199611,0.029029909,0.049124727,0.014732966,0.065242237,0.025725387,0.050065995,0.004182665,0.429107623,0.027438413,0.166668056,0.051898174,48.8,218,5.12,6.8,0.03,0.02,0.06,24.8,3.62,8.96,21.1,10.9,19.5,7,73.11196269,81.2153944,53.41729432,24.71510874,3.082991339,9/9/2025,6.08,17.86,420.63,5.76,3,19,0,0,0,0,0,22.03333333,24.45333333,1300.8,4,23.19142857,20.09133333,0.899666667,28.88,2,3.100095238,0.888940505,9,1,0,16.3,24.1,8.6,20.66,0.85,10.755,31.20526768,15.4881191,49.84254223,3.263670198,0.14314343,0,0.057257372,0,29.91109837,30.84313163,32.06194436,3.061370806,2.609693146,0,0.157728707,1.35503298,9/9/2025
25-2704,10:00:00 AM,Broad Run at Bradley Forest,38.697913,-77.484825,PF04,S34,9.5,0.134455911,0.206772891,8.22,0.106696905,0.121815945,0.067915415,5.67,5.02,0.214219055,0.425446251,0.023968265,3.09,0.077485822,0.175280158,0.194686804,7.95,1.73,0.709472354,2.23,0.079924446,0.096950191,0.037996992,0.335808646,0.066465068,3.25,0.117635926,0.13983846,0.01938549,0.020376401,0.047981809,0.015663823,0.063631459,0.025411847,0.053816922,0.005599387,0.439196307,0.03133163,0.172713697,0.052168184,51.9,430,6.89,7.4,0.01,0.033447448,0.346922383,55.3,2.33,15.1,39.5,85.8,20.5,12.1,114.198737,50.94011246,37.49242217,10.38727754,3.06041275,9/9/2025,4.5,22.13,360.97,13.3,5,13,0,0,1,0,1,22.42666667,24.78888889,1331,5,23.89857143,21.20333333,0.777666667,31.06,4,2.695238095,1.04370382,9,1,0,16.4,24.6,8.2,21.02,0.42,10.72,27.85571142,53.965073,10.392213,7.300314916,0.085886058,0,0.343544231,0.057257372,26.77176639,52.81261197,9.602293085,9.494804729,0.680759584,0.028663561,0.537441777,0.071658904,9/9/2025
25-2707,11:30:00 AM,Hooes Run at Old Bridge Rd,38.68,-77.2894444,ST05,S38,12.51,0.134759996,0.232609909,11.47,0.112995854,0.124947785,0.068934672,10.47,8.96,0.216298262,0.446119416,0.02415388,5.18,0.46,0.165892952,0.180993568,9.8,2.76,0.760295518,2.98,0.087133233,0.083560519,0.037830558,0.329264764,0.072971742,5.58,0.113925361,0.15479171,0.016890585,0.028757865,0.049960778,0.014274037,0.055367699,0.019798268,0.049931016,0.004449725,0.453520454,0.026447288,0.172681889,0.046490467,58.8,213,7.73,6.8,0.04,0.01,0.44,16.3,3.07,3.72,33.3,7.3,17.9,2.8,47.52036628,74.45604977,53.23500255,18.08149144,3.139555776,9/9/2025,20.36,53.71,321.41,15.44,7,13,1,0,3,0,3,22.38,24.79777778,1331.8,4,21.62285714,19.222,1.166333333,26.19,1,2.400857143,2.794194153,9,1,0,17,23.9,10,19.66,1.22,10.44,71.60847167,24.38465942,0.028620492,0.601030338,2.14653692,0,0.973096737,0.25758443,73.80184827,20.96855076,0.007163837,0.788022065,3.481624758,0.107457554,0.51579626,0.3295365,9/9/2025
25-2708,11:00:00 AM,Lake Jackson,38.7051667,-77.4454833,ST10,S33,9.23,0.138439202,0.224477043,6.5,0.120462728,0.128331982,0.070359784,4.68,3.76,0.220416706,0.50891139,0.025599483,2.06,0.077764762,0.167078371,0.199015203,5.92,1.79,0.680846195,1.59,0.083838148,0.06892639,0.04104824,0.323915175,0.069393535,2.94,1.15,0.151089606,0.017442197,0.02831399,0.047828058,0.012653756,0.066007611,0.028590808,0.056996319,0.007215902,0.449969414,0.032874775,0.16471272,0.051410465,27.9,221,8.03,7.3,0.1,0.049626357,0.06,26.7,2.72,8.15,20.7,22.8,22.1,5.5,85.2,43.88392996,31.86413503,8.894194663,3.12560027,9/9/2025,8.13,24.69,359.76,12.05,5,13,0,0,1,0,1,22.43,24.77,1329.3,5,23.66857143,21.14966667,0.886333333,30.16,4,2.518904762,1.167394285,9,1,0,16.6,24.5,8.6,21.03,0.63,10.83,28.17505721,59.23913043,0.85812357,4.090389016,7.179633867,0,0.257437071,0.200228833,29.30515759,62.84383954,1.568767908,2.944126074,2.908309456,0,0.085959885,0.343839542,9/9/2025
25-2709,1:25:00 PM,Bull Run at Rt 40,38.8030556,-77.4497222,ST45,S15,40.35,5.71,0.234896217,37.22,1.61,0.133844944,0.06936048,23.2,13.74,0.223366768,0.475856875,0.024994023,8.35,0.075845376,0.167745508,0.18528333,16.5,2.62,0.724290324,3.12,0.078410902,0.070037824,0.034609432,1.14,0.07742114,4.97,0.111706869,0.149449428,0.017719447,0.03056832,0.049011778,0.015573243,0.072414062,0.021103562,0.056622116,0.005883538,0.435807055,0.030175292,0.166969132,0.053207675,91.8,765,7.69,7.6,0.1,0.02,9.82,78.8,20.1,10.3,64.3,143,24.2,4.4,85,162.3221747,137.4713114,21.71897952,3.131883775,9/9/2025,4.44,12.71,381.67,4.16,4,19,0,0,0,0,0,22.81333333,25.15222222,1363.7,4,25.22857143,22.919,1.224,34.15,3,2.309571429,0.554561717,9,1,0,17.1,25.1,9,22.87,0.91,11.89,42.10074413,40.98454493,3.14825415,7.126502576,6.410990269,0,0.085861477,0.143102461,59.5553962,30.46253137,1.039799211,6.905700968,1.821441377,0,0.179275726,0.035855145,9/9/2025
25-2811,9:59:00 AM,Occoquan Reservoir Near Dam Bottom,38.6962667,-77.3883333,RE02B,S36,8.85,0.134147694,0.217518427,6.26,0.121989439,0.120346141,0.0683353,4.89,3.38,0.225894478,0.426619839,0.026182198,2.51,0.077847578,0.17717934,0.197836547,6.11,1.44,0.762997553,2.04,0.083843269,0.073273397,0.034197549,1.2,0.071078022,4.7,0.106265098,0.140844848,0.022036913,0.025854718,0.051077607,0.016364555,0.06481547,0.02835046,0.052814381,0.005883835,0.44599284,0.033101892,0.16637608,0.052466258,28.3,255,0.1,6.8,0.78,0.01,0.02,19.3,3.96,5,16.6,8.97,20.6,14.8,65.7,45.41153172,32.3658868,9.921353656,3.124291269,9/11/2025,16.22,38.83,336.76,10.03,7,13,0,0,1,0,0,22.18333333,24.67111111,1320.4,4,23.07714286,20.268,1.212333333,28.72,3,2.809142857,1.915827906,9,1,3.31,18,20.8,15.3,5.57,0.69,3.13,17.28784404,76.77752294,0,4.759174312,0,0,0.143348624,1.032110092,28.14113597,67.383821,0.014343087,3.384968445,0.114744693,0,0.207974756,0.753012048,9/11/2025
25-2797,9:46:00 AM,Occoquan Reservoir Near Dam Surface,38.6962667,-77.3883333,RE02S,S36,14.84,0.89,0.191991462,12.71,0.111166878,0.127221194,0.059275548,10.05,5.45,0.21953751,0.410829569,0.025223911,3.22,0.079772603,0.167336763,0.190660697,6.73,2.29,0.710132443,2.47,0.089766446,0.0809487,0.034134066,0.335146601,0.068121112,5.82,0.106605845,0.139107514,0.017112625,0.021872773,0.048642026,0.012920021,0.062540203,0.023299774,0.051415475,0.004932469,0.420421205,0.02920054,0.157313328,0.05198782,31.5,246,4.23,7,0.07,0,0.58,24,5.11,5.54,21.7,23.7,24,3.2,59.7,68.51863712,51.59874777,13.95213536,2.967753984,9/11/2025,16.22,38.83,336.76,10.03,7,13,0,0,1,0,0,22.18333333,24.67111111,1320.4,4,23.07714286,20.268,1.212333333,28.72,3,2.809142857,1.915827906,9,1,3.31,18,20.8,15.3,5.57,0.69,3.13,17.28784404,76.77752294,0,4.759174312,0,0,0.143348624,1.032110092,28.14113597,67.383821,0.014343087,3.384968445,0.114744693,0,0.207974756,0.753012048,9/11/2025
25-2846,11:30:00 AM,Ryans Dam Bottom,38.7211833,-77.3512833,RE15B,S30,26.05,3.26,0.214184483,27.74,1,0.117280221,0.070371868,19.81,11.29,0.212118133,0.412458478,0.02763677,6.18,0.24,0.161444362,0.175795558,9.85,3.03,0.765502069,3,0.083020837,0.0809835,0.036123195,0.339434995,0.06375795,6.21,0.122889812,0.14324196,0.019209074,0.025007561,0.045591148,0.011102687,0.053046897,0.023208768,0.056921348,0.005261061,0.450580877,0.027049911,0.167949316,0.052066027,68.6,541,0.2,7,0.7,0.056540308,4.52,55.9,12.5,9.63,48.2,89.7,23.1,9.2,91.7,121.6232389,97.48730061,21.08268116,3.053257097,9/11/2025,18.75,47.64,318.16,12.13,8,13,1,0,3,0,3,22.14333333,24.60777778,1314.7,4,22.52714286,18.98,1.407333333,27.75,3,3.547142857,2.510010537,9,1,2.57,18,20.6,15.4,5.11,0.71,2.91,12.13077144,65.95927732,0,1.03240608,19.78778319,0,0.25810152,0.831660453,12.25542894,72.81588189,0.953200029,2.171576005,11.13738981,0,0.279509783,0.387013545,9/11/2025
25-2837,11:22:00 AM,Ryans Dam Surface,38.7211833,-77.3512833,RE15S,S30,18.47,1.51,0.197010811,19.35,0.44,0.121091907,0.067481489,12.5,7.06,0.222612946,0.504614848,0.029657239,4.31,0.29,0.160727825,0.187388688,7.19,2.28,0.66302928,2.13,0.090038383,0.093469711,0.039729618,0.81,0.065933799,5.61,0.117322711,0.161711809,0.019022963,0.022014731,0.046899952,0.01326896,0.065963622,0.023878068,0.058632601,0.005816327,0.440595424,0.02617228,0.185090066,0.055028905,44.7,351,9.3,8.2,0.01,0.043403752,1.51,35,7.26,7.2,30.6,45.8,25,6.8,71.8,85.63420497,66.97393367,15.58339375,3.07687755,9/11/2025,18.75,47.64,318.16,12.13,8,13,1,0,3,0,3,22.14333333,24.60777778,1314.7,4,22.52714286,18.98,1.407333333,27.75,3,3.547142857,2.510010537,9,1,2.57,18,20.6,15.4,5.11,0.71,2.91,12.13077144,65.95927732,0,1.03240608,19.78778319,0,0.25810152,0.831660453,12.25542894,72.81588189,0.953200029,2.171576005,11.13738981,0,0.279509783,0.387013545,9/11/2025
25-2862,8:47:00 AM,Bull Run Marina Bottom,38.7416667,-77.3883333,RE30B,S27,39.96,5.35,0.23137104,36,1.6,0.124945268,0.067062093,24.54,14.71,0.219675084,0.472909099,0.024517443,8.42,0.34,0.171743497,0.189020489,13.74,2.29,0.705567543,3.74,0.083226552,0.078990564,0.037789875,2.54,0.075148484,6.55,0.125291161,0.15503706,0.019203401,0.0247365,0.047321168,0.013673199,0.067161878,0.021444661,0.056758792,0.00494517,0.438460159,0.029625073,0.179163817,0.053453495,88.9,723,7.55,7.6,0.04,0.034492351,0.02,81.5,19,10.8,62,141,21.9,11.2,91.5,163.4982426,136.1639483,24.21204749,3.12224675,9/11/2025,11.33,23.02,352.07,6.87,8,13,0,0,0,0,0,22.23333333,24.73777778,1326.4,5,23.37857143,20.77833333,1.193333333,30.28,3,2.600238095,1.107884816,9,1,2.25,18.1,21.2,15.1,6.3,0.57,3.435,8.366762178,76.07449857,1.06017192,3.266475645,10.0286533,0,0.372492837,0.830945559,13.78593448,68.70026525,5.778191985,3.333572299,7.548928239,0,0.415800416,0.437307334,9/11/2025
25-2856,8:42:00 AM,Bull Run Marina Surface,38.7416667,-77.3883333,RE30S,S27,36.12,4.87,0.20438916,33.52,1.5,0.131420139,0.071972377,22.86,13.79,0.216347459,0.456039329,0.024287317,7.01,0.078393176,0.168700679,0.209053114,12.58,1.75,0.69197627,3.46,0.08460457,0.072079509,0.034319737,1.53,0.062286076,5.1,0.120363332,0.150188992,0.018671952,0.026919225,0.046493036,0.013783285,0.072518387,0.023025555,0.060891283,0.005549508,0.448844142,0.031170999,0.167876558,0.055944308,88.9,724,7.59,7.6,0.04,0.046414355,9.1,81.1,19,10.8,62.2,141,22,8.8,94.5,147.8381095,123.7306922,21.03850436,3.068912891,9/11/2025,11.33,23.02,352.07,6.87,8,13,0,0,0,0,0,22.23333333,24.73777778,1326.4,5,23.37857143,20.77833333,1.193333333,30.28,3,2.600238095,1.107884816,9,1,2.25,18.1,21.2,15.1,6.3,0.57,3.435,8.366762178,76.07449857,1.06017192,3.266475645,10.0286533,0,0.372492837,0.830945559,13.78593448,68.70026525,5.778191985,3.333572299,7.548928239,0,0.415800416,0.437307334,9/11/2025
25-2870,12:37:00 PM,Occoquan River at Ravenwood Bridge Bottom,38.7175,-77.3941667,RE35B,S31,9.8,0.38,0.214741458,7.65,0.120955169,0.13120955,0.06913054,5.64,4.84,0.225699581,0.45203807,0.024326636,2.99,0.078428027,0.17501529,0.194534235,6.78,1.5,0.722760629,1.49,0.083839378,0.07491063,0.036766212,0.332086061,0.065009397,4.13,0.122590895,0.13641421,0.018044152,0.026244403,0.048191869,0.012792329,0.063027521,0.024667573,0.050763719,0.006818882,0.433930046,0.029777161,0.78,0.051788492,27.6,233,6.7,7.3,0.04,0.04622485,9.41,23,3.49,7.01,17.1,18,22.8,17.2,62.6,50.00650211,35.44566777,10.85533119,3.705503159,9/11/2025,16.22,38.83,336.76,10.03,7,13,0,0,1,0,0,22.18333333,24.67111111,1320.4,4,23.07714286,20.268,1.212333333,28.72,3,2.809142857,1.915827906,9,1,3.31,18,20.8,15.3,5.57,0.69,3.13,25.03580636,54.02463478,0.257805786,8.507590948,11.17158407,0,0.773417359,0.229160699,21.37842098,63.43315661,0.644791517,3.70396905,9.413956154,0.00716435,0.472847113,0.945694226,9/11/2025
25-2863,12:32:00 PM,Occoquan River at Ravenwood Bridge Surface,38.7175,-77.3941667,RE35S,S31,39.03,5.27,0.206013199,36.29,1.69,0.126419732,0.064700093,24.16,15.42,0.237988963,0.391385326,0.027895236,7.4,0.34,0.161009247,0.192981053,12.52,2.88,11.85,3.68,0.088812044,0.076362561,0.039221028,0.323722848,0.071344967,5.13,0.120656749,0.148478348,0.015139603,0.02255416,0.04575605,0.015299098,0.06782776,0.022307393,0.058885215,0.005436099,0.43984839,0.026097193,0.172183354,0.053584147,29.1,233,9.56,7.8,0.972967849,0.129947563,1.820085808,23.8,3.47,7.16,20.4,19.7,24.4,16,62.9,168.8819099,130.6336467,24.09336782,14.1548953,9/11/2025,16.22,38.83,336.76,10.03,7,13,0,0,1,0,0,22.18333333,24.67111111,1320.4,4,23.07714286,20.268,1.212333333,28.72,3,2.809142857,1.915827906,9,1,3.31,18,20.8,15.3,5.57,0.69,3.13,25.03580636,54.02463478,0.257805786,8.507590948,11.17158407,0,0.773417359,0.229160699,21.37842098,63.43315661,0.644791517,3.70396905,9.413956154,0.00716435,0.472847113,0.945694226,9/11/2025
25-2888,11:30:00 AM,UOSA Tributary,38.796984,-77.457145,PF01,S19,47.84,7.07,0.220303529,44.51,1.94,0.117637994,0.064155538,31.38,18.15,0.217015435,0.484209173,0.02299067,9.02,0.49,0.174587136,0.186163494,15.92,2.19,0.692805832,3.95,0.09142489,0.074468771,0.031787896,1.67,0.064597945,7.98,0.120528768,0.139185423,0.019547336,0.025746179,0.047746564,0.015369073,0.062126382,0.020344147,0.056982756,0.006273164,0.433214593,0.025929074,1.73,0.051636613,94.3,839,8.61,8,0.06,0.01,12.4,70.3,22.2,8.88,65.6,114,23.8,9,81.34285652,197.3067784,163.5653841,29.1251347,4.616259586,9/23/2025,32.63,38.74,303.85,25.87,4,14,1,1,1,1,1,20.85666667,24.47,1302.3,1,17.38142857,22.81233333,1.245,32.65,4,-5.430904762,1.698204188,9,1,0,21.4,26.1,16.8,13.33,1.24,7.285,53.44431688,29.19058553,2.755453502,9.529276693,4.936854191,0,0.057405281,0.086107922,63.31182796,24.19354839,1.433691756,9.11827957,1.82078853,0,0.086021505,0.035842294,9/23/2025
25-2889,11:25:00 AM,Bull Run above UOSA,38.797717,-77.45866,PF02,S17,11.53,0.135747161,0.212907246,17.49,0.11319352,0.127019571,0.069656322,11.82,7.25,0.205860483,0.493523262,0.025765048,6.22,0.7,0.176980375,0.95,10.48,4.52,0.671873768,5.21,0.080800748,0.075941604,0.031890664,1.81,0.069855631,10.75,0.118290293,0.131575497,0.018679185,0.023933999,0.045209347,0.015945913,0.060067434,0.021395152,0.055181561,0.004951604,0.424631336,0.029105747,0.173372021,0.05795787,73.9,810,9.04,7.7,0.02,0.02,0.05,89.6,2.99,18.4,43.1,170,21.1,7.911313019,100.125599,92.40131236,65.06641397,23.51911315,3.815785249,9/23/2025,32.63,38.74,303.85,25.87,4,14,1,1,1,1,1,20.85666667,24.47,1302.3,1,17.38142857,22.81233333,1.245,32.65,4,-5.430904762,1.698204188,9,1,0,21.4,26.1,16.8,13.33,1.24,7.285,48.61150873,31.5774406,2.776982537,11.30833095,5.553965073,0,0.057257372,0.114514744,62.57255464,24.81547832,1.59082766,9.10784665,1.820136152,0,0.057327123,0.035829452,9/23/2025
25-2883,12:30:00 PM,Occoquan High Dam,38.6938889,-77.2772222,ST01,S37,15.73,1.13,0.195530738,14.7,0.36,0.11560749,0.061729262,10.38,7.1,0.205382977,0.41791403,0.02588694,3.67,0.081981436,0.166801246,0.178907671,10.07,2.39,0.738144053,2.35,0.077728772,0.081671337,0.035175452,0.335391387,0.070454878,6.03,0.116007666,0.142389292,0.018270326,0.022603499,0.046270225,0.016562828,0.066028673,0.021239444,0.053516815,0.00549664,0.427393998,0.032003238,0.174375266,0.053893274,37.6,279,3.66,7,1.15191231,0.113903606,1.24,28.7,6.1,6.2,26.2,33.7,23.3,2.5,66,77.89435885,58.98354804,15.90955568,3.001255135,9/23/2025,26.51,55.51,281.43,24.5,7,12,1,0,2,0,2,20.49,23.89,1250.1,1,14.39571429,19.05566667,1.448666667,27.67,3,-4.659952381,2.913044239,9,1,0,20.9,25.3,16.5,12.04,1.42,6.73,22.75329136,39.23869491,0.028620492,0.515168861,15.82713223,17.48712078,1.917572982,2.232398397,45.4512894,35.20773639,0.128939828,0.32234957,7.191977077,8.832378223,1.053008596,1.812320917,9/23/2025
25-2884,11:00:00 AM,Hooes Run at Old Bridge Rd,38.68,-77.2894444,ST05,S38,7.06,0.136494139,0.231733344,8.56,0.114557084,0.125011064,0.073051139,6.55,9.31,0.209175117,0.370637647,0.024997593,3.45,0.24,0.184711853,0.189425855,10.15,2.62,0.766597542,1.87,0.090327771,0.079385656,0.034954765,0.327999518,0.068848811,7.51,0.114075233,0.14006518,0.015791684,0.025439025,0.047428536,0.015215308,0.060497526,0.022574593,0.049348778,0.004766551,0.430688244,0.022953651,0.158382647,0.051113455,46.8,20,6.29,6.9,0.02,0.01,0.44,15.8,3.26,3.62,28.3,8.68,20.4,1.4,50.83940928,61.50624931,38.4684113,19.99373868,3.044099326,9/23/2025,26.48,54.6,295.37,24.77,7,12,1,0,2,0,2,20.41333333,24.01333333,1261.2,1,13.73285714,18.85233333,1.262666667,26.22,2,-5.11947619,2.896193221,9,1,0,20.7,25.1,16.3,11.41,1.15,6.28,71.60847167,24.38465942,0.028620492,0.601030338,2.14653692,0,0.973096737,0.25758443,73.80184827,20.96855076,0.007163837,0.788022065,3.481624758,0.107457554,0.51579626,0.3295365,9/23/2025
25-2885,10:00:00 AM,Lake Jackson,38.7051667,-77.4454833,ST10,S33,8.2,0.135040993,0.265792468,5.71,0.114956975,0.114802344,0.06243161,4.66,4.47,0.233865381,0.40958961,0.025463886,3.01,0.081122908,0.168663171,0.19678335,5.52,1.51,0.721502742,1.5,0.087180926,0.084111939,0.036329613,0.326686511,0.067289459,4.84,0.115945489,0.131334872,0.017220623,0.026875463,0.049315783,0.015136004,0.066139203,0.021714661,0.051430495,0.005422254,0.433015309,0.028533186,0.163770096,0.051005487,32.8,286,8.42,7.6,0.05,0.048334751,0.02,31.7,2.69,9.48,24.2,33.2,22.7,7,96.2,43.72847281,29.43707513,11.20459613,3.08680155,9/23/2025,24.95,36.32,266.68,22.97,5,12,1,0,1,0,1,20.46333333,24.06333333,1265.7,1,16.46571429,21.18233333,0.95,30.09,4,-4.716619048,1.714636411,9,1,0,21.3,26,16.5,13.1,0.86,6.98,28.17505721,59.23913043,0.85812357,4.090389016,7.179633867,0,0.257437071,0.200228833,29.30515759,62.84383954,1.568767908,2.944126074,2.908309456,0,0.085959885,0.343839542,9/23/2025
25-2886,12:03:00 PM,Bull Run at Rt 41,38.8030556,-77.4497222,ST45,S15,41.39,5.87,0.230971901,40.25,1.5,0.125423189,0.065028822,27.32,15.48,0.2204334,0.438093071,0.025424814,8.61,0.26,0.166064569,0.204287104,15.02,2.75,0.768216477,4.1,0.082283387,0.071499831,0.039598728,2.16,0.065633316,7.67,0.118647404,0.130104941,0.021140645,0.021814591,0.047398976,0.012970792,0.063274828,0.020568214,0.053650113,0.005958892,0.440079216,0.024903522,0.170404931,0.051401588,89.5,843,7.91,7.5,0.09,0.03,9.99,73.4,18.2,10.9,60.5,126,23.1,4.7,81.8,176.0652773,146.4773869,26.45845168,3.12943864,9/23/2025,32.63,38.74,303.85,25.87,4,14,1,1,1,1,1,20.85666667,24.47,1302.3,1,17.38142857,22.81233333,1.245,32.65,4,-5.430904762,1.698204188,9,1,0,21.4,26.1,16.8,13.33,1.24,7.285,42.10074413,40.98454493,3.14825415,7.126502576,6.410990269,0,0.085861477,0.143102461,59.5553962,30.46253137,1.039799211,6.905700968,1.821441377,0,0.179275726,0.035855145,9/23/2025
25-3016,10:32:52 AM,Occoquan Reservoir Near Dam Bottom,38.6962667,-77.3883333,RE02B,S36,14.03,1.01,0.213148081,11.78,0.113879698,0.13023665,0.064306195,9.16,5.8,0.207762423,0.454258655,0.027376048,3.58,0.076960209,0.167894638,0.170797164,6.9,1.96,0.684041354,2.13,0.084166413,0.078076817,0.036873993,2.77,0.061790281,7.24,0.116650061,0.14038228,0.018163705,0.025787365,0.051381186,0.012492563,0.065539194,0.022747063,0.056504419,0.006955282,0.416440987,0.026469465,0.169161111,0.053389661,37.6,279,0.05,6.8,1.83,0.03,0.33,29.6,6.13,6.33,26.9,26.6,20.8,9.4,84.2,70.11363296,51.73836074,15.38924356,2.986028662,10/2/2025,15.43,68.04,210.89,23.94,8,5,0,0,1,0,1,20.96333333,23.55111111,1219.6,1,12.31,17.728,1.018333333,29.37,2,-5.418,3.83799639,10,1,0,16.3,23.9,8.6,19.84,0.88,10.36,17.28784404,76.77752294,0,4.759174312,0,0,0.143348624,1.032110092,28.14113597,67.383821,0.014343087,3.384968445,0.114744693,0,0.207974756,0.753012048,10/2/2025
25-3002,10:10:00 AM,Occoquan Reservoir Near Dam Surface,38.6962667,-77.3883333,RE02S,S36,16.29,1.48,0.206181834,15.58,0.4,0.1144419,0.06124185,11.39,6.92,0.228605264,0.442081139,0.023683676,3.95,0.081212983,0.16952964,0.183559596,11.92,2.18,0.72874933,2.3,0.087915302,0.078448019,0.042427538,1.13,0.071222376,6.1,0.126055804,0.142989987,0.020586487,0.022761046,0.049587258,0.012196566,0.067033332,0.024207795,0.057849324,0.00412704,0.445736307,0.026674913,0.176611069,0.054844589,39.4,310,5.01,7.2,0.06,0.0117965,1.25,31.6,6.74,6.63,28.4,36,23.3,2.8,66.1,83.39056196,64.71369951,15.59691983,3.079942622,10/2/2025,15.43,68.04,210.89,23.94,8,5,0,0,1,0,1,20.96333333,23.55111111,1219.6,1,12.31,17.728,1.018333333,29.37,2,-5.418,3.83799639,10,1,0,16.3,23.9,8.6,19.84,0.88,10.36,17.28784404,76.77752294,0,4.759174312,0,0,0.143348624,1.032110092,28.14113597,67.383821,0.014343087,3.384968445,0.114744693,0,0.207974756,0.753012048,10/2/2025
25-3051,12:06:00 PM,Ryans Dam Bottom,38.7211833,-77.3512833,RE15B,S30,30.21,3.95,0.220149072,28.39,0.86,0.127783972,0.059206614,20.94,11.14,0.215201138,0.503123205,0.024675384,7.18,0.36,0.169331847,0.177722463,13.27,2.33,0.697582763,4.27,0.089869787,0.074922941,0.040037677,2.12,0.06365329,7.74,0.127666485,0.137909953,0.01668824,0.022768811,0.050476522,0.016232629,0.066533325,0.025161573,0.057253,0.005666564,0.451851378,0.031495745,0.168106969,0.050202659,67.1,651,0.32,7.1,0.48,0.052289866,4.43,60.3,12.8,10.5,47.6,101,21.8,6.4,92.5,136.451274,111.4642216,21.88620413,3.100848253,10/2/2025,13.35,70.87,227.92,24.64,10,5,0,0,2,0,2,20.98666667,23.49888889,1214.9,1,11.76571429,17.02833333,1.150333333,28.09,3,-5.262619048,4.161887051,10,1,0,16.3,23.5,9.2,18.43,1,9.715,12.13077144,65.95927732,0,1.03240608,19.78778319,0,0.25810152,0.831660453,12.25542894,72.81588189,0.953200029,2.171576005,11.13738981,0,0.279509783,0.387013545,10/2/2025
25-3042,11:59:00 AM,Ryans Dam Surface,38.7211833,-77.3512833,RE15S,S30,21.42,2.54,0.247177332,22.08,0.69,0.124445122,0.068948712,14.04,8.28,0.223492736,0.441483733,0.024719128,5.22,0.43,0.166279501,0.186877017,9.3,2.61,0.715974932,3.02,0.0750928,0.080092229,0.035285779,1.41,0.070517272,6.77,0.116371141,0.139117191,0.018392571,0.029647003,0.044619786,0.013595051,0.067466833,0.022461298,0.056852922,0.005371587,0.439376169,0.031739372,0.162791441,0.050861923,52.6,421,8.9,8.4,0.02,0.037733842,2.47,43.6,9.12,8.33,37.1,62.9,23.6,6.7,77.6,101.4690506,79.9903379,18.38874963,3.089963055,10/2/2025,13.35,70.87,227.92,24.64,10,5,0,0,2,0,2,20.98666667,23.49888889,1214.9,1,11.76571429,17.02833333,1.150333333,28.09,3,-5.262619048,4.161887051,10,1,0,16.3,23.5,9.2,18.43,1,9.715,12.13077144,65.95927732,0,1.03240608,19.78778319,0,0.25810152,0.831660453,12.25542894,72.81588189,0.953200029,2.171576005,11.13738981,0,0.279509783,0.387013545,10/2/2025
25-3067,8:59:00 AM,Bull Run Marina Bottom,38.7416667,-77.3883333,RE30B,S27,34.41,4.46,0.228537663,35.02,1.18,0.131727027,0.061198625,23.37,12.75,0.21917551,0.410397529,0.026471108,8.14,0.37,0.159316374,0.18258985,12.26,3.28,0.670702994,4.84,0.089486207,0.081010275,0.034211504,1.53,0.072114762,7.81,0.128781631,0.140989781,0.020426393,0.031125315,0.049421689,0.011126902,0.06573775,0.023991238,0.048701379,0.008137955,0.401481614,0.029386376,0.176239159,0.051912321,79.4,637,5.25,7.3,0.1,0.02,8.13,68.5,14.9,11.6,55.2,110,21.4,7.8,94.8,152.9743989,125.4843461,24.53062959,2.959423271,10/2/2025,15.1,61.92,202.65,24.71,8,5,1,0,2,0,2,21.01,23.61222222,1225.1,1,12.83857143,18.26333333,1.012,30.78,2,-5.424761905,3.390399708,10,1,0,16.2,24.1,8.4,20.27,0.77,10.52,8.366762178,76.07449857,1.06017192,3.266475645,10.0286533,0,0.372492837,0.830945559,13.78593448,68.70026525,5.778191985,3.333572299,7.548928239,0,0.415800416,0.437307334,10/2/2025
25-3061,8:48:00 AM,Bull Run Marina Surface,38.7416667,-77.3883333,RE30S,S27,33.31,4.02,0.233758805,32.27,1.09,0.126090936,0.066083946,22.15,13.93,0.223712188,0.489630049,0.023918961,7.16,0.31,0.164905165,0.18665876,12.78,2.72,0.727234743,5.58,0.084210787,0.066475567,0.034961109,1.64,0.067294466,7.01,0.121614849,0.13242206,0.016223741,0.032914583,0.35,0.011534543,0.0688276,0.01886994,0.056579417,0.006262116,0.414766745,0.034298785,0.161466123,0.055512424,78.2,639,6.12,7.4,0.08,0.02,8.79,67.2,14.8,11.4,54.8,104,21.5,5.7,94.4,147.9462284,120.2799364,24.26344215,3.402849812,10/2/2025,15.1,61.92,202.65,24.71,8,5,1,0,2,0,2,21.01,23.61222222,1225.1,1,12.83857143,18.26333333,1.012,30.78,2,-5.424761905,3.390399708,10,1,0,16.2,24.1,8.4,20.27,0.77,10.52,8.366762178,76.07449857,1.06017192,3.266475645,10.0286533,0,0.372492837,0.830945559,13.78593448,68.70026525,5.778191985,3.333572299,7.548928239,0,0.415800416,0.437307334,10/2/2025
25-3075,1:17:00 PM,Occoquan River at Ravenwood Bridge Bottom,38.7175,-77.3941667,RE35B,S31,9.08,0.131502227,0.202784158,6.21,0.116701878,0.132409941,0.075126249,5.33,5.12,0.216385795,0.417407469,0.023745035,2.43,0.22,0.165657375,0.190824387,7.05,1.63,0.733236705,1.85,0.085587267,0.073853247,0.040669951,1.8,0.07589207,5.7,0.120606333,0.145285303,0.017234544,0.030134981,0.29,0.012689571,0.061980853,0.022253653,0.051857739,0.005251985,0.455566735,0.030436615,0.176102169,0.047484348,30.75489322,258,5.93,7.2,1.008269886,0.105563662,1.59006755,26.2,3.26,8.01,22.2,35.9961353,21.7,13,71.2,50.56866858,34.26278401,12.98204736,3.323837213,10/2/2025,15.43,68.04,210.89,23.94,8,5,0,0,1,0,1,20.96333333,23.55111111,1219.6,1,12.31,17.728,1.018333333,29.37,2,-5.418,3.83799639,10,1,0,16.3,23.9,8.6,19.84,0.88,10.36,25.03580636,54.02463478,0.257805786,8.507590948,11.17158407,0,0.773417359,0.229160699,21.37842098,63.43315661,0.644791517,3.70396905,9.413956154,0.00716435,0.472847113,0.945694226,10/2/2025
25-3068,1:10:00 PM,Occoquan River at Ravenwood Bridge Surface,38.7175,-77.3941667,RE35S,S31,8.55,0.131289986,0.206514509,7.15,0.118346517,0.124666442,0.063602552,5.84,4.6,0.232310415,0.383552328,0.023384762,2.59,0.24,0.160306104,0.195639677,6.86,1.61,0.737972141,1.65,0.077960124,0.081991999,0.036821055,0.79,0.072318826,5.57,0.124181192,0.140184295,0.0171508,0.021705925,0.047387822,0.014333952,0.062582618,0.025447173,0.058219295,0.006027727,0.425698044,0.028504355,0.154569558,0.054850989,31.3,260,8.11,7.6,0.01,0.03847437,1.757143684,26.6,3.26,8.11,22.6,22.2,23.4,9.4,73.8,49.27752118,33.94632553,12.32448883,3.006706816,10/2/2025,15.43,68.04,210.89,23.94,8,5,0,0,1,0,1,20.96333333,23.55111111,1219.6,1,12.31,17.728,1.018333333,29.37,2,-5.418,3.83799639,10,1,0,16.3,23.9,8.6,19.84,0.88,10.36,25.03580636,54.02463478,0.257805786,8.507590948,11.17158407,0,0.773417359,0.229160699,21.37842098,63.43315661,0.644791517,3.70396905,9.413956154,0.00716435,0.472847113,0.945694226,10/2/2025
25-2990,15:30,South Run downstream of Vint Hill,38.7544227,-77.6752321,PF03,S23,9.66,0.138473417,0.22513114,7.53,0.121909397,0.125497585,0.067211129,6.92,4.67,0.216484824,0.397704772,0.027547437,4.47,0.75,0.166110012,0.171008017,11.54,9.69,0.713912326,2.64,0.091406875,0.087238149,0.035164801,0.330285818,0.063912431,8.68,0.115183532,0.142583087,0.01858287,0.026233382,0.047338093,0.014493293,0.066006337,0.020800481,0.054672143,0.005458857,0.431256499,0.029981867,0.155412179,0.056044409,50,270,7.63,7.2,0,0.01,1.736818497,27.6,3.88,10,22.3,9.35,21.6,4.9,73.5,70.71304516,43.61276402,24.1108729,2.989408231,10/6/2025,0,50.25,245.25,22.6,8,7,0,0,1,0,1,20.08333333,22.79111111,1151.2,1,16.14714286,17.504,0.854666667,28.77,2,-1.356857143,2.870772395,10,1,0,18.9,27.3,10.6,22.55,0.59,11.57,31.20526768,15.4881191,49.84254223,3.263670198,0.14314343,0,0.057257372,0,29.91109837,30.84313163,32.06194436,3.061370806,2.609693146,0,0.157728707,1.35503298,10/6/2025
25-2991,10:45,Broad Run at Bradley Forest,38.697913,-77.484825,PF04,S34,11.8,0.136444997,0.232241586,6.84,0.117310834,0.132416751,0.066151075,5.67,3.94,0.215204229,0.445596199,0.025427123,3.22,0.081033041,0.163889714,0.177604193,6.33,2.05,0.673827833,1.56,0.088399344,0.089919358,0.037308479,0.329562669,0.076738831,4.06,0.117002994,0.14002264,0.020164205,0.022505206,0.049900857,0.010971027,0.062003467,0.024056716,0.048852115,0.005922594,0.468312775,0.026110647,0.166468114,0.055877113,45.1,382,7.85,7.4,0.01,0.049359631,0.01,48.1,2.64,12.3,34.6,67.6,19.8,6,88.2,49.77724673,36.25368228,10.44599669,3.077567753,10/6/2025,0,52.77,187.17,22.96,7,7,0,0,2,0,3,20.43666667,23.15666667,1184.1,1,17.21285714,18.28833333,0.801333333,31.15,6,-1.07547619,2.885446095,10,1,0,18.8,27.4,10.3,23.88,0.56,12.22,27.85571142,53.965073,10.392213,7.300314916,0.085886058,0,0.343544231,0.057257372,26.77176639,52.81261197,9.602293085,9.494804729,0.680759584,0.028663561,0.537441777,0.071658904,10/6/2025
25-2992,8:20,Cub Run above US50,38.909257,-77.466674,PF05,S10,7.14,0.13555412,0.196328822,10.33,0.115527863,0.114794435,0.066345598,6.11,3.53,0.207372249,0.405391954,0.02536174,3.02,0.72,0.162289081,6.77,4.7,4.66,0.744587691,0.96,0.083975936,0.075170752,0.038968172,0.324604633,0.07507288,4.63,0.115431744,0.149763029,0.018377399,0.029241911,0.047344086,0.015356949,0.070035419,0.025839821,0.065083874,0.005882597,0.428585481,0.032898613,0.167597265,0.052811388,29.9,1400,7.24,7.6,0.02,0.01,0.18,176,2.45,60.8,39.9,553,17.3,9.1,170.740736,56.5655955,33.11547956,13.86455747,9.585558466,10/6/2025,0,37.91,146.35,24.81,6,10,0,0,1,0,1,20.33666667,23.08444444,1177.6,1,17.31285714,18.55666667,1.187333333,32.11,5,-1.243809524,2.042931561,10,1,0,19,27.1,11,21.66,0.26,10.96,73.93174649,14.85517637,0.68827072,9.664468024,0.143389733,0,0.716948666,0,69.40619621,23.88841079,0.839070568,4.410499139,0.157773953,0.860585198,0.437464142,0,10/6/2025
25-2994,8:35,Lake Jackson,38.7051667,-77.4454833,ST10,S33,9.55,0.130391649,0.226714832,7.53,0.118701545,0.123427493,0.067433167,5.6,3.45,0.209950148,0.490108403,0.027216627,2.71,0.23,0.167159649,0.185144062,9.24,1.87,0.696987697,2.65,0.085264525,0.069667765,0.03578241,0.322119535,0.068826332,3.46,0.119153605,0.136875579,0.01755788,0.027605374,0.05026288,0.012544357,0.066917389,0.021248768,0.054735809,0.006210988,0.440933013,0.025135837,0.158101277,0.05456983,38.4,318,8.01,7.4,0.09,0.044143933,0.06,38.3,2.77,11.1,28.6,47.6,20.8,6.2,134.5,50.50674843,38.11962491,9.316918723,3.070204795,10/6/2025,0,56.74,184.4,22.97,7,7,0,0,2,0,2,20.31,23.09777778,1178.8,1,16.84857143,17.76033333,0.781333333,30.09,3,-0.911761905,3.194759858,10,1,0,18.8,27.3,10.3,23,0.47,11.735,28.17505721,59.23913043,0.85812357,4.090389016,7.179633867,0,0.257437071,0.200228833,29.30515759,62.84383954,1.568767908,2.944126074,2.908309456,0,0.085959885,0.343839542,10/6/2025
25-2996,11:55:12 AM,UOSA Tributary,38.796984,-77.457145,PF01,S19,43.87,5.47,0.206288738,34.76,1.42,0.128090318,0.07192453,20.43,14.01,0.231191972,0.454388883,0.025143059,7.3,0.47,0.17552842,0.184927,13.34,2.63,0.720989313,4.48,0.08137665,0.089296113,0.035284947,1.95,0.066252968,5.91,0.120724655,0.155458037,0.017409301,0.022768556,0.045176943,0.011255761,0.063562214,0.024056653,0.05322387,0.006771901,0.432349989,0.031442397,0.175084986,0.056578333,94.1,882,8.61,7.9,0.05,0.01,9.69,67.5,23,9.87,66.3,115,23,10.7,87.00712127,159.7265465,133.2802793,23.34147136,3.10479585,10/7/2025,0,59.64,234.76,25.87,8,8,0,0,2,1,2,20.40666667,23.37222222,1203.5,1,18.13,19.05266667,0.942666667,32.65,4,-0.922666667,3.130270478,10,1,0,21.2,28.6,13.9,21.38,1.01,11.195,53.44431688,29.19058553,2.755453502,9.529276693,4.936854191,0,0.057405281,0.086107922,63.31182796,24.19354839,1.433691756,9.11827957,1.82078853,0,0.086021505,0.035842294,10/7/2025
25-2997,11:50,Bull Run above UOSA,38.797717,-77.45866,PF02,S17,8.18,0.142149027,0.234548958,11.93,0.117994462,0.130659923,0.067328459,7.24,5.74,0.216630354,0.433658983,0.027349398,5.34,0.52,0.153203442,0.181051549,8.94,3.42,0.769481078,3.37,0.087712624,0.081439523,0.039167766,0.33199225,0.07496206,6.51,0.120679024,0.150154257,0.019940484,0.027960571,0.04726743,0.013965249,0.068500686,0.022241442,0.05383052,0.005377063,0.439952485,0.02890603,0.164237812,0.055080551,90.2888181,691.0038384,9.526510915,7.556841431,1.346244985,0.183944384,4.897923616,60.88078417,12.488152,10.63221559,60.71955988,93.08190424,17.38141368,25.94065208,99.50030732,65.49742346,45.86310654,16.51674052,3.117576405,10/7/2025,0,59.64,234.76,25.87,8,8,0,0,2,1,2,20.40666667,23.37222222,1203.5,1,18.13,19.05266667,0.942666667,32.65,4,-0.922666667,3.130270478,10,1,0,21.2,28.6,13.9,21.38,1.01,11.195,48.61150873,31.5774406,2.776982537,11.30833095,5.553965073,0,0.057257372,0.114514744,62.57255464,24.81547832,1.59082766,9.10784665,1.820136152,0,0.057327123,0.035829452,10/7/2025
25-3086,12:45,Occ High Dam,38.6938889,-77.2772222,ST01,S37,16.75,1.38,0.202785132,15.21,0.4,0.11994805,0.064441137,10.6,6.91,0.231053563,0.488623608,0.024241866,4.48,0.28,0.163203712,0.191598014,11.56,1.8,0.675011624,1.92,0.080691586,0.083789446,0.035052592,1.03,0.069087116,5.82,0.116749621,0.143102975,0.020541875,0.024994026,0.046973531,0.014004372,0.063391411,0.026810536,0.058961757,0.00731362,0.418027109,0.029209769,0.162734284,0.054843411,42.2,298,4.96,7,0.15,0.046091946,1.48,33,7.17,6.76,29.3,41.9,23.6,3,72.4,81.75718574,63.59409682,15.12670683,3.036382099,10/7/2025,0,61.57,234.68,24.5,9,8,0,0,1,0,1,20.12666667,22.86888889,1158.2,1,14.27285714,15.61466667,1.105666667,27.67,2,-1.341809524,3.943087695,10,1,0,20.8,27.3,14.3,17.42,1.08,9.25,22.75329136,39.23869491,0.028620492,0.515168861,15.82713223,17.48712078,1.917572982,2.232398397,45.4512894,35.20773639,0.128939828,0.32234957,7.191977077,8.832378223,1.053008596,1.812320917,10/7/2025
25-3085,11:00,Hooes Run at Old Bridge Rd,38.68,-77.2894444,ST05,S38,6.99,0.136637696,0.247749804,7.82,0.116032033,0.127988791,0.07233972,6.19,8.51,0.220859696,0.452141104,0.024768293,2.4,0.3,0.169864791,0.186880006,6.52,2.62,0.751439336,1.45,0.087729236,0.085715479,0.03961437,0.95,0.068828255,5.11,0.107307125,0.141698166,0.01624715,0.027146402,0.049703713,0.015222617,0.070038992,0.027616161,0.059131286,0.006758488,0.42384106,0.032423032,0.175574344,0.055060635,52.9,251,5.72,6.7,0.278355213,0.01,1.500391578,18.5,3.92,4.27,32.8,14.3,17.7,2.6,55.7,52.85635778,32.83629353,16.86004011,3.160024136,10/7/2025,0.23,64.68,242.42,24.77,9,8,0,0,2,0,2,20.06333333,22.94333333,1164.9,1,15.06142857,15.21666667,0.973333333,26.22,2,-0.155238095,4.25060241,10,1,0,21.1,27.7,14.4,18.51,0.99,9.75,71.60847167,24.38465942,0.028620492,0.601030338,2.14653692,0,0.973096737,0.25758443,73.80184827,20.96855076,0.007163837,0.788022065,3.481624758,0.107457554,0.51579626,0.3295365,10/7/2025
25-2995,12:28,Bull Run at Rt 42,38.8030556,-77.4497222,ST45,S15,36.96,4.69,0.204603407,30.94,1.36,0.136474761,0.064186249,19.33,12.56,0.210546889,0.391475343,0.022533934,6.86,0.27,0.1752789,0.193530674,14.59,2.19,0.686129638,3.45,0.084933904,0.082004822,0.037412346,2.25,0.068342987,5.14,0.117649077,0.134440457,0.0184652,0.027160849,0.046484452,0.014579094,0.066243706,0.024170483,0.051750548,0.006323959,0.447237485,0.024582761,0.175980874,0.04877689,88.6,928,8.06,7.6,0.09,0.03,7.77,82.2,19.7,12.7,62.4,142,22,6.4,89.3,144.1512997,120.6928042,20.46544703,2.993048477,10/7/2025,0,59.64,234.76,25.87,8,8,0,0,2,1,2,20.40666667,23.37222222,1203.5,1,18.13,19.05266667,0.942666667,32.65,4,-0.922666667,3.130270478,10,1,0,21.2,28.6,13.9,21.38,1.01,11.195,42.10074413,40.98454493,3.14825415,7.126502576,6.410990269,0,0.085861477,0.143102461,59.5553962,30.46253137,1.039799211,6.905700968,1.821441377,0,0.179275726,0.035855145,10/7/2025
25-3112,10:50:38 AM,Occoquan Reservoir Near Dam Bottom,38.6962667,-77.2828833,RE02B,S35,19.09,1.55,0.215355416,17.64,0.42,0.122704985,0.071072819,12.82,7.46,0.2227666,0.454704883,0.026592069,4.83,0.084546744,0.169143216,0.196294823,8.45,2.25,0.686648205,2.75,0.083092076,0.072378197,0.036513107,0.344189257,0.065598646,6.6,0.121312028,0.135298857,0.017400747,0.025670023,0.050382955,0.014112878,0.062891526,0.02467948,0.051232716,0.006030029,0.412685649,0.025228572,0.165665212,0.056106123,41.2,320,0.19,6.6,1.64,0.135523759,0.64,32.8,6.88,6.72,28.7,34.5,20.6,6.8,92,87.88029784,68.15529555,16.70175288,3.023249408,10/9/2025,2,55.47,206.47,24.5,9,9,0,0,1,0,1,20.16333333,22.72444444,1145.2,0,16.14,15.193,1.086333333,27.67,1,0.947,3.651023498,10,1,0.37,14.9,21.9,7.9,13.18,1.3,7.24,22.32091691,49.65616046,0.028653295,0.601719198,18.7965616,3.094555874,1.977077364,3.524355301,41.40205003,39.10830765,0.229374238,0.422908752,7.347143574,8.243136693,1.4192531,1.827825962,10/9/2025
25-3098,10:37,Occoquan Reservoir Near Dam Surface,38.6962667,-77.2828833,RE02S,S35,20.22,1.67,0.220766148,15.71,0.49,0.122804226,0.073031391,13.45,6.47,0.227092204,0.418311676,0.026462551,5.72,0.34,0.155311439,0.199677903,13.63,1.8,0.750538217,2.57,0.088509058,0.070306707,0.037901526,2.18,0.069494062,5.22,0.134051612,0.141277825,0.018302066,0.023054816,0.050452019,0.010258043,0.066950915,0.020840399,0.054774468,0.005623189,0.43351337,0.029813702,0.166635327,0.052077357,43.1,346,3.1,7,0.15,0,1.49,34.4,7.43,6.95,30.4,44.5,22.1,3.1,76.1,93.13783222,75.91883181,14.14127313,3.077727273,10/9/2025,2,55.47,206.47,24.5,9,9,0,0,1,0,1,20.16333333,22.72444444,1145.2,0,16.14,15.193,1.086333333,27.67,1,0.947,3.651023498,10,1,0.37,14.9,21.9,7.9,13.18,1.3,7.24,22.32091691,49.65616046,0.028653295,0.601719198,18.7965616,3.094555874,1.977077364,3.524355301,41.40205003,39.10830765,0.229374238,0.422908752,7.347143574,8.243136693,1.4192531,1.827825962,10/9/2025
25-3146,12:54:55 PM,Ryans Dam Bottom,38.7211833,-77.3512833,RE15B,S30,25.4,3.29,0.221425746,25.07,0.63,0.124602562,0.068165277,15.39,10.43,0.219382894,0.436044218,0.023353607,7.33,0.075776057,0.168535018,0.198058687,18.19,2.5,0.750417808,4.79,0.081162611,0.070046623,0.039027175,1.57,0.070328136,4.88,0.124211263,0.144075115,0.018557569,0.026311925,0.045485947,0.011824965,0.062871754,0.024062147,0.051593603,0.006538303,0.442873134,0.029234516,0.16293934,0.052913695,63.4,577,0.39,7.1,0.66,0.048100655,4.18,52.8,11.4,9.59,44.3,80.8,21.4,7,91.3,123.2198197,101.9249885,18.19535037,3.099480775,10/9/2025,2.13,55.32,201.15,24.64,9,9,0,0,1,0,1,20.22666667,22.85888889,1157.3,0,16.45714286,15.53766667,1.048666667,28.09,1,0.91947619,3.560380151,10,1,0.34,14.9,22,7.7,13.41,1.26,7.335,12.13077144,65.95927732,0,1.03240608,19.78778319,0,0.25810152,0.831660453,12.25542894,72.81588189,0.953200029,2.171576005,11.13738981,0,0.279509783,0.387013545,10/9/2025
25-3137,12:47,Ryans Dam Surface,38.7211833,-77.3512833,RE15S,S30,10.75,0.93,0.220742025,9.62,0.28,0.126107498,0.056924261,6.67,3.46,0.231506216,0.401714994,0.025518802,3.23,0.076943803,0.171792781,0.188866209,3.42,1.2,0.737011113,1.61,0.084056646,0.078011641,0.036440744,0.339359567,0.067639365,3.01,0.120502949,0.13905539,0.018844527,0.026944212,0.050669527,0.01202988,0.065395407,0.025793216,0.053356193,0.005620842,0.401223453,0.031277544,0.87,0.050526818,48,384,9.14,8.3,0.04,0.041016187,1.62,39.3,8.23,7.76,33.6,54.6,22.5,6.4,76.5,48.89387562,37.11555833,8.057863106,3.720454189,10/9/2025,2.13,55.32,201.15,24.64,9,9,0,0,1,0,1,20.22666667,22.85888889,1157.3,0,16.45714286,15.53766667,1.048666667,28.09,1,0.91947619,3.560380151,10,1,0.34,14.9,22,7.7,13.41,1.26,7.335,12.13077144,65.95927732,0,1.03240608,19.78778319,0,0.25810152,0.831660453,12.25542894,72.81588189,0.953200029,2.171576005,11.13738981,0,0.279509783,0.387013545,10/9/2025
25-3161,2:04:59 PM,Bull Run Marina Bottom,38.7416667,-77.3883333,RE30B,S27,33.14,4.42,0.177761095,29.15,1.16,0.122757317,0.070717118,18.8,11.4,0.213306464,0.403667764,0.026172833,6.66,0.31,0.172976714,0.193664048,12.41,2.45,0.785441864,3.53,0.08856593,0.10277268,0.038207502,1.18,0.066708195,4.79,0.115737329,0.139987777,0.017247221,0.021259485,0.050262532,0.012747471,0.069699641,0.026907615,0.057144195,0.005643923,0.485467281,0.028734499,0.175164393,0.050225068,86.1,705,7.69,7.6,0.04,0.02,8.45,73.8,18,11.8,61.2,130,19.7,7,98.9,133.118948,110.7138407,19.26727277,3.137834534,10/9/2025,1.9,53.06,179.75,24.71,7,9,0,0,2,0,2,20.28,22.96111111,1166.5,0,18.71142857,17.117,0.899,30.78,1,1.594428571,3.099842262,10,1,0.33,14.5,22,7,13.9,1.17,7.535,8.366762178,76.07449857,1.06017192,3.266475645,10.0286533,0,0.372492837,0.830945559,13.78593448,68.70026525,5.778191985,3.333572299,7.548928239,0,0.415800416,0.437307334,10/9/2025
25-3155,13:59,Bull Run Marina Surface,38.7416667,-77.3883333,RE30S,S27,36.9,4.19,0.228869161,31.79,1.29,0.118482177,0.065322934,18.96,13.46,0.215034654,0.387703026,0.025370748,7.13,0.45,0.16467606,0.185172317,15.4,1.81,0.703991016,2.83,0.09122261,0.063025971,0.036741727,0.331852524,0.071171676,5.96,0.114709729,0.147636356,0.020496131,0.031055651,0.046808339,0.01231825,0.069650225,0.022975023,0.055068919,0.005896418,0.428437823,0.024216529,0.167353124,0.051148684,86.8,705,8.33,7.8,0.04,0.01,8.32,74.5,18,11.9,61.4,127,20.3,6.7,93.7,144.0564078,119.092337,22.00591554,2.958155217,10/9/2025,1.9,53.06,179.75,24.71,7,9,0,0,2,0,2,20.28,22.96111111,1166.5,0,18.71142857,17.117,0.899,30.78,1,1.594428571,3.099842262,10,1,0.33,14.5,22,7,13.9,1.17,7.535,8.366762178,76.07449857,1.06017192,3.266475645,10.0286533,0,0.372492837,0.830945559,13.78593448,68.70026525,5.778191985,3.333572299,7.548928239,0,0.415800416,0.437307334,10/9/2025
25-3169,2:48:05 PM,Occoquan River at Ravenwood Bridge Bottom,38.7175,-77.394167,RE35B,S32,10.19,0.33,0.223908787,7.42,0.109433078,0.124765746,0.072258676,4.92,3.86,0.221431021,0.465450553,0.023161716,2.42,0.080555857,0.176710931,0.184547096,7.59,1.56,0.703313268,0.365790055,0.081282695,0.071108058,0.042529129,0.335573602,0.070695311,3.25,0.112810278,0.146494814,0.017704715,0.026648247,0.048830782,0.011628539,0.063664937,0.024480814,0.065015333,0.004743371,0.399267875,0.026518156,0.163625351,0.051043651,33.4,269,6.32,7.3,0.02,0.035800427,1.342950401,28.3,3.71,8.28,23.7,26.6,20.1,14.1,74.7,46.05499244,33.94893553,9.060052522,3.046004391,10/9/2025,2.07,54.77,187.38,23.94,7,9,0,0,1,0,1,20.22666667,22.90333333,1161.3,0,17.92571429,16.45466667,0.920666667,29.37,1,1.471047619,3.328539016,10,1,0.25,14.6,22.2,7.1,13.78,1.15,7.465,25.03580636,54.02463478,0.257805786,8.507590948,11.17158407,0,0.773417359,0.229160699,21.37842098,63.43315661,0.644791517,3.70396905,9.413956154,0.00716435,0.472847113,0.945694226,10/9/2025
25-3162,14:43,Occoquan River at Ravenwood Bridge Surface,38.7175,-77.394167,RE35S,S32,10.17,0.31,0.210724549,8.28,0.118694705,0.128616151,0.066001402,5.02,4.94,0.21727199,0.514623997,0.025854115,2.33,0.072244852,0.161357471,0.181536356,8.21,1.32,0.766458304,1.1,0.082321266,0.081092857,0.037000205,0.316515708,0.070390854,2.93,0.111931038,0.152548712,0.017201555,0.027034471,0.049748611,0.011612122,0.062847956,0.020514961,0.04857499,0.006210796,0.456009665,0.028870588,0.168968729,0.054024129,33,272,7.63,7.5,0.03,0.039838203,2.043159129,27.6,3.62,8.1,23,25.5,22.4,10.3,72.6,48.8768031,36.10559887,9.578508378,3.192695857,10/9/2025,2.07,54.77,187.38,23.94,7,9,0,0,1,0,1,20.22666667,22.90333333,1161.3,0,17.92571429,16.45466667,0.920666667,29.37,1,1.471047619,3.328539016,10,1,0.25,14.6,22.2,7.1,13.78,1.15,7.465,25.03580636,54.02463478,0.257805786,8.507590948,11.17158407,0,0.773417359,0.229160699,21.37842098,63.43315661,0.644791517,3.70396905,9.413956154,0.00716435,0.472847113,0.945694226,10/9/2025
25-3177,12:20,UOSA Tributary,38.796984,-77.457145,PF01,S19,49.33,7.21,0.201613664,38.92,1.85,0.12475794,0.073430644,25.34,14.58,0.228399915,0.409581575,0.023887209,8.71,0.083229365,0.176326657,0.192607344,11.47,2.45,0.679876499,2.93,0.090809465,0.078668341,0.038725085,2.15,0.06503469,3.6,0.11867562,0.135373168,0.021918009,0.022504157,0.28,0.014520677,0.069613328,0.025562571,0.052641573,0.004015588,0.462607658,0.029952079,0.167541371,0.057084406,95.1,856,9.16,8.3,0.06,0.01,7.13,69.1,23.6,10.6,67.4,126,18.3,12.2,87.2,172.4689586,148.1734347,21.02931605,3.266207868,10/21/2025,13.1,40.56,126.08,10.95,8,9,1,0,2,0,2,17.96333333,21.42777778,1028.5,0,14.58714286,15.40566667,0.942333333,24.4,0,-0.81852381,2.632797455,10,1,0,11.5,19.6,3.4,16.11,0.57,8.34,53.44431688,29.19058553,2.755453502,9.529276693,4.936854191,0,0.057405281,0.086107922,63.31182796,24.19354839,1.433691756,9.11827957,1.82078853,0,0.086021505,0.035842294,10/21/2025
25-3178,12:15:21 PM,Bull Run above UOSA,38.797717,-77.45866,PF02,S17,19.57,0.134673074,0.211279028,21.87,0.117921546,0.129428717,0.061640731,14.76,6.56,0.216415428,0.41210438,0.023332832,8.53,0.078987294,0.168654998,1.93,10.99,5.35,0.669715488,7.05,0.086203926,0.078315708,0.038903592,0.3336301,0.06843696,5.05,0.123729126,0.139958156,0.019811263,0.023954137,0.04956781,0.013853442,0.062919396,0.028589066,0.057569831,0.007126026,0.435702621,0.026232056,0.150720052,0.051764149,62.8,903,9.3,8,0.03,0.02,0.05,104,3.26,25.3,41.3,229,14,1.2,113.7,105.6811409,83.62439721,17.357862,4.698881719,10/21/2025,13.1,40.56,126.08,10.95,8,9,1,0,2,0,2,17.96333333,21.42777778,1028.5,0,14.58714286,15.40566667,0.942333333,24.4,0,-0.81852381,2.632797455,10,1,0,11.5,19.6,3.4,16.11,0.57,8.34,48.61150873,31.5774406,2.776982537,11.30833095,5.553965073,0,0.057257372,0.114514744,62.57255464,24.81547832,1.59082766,9.10784665,1.820136152,0,0.057327123,0.035829452,10/21/2025
25-3263,12:30,Occ High Dam,38.6938889,-77.2772222,ST01,S37,20.05,1.59,0.218434775,16.03,0.46,0.122552225,0.075270059,11.4,6.9,0.213468652,0.441914336,0.028657656,4.02,0.078816642,0.164699174,0.195289084,9.46,2.01,0.697775579,2.25,0.076469494,0.069703848,0.037148522,1.58,0.070049062,4.9,0.112892496,0.132357045,0.015662579,0.024911787,0.044885221,0.012967786,0.069072648,0.025865171,0.051593269,0.007367667,1.58,0.030101661,1.57,0.051633391,43.1,352,5.78,7.2,0.02,0,1.7,34.6,7.38,7,30.4,44.8,19.9,4.8,76.3,86.86955983,67.0984702,14.18816404,5.582925588,10/21/2025,9.04,32.38,180.2,7.76,7,9,0,0,0,0,0,17.87333333,21.05111111,994.6,0,12.97142857,13.01166667,1.102666667,19.26,0,-0.040238095,2.488535929,10,1,0,12.2,19.9,4.4,16.11,0.74,8.425,22.75329136,39.23869491,0.028620492,0.515168861,15.82713223,17.48712078,1.917572982,2.232398397,45.4512894,35.20773639,0.128939828,0.32234957,7.191977077,8.832378223,1.053008596,1.812320917,10/21/2025
25-3264,11:30,Hooes Run at Old Bridge Rd,38.68,-77.2894444,ST05,S38,19.57,0.135185966,0.224190041,17.06,0.118106687,0.113781844,0.064902058,15.7,12.39,0.221847947,0.426332957,0.024246412,7.5,0.075159422,0.159819367,0.19338022,17.35,3.32,0.77124183,6.05,0.08009982,0.076730382,0.036389595,0.319689692,0.070884035,7.18,0.111374054,0.133694157,0.017811942,0.02525459,0.048196653,0.015472197,0.06425327,0.02110915,0.055165287,0.006699099,0.424905935,0.02687624,0.158518414,0.051160895,42.8,224,8.64,7.2,0.01,0.02,0.29,17,4.13,3.95,27.5,9.23,13.6,1.3,44.7,110.3924802,84.05902955,23.2642922,3.069158414,10/21/2025,8.89,32.01,173.18,7.54,7,9,0,0,0,0,0,17.94,21.11777778,1000.6,0,13.66428571,13.30266667,0.994333333,19.45,0,0.361619048,2.406284454,10,1,0,12.2,20.2,4.1,16.87,0.6,8.735,71.60847167,24.38465942,0.028620492,0.601030338,2.14653692,0,0.973096737,0.25758443,73.80184827,20.96855076,0.007163837,0.788022065,3.481624758,0.107457554,0.51579626,0.3295365,10/21/2025
25-3265,10:00,Lake Jackson,38.7051667,-77.4454833,ST10,S33,10.87,0.132029526,0.204081751,6.93,0.120203761,0.130486401,0.063901761,5.17,4.35,0.209640918,0.37307005,0.02504966,2.56,0.080138101,0.158883383,0.202855136,4.96,1.36,0.813996663,2.01,0.083589316,0.084443714,0.03701074,0.344483144,0.067694236,3.29,0.116026807,0.150212395,0.016608031,0.031472922,0.047793609,0.011696385,0.064903613,0.023812061,0.053688092,0.006696394,0.43645284,0.035195254,0.154602669,0.051424632,40.1,374,9.36,7.6,0.08,0.041007143,0.03,40.8,2.78,11.5,30.9,54.1,16,11.5,102.1,45.83214397,33.36280787,9.397802343,3.071533758,10/21/2025,10.36,40.13,121.73,10.16,8,9,0,0,1,0,1,17.80333333,21.09777778,998.8,0,14.78714286,14.86833333,0.877,23,0,-0.081190476,2.699024773,10,1,0,11.5,19.8,3.2,16.66,0.6,8.63,28.17505721,59.23913043,0.85812357,4.090389016,7.179633867,0,0.257437071,0.200228833,29.30515759,62.84383954,1.568767908,2.944126074,2.908309456,0,0.085959885,0.343839542,10/21/2025
25-3176,12:56:36 PM,Bull Run at Rt 43,38.8030556,-77.4497222,ST45,S15,38.7,4.32,0.218220079,36.62,1.28,0.124800588,0.065667226,20.02,14,0.224257905,0.442611989,0.025303333,7.99,0.080011903,0.161603592,1.03,9.96,3.75,0.659775566,5.95,0.0946726,0.073960338,0.039370761,1.26,0.066894042,4.34,0.112593664,0.142238031,0.019176143,0.027387532,0.047398474,0.016165121,0.066045123,0.025786939,0.056187781,0.004714425,0.444310934,0.028611737,0.166941888,0.053995556,84.3,881,8.58,7.7,0.1,0.03,4.79,80.3,16.3,15.9,58.6,167,16.8,4.4,88.5,152.7087033,126.3622141,22.49806849,3.848420675,10/21/2025,13.1,40.56,126.08,10.95,8,9,1,0,2,0,2,17.96333333,21.42777778,1028.5,0,14.58714286,15.40566667,0.942333333,24.4,0,-0.81852381,2.632797455,10,1,0,11.5,19.6,3.4,16.11,0.57,8.34,42.10074413,40.98454493,3.14825415,7.126502576,6.410990269,0,0.085861477,0.143102461,59.5553962,30.46253137,1.039799211,6.905700968,1.821441377,0,0.179275726,0.035855145,10/21/2025
25-3288,9:33,Occoquan Reservoir Near Dam Bottom,38.6962667,-77.2828833,RE02B,S35,25.54,2.18,0.235727366,22.02,0.66,0.127524027,0.07557406,13.16,7.81,0.212634814,0.476213369,0.024366991,5.14,0.076132908,0.165158435,0.194605094,9.92,2.26,0.757412634,2.74,0.085998096,0.080347226,0.034633869,0.34062966,0.069497071,4.18,0.116402164,0.129733697,0.022152583,0.03166995,0.045940278,0.012853678,0.062036272,0.022588612,0.056904751,0.005656499,0.425867156,0.026240118,0.173113183,0.053602758,52,438,3.47,7.2,0.16,0.003587141,2.14,41.7,8.76,7.99,36.3,59.8,18.5,8.1,97.5,99.75121732,81.9676428,14.62948306,3.154091457,10/23/2025,8.22,32.84,180.66,7.76,7,9,0,0,0,0,0,17.34666667,20.77555556,969.8,0,15.83,13.396,1.024333333,19.26,0,2.434,2.451478053,10,1,0,13.2,19.6,6.7,16.5,1.22,8.86,22.32091691,49.65616046,0.028653295,0.601719198,18.7965616,3.094555874,1.977077364,3.524355301,41.40205003,39.10830765,0.229374238,0.422908752,7.347143574,8.243136693,1.4192531,1.827825962,10/23/2025
25-3274,9:23:08 AM,Occoquan Reservoir Near Dam Surface,38.6962667,-77.2828833,RE02S,S35,23.52,1.92,0.202652713,19.75,0.52,0.125304026,0.061983532,12.11,8,0.226235566,0.41315395,0.023520118,4.41,0.34,0.165707032,0.186182195,7.99,2.33,0.755789839,2.67,0.083441016,0.073472809,0.038191625,1.48,0.068534144,4.8,0.115420991,0.135865639,0.019382639,0.022972296,0.046227768,0.01320676,0.067885173,0.021167062,0.054540617,0.005782124,0.4096908,0.027381646,0.16750199,0.051660099,45.6,362,4.27,7.2,0.02,0,1.7,35.9,7.59,7.16,31.2,47.9,18.9,3.9,101.1,93.42285417,74.63081908,15.77236536,3.019669736,10/23/2025,8.22,32.84,180.66,7.76,7,9,0,0,0,0,0,17.34666667,20.77555556,969.8,0,15.83,13.396,1.024333333,19.26,0,2.434,2.451478053,10,1,0,13.2,19.6,6.7,16.5,1.22,8.86,22.32091691,49.65616046,0.028653295,0.601719198,18.7965616,3.094555874,1.977077364,3.524355301,41.40205003,39.10830765,0.229374238,0.422908752,7.347143574,8.243136693,1.4192531,1.827825962,10/23/2025
25-3323,11:39,Ryans Dam Bottom,38.7211833,-77.3512833,RE15B,S30,31.06,3.53,0.214007024,24.66,0.87,0.114986104,0.055868503,15.43,11.7,0.230745915,0.417366049,0.026238195,5.59,0.31,0.163947986,0.190223951,8.89,2.27,0.661312985,2.76,0.08459454,0.067644798,0.038386612,1.33,0.068056804,4.21,0.126477363,0.137001924,0.018624111,0.026452826,0.66,0.01240497,0.064723317,0.024400838,0.058353348,0.004735782,0.425304975,0.031795143,0.154655037,0.052794788,72.6,610,6.01,7.4,0.34,0.045922823,3.85,62.1,14.3,11.2,51.7,107,17,10.8,103.4,116.7411039,94.39600685,18.79800036,3.547096674,10/23/2025,9.91,37.66,176.03,8.87,8,9,0,0,0,0,0,17.34,20.87111111,978.4,0,15.93142857,13.57233333,0.978666667,19.53,0,2.359095238,2.774762384,10,1,0,13.1,19.7,6.6,16.57,1.12,8.845,12.13077144,65.95927732,0,1.03240608,19.78778319,0,0.25810152,0.831660453,12.25542894,72.81588189,0.953200029,2.171576005,11.13738981,0,0.279509783,0.387013545,10/23/2025
25-3314,11:31:42 AM,Ryans Dam Surface,38.7211833,-77.3512833,RE15S,S30,24.03,2.34,0.210710094,21.53,0.61,0.124906932,0.076819345,14.14,9.29,0.216364165,0.429112697,0.025287547,5.46,0.37,0.161810747,0.191347899,8.59,2.67,0.6878598,3.35,0.083402163,0.084692398,0.037685456,0.329262592,0.070389786,4.51,0.104327667,0.133901983,0.019919424,0.022235264,0.045943606,0.015275499,0.064726166,0.025084507,0.064695867,0.006698788,0.427825507,0.025673063,0.158894993,0.048353316,53.8,429,12.1,8.9,0.02,0.051025813,2.16,44.4,9.46,8.56,38.3,64.6,18,7.5,81.1,100.7832073,80.63524756,17.14956991,2.998389805,10/23/2025,9.91,37.66,176.03,8.87,8,9,0,0,0,0,0,17.34,20.87111111,978.4,0,15.93142857,13.57233333,0.978666667,19.53,0,2.359095238,2.774762384,10,1,0,13.1,19.7,6.6,16.57,1.12,8.845,12.13077144,65.95927732,0,1.03240608,19.78778319,0,0.25810152,0.831660453,12.25542894,72.81588189,0.953200029,2.171576005,11.13738981,0,0.279509783,0.387013545,10/23/2025
25-3338,12:46,Bull Run Marina Bottom,38.7416667,-77.3883333,RE30B,S27,29.75,3.64,0.215594007,26.84,1.01,0.120381333,0.0682855,16.66,11.24,0.233205998,0.461059632,0.025918106,7.19,0.078548693,0.17106335,0.190178921,11.05,3.59,0.688283278,4.39,0.084362687,0.080131412,0.038772208,0.342734609,0.071162779,5.09,0.123109595,0.157449251,0.017450543,0.023709076,0.56,0.012735967,0.058672835,0.026872339,0.050251088,0.006541359,0.450361563,0.030811872,0.91,0.047041472,77.8,680,7.54,7.1,0.06,0.02,3.54,78.7,13.3,15.9,53.3,151,15.6,7.8,110.5,125.7946895,101.1284772,20.32987895,4.336333325,10/23/2025,11.5,40.41,150.71,11.18,9,9,1,0,2,0,2,17.31333333,20.93111111,983.8,0,17.09714286,14.884,0.852666667,22.53,0,2.213142857,2.714995969,10,1,0,12.8,19.9,5.7,17.03,0.75,8.89,8.366762178,76.07449857,1.06017192,3.266475645,10.0286533,0,0.372492837,0.830945559,13.78593448,68.70026525,5.778191985,3.333572299,7.548928239,0,0.415800416,0.437307334,10/23/2025
25-3332,12:39:21 PM,Bull Run Marina Surface,38.7416667,-77.3883333,RE30S,S27,39.99,3.9,0.220270317,32.21,1.21,0.133310512,0.068534354,21.33,12.69,0.218181198,0.450977776,0.024204495,6.9,0.079541992,0.157599902,0.187504413,10.82,3.48,0.678597573,4.16,0.087324483,0.082872759,0.036042178,0.334810238,0.059301846,4.5,0.125591684,0.136582185,0.019603164,0.02444774,0.77,0.014228345,0.059058389,0.02426049,0.058443349,0.006710977,0.419956644,0.033530462,0.173645817,0.049725455,89.0019457,656.7802839,9.049901294,7.668210105,1.484991069,0.184115723,4.944465304,61.46467467,11.21427624,13.1057624,51.60266526,93.1474461,19.19179416,25.87241283,99.81585567,145.9248587,121.1223514,21.06245613,3.740051207,10/23/2025,11.5,40.41,150.71,11.18,9,9,1,0,2,0,2,17.31333333,20.93111111,983.8,0,17.09714286,14.884,0.852666667,22.53,0,2.213142857,2.714995969,10,1,0,12.8,19.9,5.7,17.03,0.75,8.89,8.366762178,76.07449857,1.06017192,3.266475645,10.0286533,0,0.372492837,0.830945559,13.78593448,68.70026525,5.778191985,3.333572299,7.548928239,0,0.415800416,0.437307334,10/23/2025
25-3346,13:27,Occoquan River at Ravenwood Bridge Bottom,38.7175,-77.3941667,RE35B,S31,13.67,0.132612635,0.217798771,7.43,0.115175448,0.124998035,0.071445817,6.99,4.83,0.229917331,0.456079056,0.027640305,4.2,0.079908948,0.169256704,0.183239603,4.31,1.62,0.655552514,3,0.084618978,0.079376954,0.038292211,0.345513239,0.068431257,2.96,0.112722664,0.149365183,0.020004579,0.029545336,0.57,0.016360079,0.066165876,0.021100682,0.057678684,0.004242318,0.433180918,0.027575102,0.170324423,0.054456845,36,291,6.93,7.4,0.04,0.041148863,0.14,31.5,3.86,9.16,25.7,35.3,16.2,10.4,80.4,53.82258049,40.45941388,9.813241071,3.549925542,10/23/2025,10.59,38.87,161.07,9.74,8,9,0,0,0,0,0,17.28333333,20.88444444,979.6,0,16.78857143,14.42466667,0.865333333,20.98,0,2.363904762,2.694689652,10,1,0,12.8,19.9,5.8,17.07,0.79,8.93,25.03580636,54.02463478,0.257805786,8.507590948,11.17158407,0,0.773417359,0.229160699,21.37842098,63.43315661,0.644791517,3.70396905,9.413956154,0.00716435,0.472847113,0.945694226,10/23/2025
25-3339,13:20,Occoquan River at Ravenwood Bridge Surface,38.7175,-77.3941667,RE35S,S31,13.85,0.71,0.225964224,10.19,0.119264027,0.131814669,0.074958227,6.71,5.7,0.203079543,0.506658323,0.02223927,2.4,0.082955702,0.171281219,0.185958224,5.59,1.84,0.704235371,3.05,0.083221458,0.077203963,0.035443585,2.28,0.06433519,2.97,0.128606081,0.146491422,0.017556103,0.027162995,0.41,0.015064152,0.059454479,0.023323805,0.056622911,0.005226833,0.469708581,0.033133233,0.158811965,0.049680464,34.9,293,8.34,7.6,0.05,0.047714814,0.19,30.2,3.73,8.84,24.7,29.7,17.3,10.6,87.2,59.57945602,45.17111049,10.90607875,3.502266783,10/23/2025,10.59,38.87,161.07,9.74,8,9,0,0,0,0,0,17.28333333,20.88444444,979.6,0,16.78857143,14.42466667,0.865333333,20.98,0,2.363904762,2.694689652,10,1,0,12.8,19.9,5.8,17.07,0.79,8.93,25.03580636,54.02463478,0.257805786,8.507590948,11.17158407,0,0.773417359,0.229160699,21.37842098,63.43315661,0.644791517,3.70396905,9.413956154,0.00716435,0.472847113,0.945694226,10/23/2025
